time_s,radius_cm,Cmax,Ccenter,Csurface,Tcenter_C,Tsurface_C
0.0,2.0,2.55,2.55,2.55,28.0,28.0
60.0,1.995766666666667,2.5500000000000034,2.549999999999998,2.080537458714683,28.000000000002654,28.074842166682483
120.0,1.9915333333333334,2.5500000000000056,2.5500000000000007,1.923566082347613,28.00000033424615,28.223854673521338
180.0,1.9873000000000003,2.550000000000004,2.5499999999999994,1.81618430025882,28.000032620883154,28.394042888342796
240.0,1.9830666666666668,2.550000000000006,2.5500000000000025,1.7334234984604466,28.000405223353916,28.55846456057158
300.0,1.9788333333333334,2.5500000000000056,2.5500000000000003,1.66627095049004,28.00208818921613,28.78856308687456
360.0,1.9746,2.550000000000007,2.5500000000000007,1.6099315400874865,28.006672524736114,29.020530937008015
420.0,1.9703666666666668,2.5500000000000083,2.5500000000000016,1.5614161287773571,28.015913231867863,29.26033644541298
480.0,1.9661333333333333,2.5500000000000083,2.549999999999999,1.5188292235896448,28.031501826374665,29.479695692287926
540.0,1.9619000000000002,2.55000000000001,2.550000000000001,1.481121408549348,28.055069518312852,29.732563151179175
600.0,1.9576666666666667,2.5500000000000087,2.5500000000000007,1.4475042629901065,28.087991496823815,29.993644171919577
660.0,1.9534333333333334,2.550000000000007,2.5500000000000056,1.4173512234047634,28.131206289748327,30.2890007926118
720.0,1.9491999999999998,2.5500000000000083,2.5500000000000065,1.3900333247361603,28.185267189968556,30.568624094978567
780.0,1.9449666666666667,2.5500000000000087,2.550000000000007,1.3651017735548088,28.250582586159496,30.859535758639975
840.0,1.9407333333333332,2.5500000000000096,2.550000000000007,1.3422149428971435,28.327551963664966,31.133758427123954
900.0,1.9365,2.5500000000000114,2.550000000000008,1.3210263288211272,28.4165277248883,31.40362758472304
960.0,1.9322666666666668,2.5500000000000105,2.550000000000007,1.3015103989761898,28.51766771955036,31.703004275360417
1020.0,1.9280333333333333,2.5500000000000114,2.550000000000009,1.283383234683827,28.63087648086708,31.976802647147807
1080.0,1.9238000000000002,2.5500000000000127,2.550000000000008,1.266687919601882,28.7557954694125,32.300969835713694
1140.0,1.9195666666666666,2.5500000000000114,2.55000000000001,1.2512326943244696,28.891991254000835,32.609287408588315
1200.0,1.9153333333333336,2.550000000000013,2.5500000000000114,1.2367942917425658,29.039052171714093,32.919534605451496
1260.0,1.9111,2.550000000000013,2.5500000000000123,1.223173677729134,29.196662254559662,33.20486272365651
1320.0,1.9068666666666667,2.550000000000011,2.550000000000009,1.2104829717484968,29.364660206401695,33.53243542835946
1380.0,1.9026333333333332,2.5500000000000105,2.5500000000000105,1.1987024151518773,29.54282746118467,33.849672767942266
1440.0,1.8984,2.550000000000011,2.5500000000000074,1.187509534542491,29.730763067407327,34.15207813336938
1500.0,1.8941666666666666,2.5500000000000114,2.5500000000000096,1.1767724018944372,29.928037811708887,34.41875257214498
1560.0,1.8899333333333335,2.5500000000000105,2.550000000000008,1.166605339070675,30.134339353330027,34.71417985178762
1620.0,1.8857,2.5500000000000105,2.55000000000001,1.1569597473556552,30.349245155112506,34.98660496551575
1680.0,1.8814666666666666,2.55000000000001,2.5500000000000083,1.1477794624235624,30.57202650989728,35.271682799807515
1740.0,1.8772333333333335,2.5500000000000096,2.5500000000000065,1.1392639742202568,30.801819396315842,35.59478432250474
1800.0,1.873,2.5500000000000105,2.550000000000008,1.131296723142292,31.03782716908854,35.90983176944387
1860.0,1.8703666666666667,2.5500000000000105,2.5500000000000105,1.1236560531891489,31.279172355611514,36.22773115901087
1920.0,1.8677333333333335,2.550000000000011,2.550000000000008,1.1161851100465716,31.52533117979634,36.49238222877435
1980.0,1.8651,2.5500000000000087,2.5500000000000074,1.1089030933096042,31.776290684276347,36.76534743028886
2040.0,1.8624666666666667,2.55000000000001,2.550000000000009,1.1019651052371524,32.03202170554079,37.0514283087103
2100.0,1.8598333333333334,2.5500000000000105,2.5500000000000105,1.0952617247420888,32.29213430562878,37.31523965316286
2160.0,1.8572000000000002,2.550000000000007,2.5500000000000056,1.0887734778504465,32.55590636562971,37.577073668520974
2220.0,1.854566666666667,2.5500000000000056,2.5500000000000056,1.0826509928842034,32.82267194623729,37.866612934993825
2280.0,1.8519333333333332,2.5500000000000043,2.550000000000004,1.0767631420669712,33.09184382371623,38.13062285841047
2340.0,1.8493,2.5500000000000034,2.550000000000003,1.0711125856657457,33.3628611656686,38.42250342895823
2400.0,1.8466666666666667,2.550000000000001,2.5500000000000007,1.0657010106019869,33.635376547895696,38.68797396960799
2460.0,1.8440333333333332,2.549999999999994,2.549999999999994,1.0605250773772357,33.90920132587098,38.975242148082664
2520.0,1.8414,2.549999999999961,2.549999999999961,1.0555577154868172,34.18423604103982,39.2425043843958
2580.0,1.8387666666666667,2.5499999999998995,2.5499999999998995,1.0506201223289147,34.460412087063894,39.47328361769518
2640.0,1.8361333333333334,2.5499999999997387,2.5499999999997387,1.0458891820049816,34.73765025482618,39.74734029427929
2700.0,1.8335000000000001,2.549999999999368,2.549999999999368,1.0413797300363492,35.01579625127467,40.01080785107843
2760.0,1.8308666666666666,2.54999999999853,2.54999999999853,1.036888368924115,35.29441153589905,40.231538972126636
2820.0,1.8282333333333334,2.5499999999967065,2.5499999999967065,1.0324276170816753,35.57310589308502,40.449272210698766
2880.0,1.8256000000000001,2.549999999992866,2.549999999992866,1.0281645895590188,35.85168941351888,40.70249618813853
2940.0,1.8229666666666668,2.549999999985024,2.549999999985024,1.0239908395166493,36.129750360889595,40.90589525534798
3000.0,1.8203333333333336,2.549999999969489,2.549999999969489,1.0197955993379377,36.406674923156494,41.116337798659025
3060.0,1.8177000000000003,2.549999999939565,2.549999999939565,1.0157302205469976,36.68207073528767,41.31702229054967
3120.0,1.8150666666666668,2.54999999988346,2.54999999988346,1.0118883904361848,36.95559325935493,41.57905217510252
3180.0,1.8124333333333333,2.549999999780886,2.549999999780886,1.0082763155661283,37.22677902873304,41.81363205269667
3240.0,1.8097999999999999,2.5499999995977976,2.5499999995977976,1.0046955878222175,37.49530513795021,42.034919478358496
3300.0,1.8071666666666666,2.549999999278389,2.549999999278389,1.0011955718967618,37.76136060936448,42.255540791359486
3360.0,1.8045333333333333,2.5499999987330906,2.5499999987330906,0.997675068386502,38.02541185900093,42.44318166415848
3420.0,1.8019,2.5499999978211227,2.5499999978211227,0.9941809520140557,38.28768790369903,42.64068143956167
3480.0,1.7992666666666668,2.5499999963254933,2.5499999963254933,0.9906703943467514,38.54815188757253,42.8043418929581
3540.0,1.7966333333333333,2.5499999939179374,2.5499999939179374,0.9871535418477697,38.80647492516556,42.97203221720319
3600.0,1.794,2.549999990110652,2.549999990110652,0.9838143787960413,39.062172666766564,43.18941326722783
3660.0,1.7909666666666668,2.5499999841895105,2.5499999841895105,0.9806253758129402,39.31471397914277,43.376577396141
3720.0,1.7879333333333334,2.5499999751257323,2.5499999751257323,0.9774676750498633,39.56365532926864,43.56151651381578
3780.0,1.7849,2.549999961462643,2.549999961462643,0.9744341193993707,39.809052429181904,43.757480876520454
3840.0,1.7818666666666667,2.5499999411663925,2.5499999411663925,0.9714170642766031,40.051212489990654,43.93201682014386
3900.0,1.7788333333333333,2.5499999114368204,2.5499999114368204,0.9683824010066652,40.29032429032351,44.094512923830656
3960.0,1.7758,2.5499998684701257,2.5499998684701257,0.965390331130029,40.52655711393023,44.256947375953786
4020.0,1.7727666666666666,2.54999980716511,2.54999980716511,0.9623605104574794,40.75993434344517,44.39698038365688
4080.0,1.7697333333333336,2.5499997207648857,2.5499997207648857,0.9592615478947171,40.990245474589685,44.51870969618958
4140.0,1.7667000000000002,2.549999600425921,2.549999600425921,0.9562840093262429,41.21718177690671,44.6828422026959
4200.0,1.763666666666667,2.5499994347065327,2.5499994347065327,0.9533683291173964,41.440296000883656,44.82326483132664
4260.0,1.7606333333333335,2.549999208968943,2.549999208968943,0.9504703924705102,41.65907467716214,44.97528992263898
4320.0,1.7576,2.5499989046861518,2.5499989046861518,0.9477450545267693,41.87340020987322,45.15856531563474
4380.0,1.7545666666666668,2.5499984986440403,2.5499984986440403,0.9449657020229668,42.08343166810599,45.272950078117994
4440.0,1.7515333333333334,2.5499979620352162,2.5499979620352162,0.9420477015253703,42.289480552037034,45.37499429356697
4500.0,1.7485,2.549997259434914,2.549997259434914,0.939199724574157,42.492062695152114,45.50784537840509
4560.0,1.7454666666666667,2.549996347664619,2.549996347664619,0.9364415807850835,42.69116960432845,45.639471325466516
4620.0,1.7424333333333333,2.5499951745701575,2.5499951745701575,0.9337611022000637,42.88626030873187,45.794891651703956
4680.0,1.7394,2.5499936776992342,2.5499936776992342,0.9311592237693403,43.07707957129278,45.92804505426971
4740.0,1.7363666666666666,2.5499917828555607,2.5499917828555607,0.9285811677203794,43.26383534433815,46.070431919332975
4800.0,1.7333333333333332,2.5499894025329315,2.5499894025329315,0.9259891927956917,43.44704784575991,46.193643941024305
4860.0,1.7303,2.549986434245926,2.549986434245926,0.9233182322270536,43.62717814667314,46.28987564661945
4920.0,1.7272666666666665,2.5499827587914305,2.5499827587914305,0.9207234849869279,43.80450171243566,46.424347972873925
4980.0,1.7242333333333333,2.5499782384600023,2.5499782384600023,0.9180878417724312,43.97899404985711,46.49741526521123
5040.0,1.7212,2.549972715258742,2.549972715258742,0.9153107226634056,44.15032585458109,46.56526745690024
5100.0,1.7181666666666668,2.5499660091127967,2.5499660091127967,0.9125720383569645,44.318288034126866,46.65351673075672
5160.0,1.7151333333333334,2.5499579160910817,2.5499579160910817,0.9099973836568199,44.48236819246863,46.79685744879338
5220.0,1.7121000000000002,2.54994820684187,2.54994820684187,0.9074821120256737,44.64183749107995,46.899848054386716
5280.0,1.7090666666666667,2.549936625007315,2.549936625007315,0.9048352115127714,44.79658134385462,46.968267075993104
5340.0,1.7060333333333333,2.5499228853327267,2.5499228853327267,0.9022539646280198,44.94735826601115,47.07318139917838
5400.0,1.703,2.5499066717445555,2.5499066717445555,0.8996461865269986,45.094750327839925,47.14437793145942
5460.0,1.7004,2.5498876412381075,2.5498876412381075,0.897106565640607,45.2386397459919,47.26226501420924
5520.0,1.6978,2.549865420956901,2.549865420956901,0.894607265305212,45.378941560103385,47.34889839733324
5580.0,1.6952000000000003,2.549839601003552,2.549839601003552,0.8919975538059502,45.515700093754475,47.42329889083344
5640.0,1.6926,2.5498097371882453,2.5498097371882453,0.8893952573323759,45.649272126282135,47.49343116947345
5700.0,1.69,2.5497753499867652,2.5497753499867652,0.8868353776959047,45.77990237278442,47.59308351637804
5760.0,1.6874,2.549735924283379,2.549735924283379,0.8843070903005035,45.90744415715693,47.66138379325224
5820.0,1.6848,2.54969090945553,2.54969090945553,0.8816468198651474,46.031761596484635,47.70475656150577
5880.0,1.6822,2.5496397190564366,2.5496397190564366,0.8790106739817534,46.15303610519913,47.76097789580661
5940.0,1.6795999999999998,2.549581730736225,2.549581730736225,0.8765313649032777,46.271209707990764,47.89326889979699
6000.0,1.677,2.5495162876312985,2.5495162876312985,0.8742059363301081,46.38581430590556,47.99709602197108
6060.0,1.6744,2.5494426995610184,2.5494426995610184,0.8717888977730576,46.496858470094736,48.062959038432474
6120.0,1.6718,2.5493602413646963,2.5493602413646963,0.8692259710107507,46.60545804242616,48.09126765881031
6180.0,1.6691999999999998,2.5492681506825208,2.5492681506825208,0.8667607670109193,46.71258142091085,48.192186017402165
6240.0,1.6666,2.5491656300152092,2.5491656300152092,0.86437668758594,46.81805905218064,48.26617172575507
6300.0,1.6640000000000001,2.549051851504668,2.549051851504668,0.8619386164204531,46.92118633786097,48.32404760189618
6360.0,1.6614,2.5489259584331503,2.5489259584331503,0.8594030874481722,47.02204350898938,48.359936544623565
6420.0,1.6587999999999998,2.548787064019419,2.548787064019419,0.8568253568439893,47.120887910572264,48.38783811351751
6480.0,1.6562000000000001,2.548634254070004,2.548634254070004,0.8541902471596671,47.217475331503344,48.41092167400924
6540.0,1.6536000000000002,2.548466592164562,2.548466592164562,0.8517413608000572,47.31114792512016,48.5126107797064
6600.0,1.651,2.548283125069269,2.548283125069269,0.8493135363964402,47.40118843120495,48.55868831477578
6660.0,1.6483999999999999,2.5480828856106563,2.5480828856106563,0.8467746515684059,47.48747227809726,48.576560845117335
6720.0,1.6458,2.547864888633416,2.547864888633416,0.8442377591779922,47.57090570213991,48.615598769968784
6780.0,1.6432000000000002,2.5476281289329314,2.5476281289329314,0.8417812591373465,47.65188350911274,48.68137874410585
6840.0,1.6406,2.547371590190145,2.547371590190145,0.8392961376002673,47.73000860719581,48.703350792999
6900.0,1.638,2.5470942504734504,2.5470942504734504,0.8368994597300058,47.805226148701564,48.787349573131586
6960.0,1.6354,2.5467950797951024,2.5467950797951024,0.834589324362382,47.87791875877625,48.85041398326825
7020.0,1.6328000000000003,2.5464730408738063,2.5464730408738063,0.8322202414059883,47.948347578068926,48.89659994938075
7080.0,1.6302,2.5461270879449405,2.5461270879449405,0.8297958916270521,48.01726864406325,48.91626026921293
7140.0,1.6276,2.5457561628326544,2.5457561628326544,0.8273921690335138,48.08525436811018,48.95930893369863
7200.0,1.625,2.5453592025787404,2.5453592025787404,0.8249784404259082,48.15212774921784,48.99853105551261
7260.0,1.6238,2.544935528634425,2.544935528634425,0.8225150347554503,48.21725394141801,49.04048274319224
7320.0,1.6226,2.544484571264714,2.544484571264714,0.8199236313315562,48.280361659174474,49.03100689041936
7380.0,1.6214,2.5440054489052573,2.5440054489052573,0.8173359443488946,48.34150613808827,49.06381423460928
7440.0,1.6202,2.543497300385703,2.543497300385703,0.8147196513820993,48.40051592686171,49.067451925000135
7500.0,1.619,2.542959296616857,2.542959296616857,0.8121493242499893,48.45677116557111,49.115989353543554
7560.0,1.6178000000000001,2.5423906453739122,2.5423906453739122,0.8096130680163393,48.51006191497183,49.14539132712559
7620.0,1.6166,2.5417905863357793,2.5417905863357793,0.8069904375303271,48.560476990354225,49.15368505225407
7680.0,1.6154000000000002,2.54115838301337,2.54115838301337,0.8043738230172622,48.60861140329449,49.16516538701171
7740.0,1.6142,2.540493316690259,2.540493316690259,0.801847831281417,48.65481082807457,49.224178037678854
7800.0,1.6130000000000002,2.5397946986635884,2.5397946986635884,0.7992869428169596,48.69889283046285,49.23483349502384
7860.0,1.6118000000000001,2.5390618760836077,2.5390618760836077,0.7968117844190459,48.740962110315046,49.311053898590515
7920.0,1.6106000000000003,2.538294216495124,2.538294216495124,0.7943834971636656,48.7816672979615,49.3421185470909
7980.0,1.6094000000000002,2.537491102138586,2.537491102138586,0.7918391889775974,48.821478181183004,49.344285225168925
8040.0,1.6082000000000003,2.5366519241911964,2.5366519241911964,0.7893188390707475,48.86116404408347,49.37725912956409
8100.0,1.6070000000000002,2.5357760841120727,2.5357760841120727,0.7867815700434462,48.90071051166462,49.358883275056826
8160.0,1.6058,2.5348630244970667,2.5348630244970667,0.7843134814135507,48.93944923202068,49.43352345766307
8220.0,1.6046,2.533912237506494,2.533912237506494,0.7818941756616379,48.97689024306406,49.452003722181814
8280.0,1.6034,2.5329232646419713,2.5329232646419713,0.7794696149713535,49.012759949458214,49.48979475089689
8340.0,1.6022,2.5318956701508886,2.5318956701508886,0.776956144556529,49.04782215170371,49.46343706786598
8400.0,1.601,2.530829022155576,2.530829022155576,0.7744443363332405,49.08245137082087,49.48570314052005
8460.0,1.5998,2.5297229151710976,2.5297229151710976,0.7720033670038978,49.116374690246104,49.51188796246246
8520.0,1.5986,2.5285770009645683,2.5285770009645683,0.7696283766622584,49.148740303625885,49.57081840211606
8580.0,1.5974000000000002,2.527390989560098,2.527390989560098,0.7672457480381907,49.17947047089968,49.58258902202834
8640.0,1.5962,2.526164609028955,2.526164609028955,0.7648244572123033,49.209262039144136,49.58387523961464
8700.0,1.5950000000000002,2.5248975781299183,2.5248975781299183,0.7623503225073437,49.23890607697207,49.57505236138115
8760.0,1.5938,2.523589625392208,2.523589625392208,0.7598854763671797,49.268207362628466,49.58101909062826
8820.0,1.5926000000000002,2.522240534661983,2.522240534661983,0.7574416350234808,49.2963850746079,49.607736268498726
8880.0,1.5914000000000001,2.5208501605625333,2.5208501605625333,0.7550619589425953,49.322792100966375,49.62177201157537
8940.0,1.5902000000000003,2.519418409859453,2.519418409859453,0.7525951914204768,49.34745435773636,49.59648917222845
9000.0,1.5890000000000002,2.5179452048250393,2.5179452048250393,0.7502490547942628,49.37086592100602,49.66428894224216
9060.0,1.5877666666666668,2.516430447835263,2.516430447835263,0.7480731638476236,49.39304981608205,49.72160839948074
9120.0,1.5865333333333336,2.514874076623662,2.514874076623662,0.7457487087116267,49.413988318410674,49.68895938490559
9180.0,1.5853000000000002,2.5132760460340284,2.5132760460340284,0.7433574765564032,49.43501884320427,49.707488917974274
9240.0,1.584066666666667,2.511636255846245,2.511636255846245,0.7409937897753558,49.456760276412076,49.690120417912524
9300.0,1.5828333333333333,2.5099546436510543,2.5099546436510543,0.7386992527114455,49.478213539458466,49.729084375687286
9360.0,1.5816000000000001,2.5082312285122756,2.5082312285122756,0.7363926025174122,49.4986958655367,49.72645490596978
9420.0,1.5803666666666667,2.5064660866194703,2.5064660866194703,0.7341075114269588,49.51795459415312,49.7568711889873
9480.0,1.5791333333333335,2.504659311165585,2.504659311165585,0.7318981172953533,49.53640352136065,49.78856955981933
9540.0,1.5779,2.5028109946689607,2.5028109946689607,0.7296920001349966,49.55426086541755,49.813360784610815
9600.0,1.5766666666666669,2.5009212268586682,2.5009212268586682,0.7274088099186984,49.57203515132701,49.773669602356414
9660.0,1.5754333333333335,2.498990073262908,2.498990073262908,0.7251784893454357,49.59019989543008,49.82258156196002
9720.0,1.5742000000000003,2.497017605590124,2.497017605590124,0.7229154781683013,49.60836767527836,49.80177218066333
9780.0,1.5729666666666666,2.495003970553016,2.495003970553016,0.7205797730379384,49.62572361716924,49.767488529524805
9840.0,1.5717333333333334,2.4929493561514255,2.4929493561514255,0.7183319089723418,49.642393009769265,49.798524294901405
9900.0,1.5705,2.4908539847111917,2.4908539847111917,0.7160997397012646,49.65768114829249,49.805942747885034
9960.0,1.5692666666666668,2.488718166654023,2.488718166654023,0.7139575536812488,49.67105972070658,49.84940924136841
10020.0,1.5680333333333334,2.486542222426895,2.486542222426895,0.7118395491597596,49.68325689063334,49.879113047635705
10080.0,1.5668000000000002,2.484326419749845,2.484326419749845,0.7096745285395964,49.695147732221606,49.85355649682069
10140.0,1.5655666666666668,2.4820709580452847,2.4820709580452847,0.7075433733259872,49.7076929844713,49.896262545250856
10200.0,1.5643333333333336,2.4797759927582517,2.4797759927582517,0.7053890108917935,49.72090769406487,49.87144327214054
10260.0,1.5631000000000002,2.4774417290262227,2.4774417290262227,0.7031622708153433,49.73414909547319,49.872905897717224
10320.0,1.5618666666666667,2.475068409786161,2.475068409786161,0.7009923917182989,49.74732209232436,49.85769392717193
10380.0,1.5606333333333335,2.4726563229485428,2.4726563229485428,0.6988713271076151,49.75974348046746,49.90880128924783
10440.0,1.5594000000000001,2.4702058289009723,2.4702058289009723,0.696730039212323,49.77097380446991,49.87638639702166
10500.0,1.5581666666666667,2.4677173165453397,2.4677173165453397,0.6944736480180971,49.78125501929813,49.84057672022688
10560.0,1.5569333333333335,2.4651911303401457,2.4651911303401457,0.6923353313285359,49.7912014817615,49.85960775299522
10620.0,1.5557,2.4626276355929995,2.4626276355929995,0.6903241656784864,49.79994841272374,49.923994918591966
10680.0,1.5544666666666667,2.4600273057664075,2.4600273057664075,0.6883945241720627,49.80692795242417,49.95476486844955
10740.0,1.5532333333333335,2.4573905928613167,2.4573905928613167,0.686396277218457,49.81342130837189,49.9589407170439
10800.0,1.552,2.4547177767038044,2.4547177767038044,0.6843667696962454,49.821241440906064,49.97744909041922
10860.0,1.5506,2.45200872062987,2.45200872062987,0.68237448232747,49.83078468229072,49.993643368807334
10920.0,1.5492000000000001,2.44926328961495,2.44926328961495,0.6803388099349869,49.841512621278056,49.971686400287076
10980.0,1.5478,2.4464816838611783,2.4464816838611783,0.6782655994118277,49.85305763521597,49.94130945763029
11040.0,1.5464,2.443664149757316,2.443664149757316,0.6762732882472828,49.86479406846952,49.96743850685094
11100.0,1.545,2.440811045928161,2.440811045928161,0.6742992921301167,49.87547141481961,49.97746795812472
11160.0,1.5436,2.4379228558329173,2.4379228558329173,0.6722980404942978,49.88456386093304,49.955384496085536
11220.0,1.5422,2.435000051261053,2.435000051261053,0.6701895662357297,49.89280816377714,49.91741251525735
11280.0,1.5408000000000002,2.4320430440864773,2.4320430440864773,0.6682200696251004,49.900389124964434,49.95475720255361
11340.0,1.5394,2.4290522960527245,2.4290522960527245,0.6662768800075574,49.90650826674189,49.93787633096445
11400.0,1.538,2.4260283568720036,2.4260283568720036,0.6643677461551065,49.910979707741646,49.98306097980936
11460.0,1.5366000000000002,2.422971725318327,2.422971725318327,0.6624334316368384,49.9147239930366,49.9535712860944
11520.0,1.5352000000000001,2.4198828169825735,2.4198828169825735,0.660402306902666,49.91833876352079,49.91908557837714
11580.0,1.5338,2.4167619730874357,2.4167619730874357,0.6584599231900489,49.9222910214864,49.9670259324469
11640.0,1.5324,2.4136095707114382,2.4136095707114382,0.6565234221114958,49.92556975829832,49.93801181007266
11700.0,1.5310000000000001,2.4104261002025,2.4104261002025,0.6545133383608395,49.92790833658907,49.91590897696451
11760.0,1.5296,2.4072119964083547,2.4072119964083547,0.6526231650690413,49.93006507710859,49.945052621292746
11820.0,1.5282,2.403967682955889,2.403967682955889,0.6508486498833338,49.931475246301424,49.98893768560959
11880.0,1.5268,2.4006936498164273,2.4006936498164273,0.6489781293592901,49.93212720860497,49.95251790015095
11940.0,1.5254,2.3973902931517466,2.3973902931517466,0.6470539074679393,49.93335522108648,49.93746212020417
12000.0,1.524,2.3940578616886588,2.3940578616886588,0.6452051009567097,49.935609696489585,49.97630734591758
12060.0,1.5226,2.390696670911619,2.390696670911619,0.6434840113064249,49.937674415079776,50.018942640284585
12120.0,1.5211999999999999,2.3873071472980936,2.3873071472980936,0.6416742206510365,49.93947027368355,50.00039644894803
12180.0,1.5198,2.383889613826402,2.383889613826402,0.6397551868562704,49.94234657729519,49.95520343723673
12240.0,1.5184000000000002,2.3804442454588433,2.3804442454588433,0.6378243528176081,49.94668496409283,49.91862487524027
12300.0,1.5170000000000001,2.3769713026190744,2.3769713026190744,0.6359523025797962,49.95088306594172,49.91771839761031
12360.0,1.5156,2.373471303197953,2.373471303197953,0.6340846575930396,49.95311288789259,49.908577968713885
12420.0,1.5142,2.3699449370281704,2.3699449370281704,0.632273387945817,49.95292335133281,49.94992873135083
12480.0,1.5128000000000001,2.3663928680294153,2.3663928680294153,0.630485402689843,49.95105198751344,49.92577864118972
12540.0,1.5114,2.362815630281444,2.362815630281444,0.6286633801673565,49.94870549183293,49.940533457770876
12600.0,1.51,2.359213581310888,2.359213581310888,0.6269777369128082,49.94686251109591,49.971607973151436
12660.0,1.5089,2.3555877573799187,2.3555877573799187,0.6252692720843076,49.945351081172866,49.978715133072285
12720.0,1.5078,2.3519391918843446,2.3519391918843446,0.6234423724556292,49.94474195518934,49.94703895533704
12780.0,1.5067000000000002,2.3482681000223087,2.3482681000223087,0.6216745370895915,49.94555269716626,49.983455144836775
12840.0,1.5056,2.344574702339925,2.344574702339925,0.6199856751927095,49.94705551214796,50.002666656359594
12900.0,1.5045000000000002,2.340859341753207,2.340859341753207,0.618322624874896,49.94867453794832,50.01301395899676
12960.0,1.5034,2.3371223254123805,2.3371223254123805,0.6165308575437504,49.95122007871804,49.96536734260414
13020.0,1.5023,2.3333638591746273,2.3333638591746273,0.6146891785750442,49.95494182478996,49.93439828733665
13080.0,1.5012,2.329584197816277,2.329584197816277,0.6129923731684267,49.958770465435755,49.99361413897766
13140.0,1.5001,2.3257838293647795,2.3257838293647795,0.611307667479143,49.960963172699614,49.98323525146834
13200.0,1.4989999999999999,2.3219633681402825,2.3219633681402825,0.6095148523847229,49.96195538487701,49.960918924073276
13260.0,1.4979,2.3181232235315523,2.3181232235315523,0.6078049927134225,49.96333123587624,49.96811792422441
13320.0,1.4968000000000001,2.3142637105212085,2.3142637105212085,0.6061191186550697,49.96467520619526,49.98998931893704
13380.0,1.4957,2.310385243563421,2.310385243563421,0.6045121705252204,49.96548361575799,50.030000436523665
13440.0,1.4946000000000002,2.306488223592911,2.306488223592911,0.6028400759422007,49.96637758650086,49.992982001342305
13500.0,1.4935,2.3025729053329234,2.3025729053329234,0.6011816241071584,49.96844426876934,50.02647975762905
13560.0,1.4924,2.298639431034245,2.298639431034245,0.599487390996564,49.97164976818523,49.97104807286306
13620.0,1.4913,2.294688046691197,2.294688046691197,0.597729061948863,49.97509081132356,49.97998255094623
13680.0,1.4902,2.2907190831876285,2.2907190831876285,0.5960940896151762,49.97821231749613,50.00028665427777
13740.0,1.4890999999999999,2.286733021778145,2.286733021778145,0.5943876630349024,49.979968799281586,49.96030280576925
13800.0,1.488,2.282730368994267,2.282730368994267,0.5926389187277544,49.98107817561176,49.93657620565413
13860.0,1.4869,2.278711521541461,2.278711521541461,0.5909432011435721,49.98168700420355,49.95109762017621
13920.0,1.4858,2.2746769705711607,2.2746769705711607,0.5893785745614589,49.980770055651256,50.01046600920884
13980.0,1.4847000000000001,2.2706272916934904,2.2706272916934904,0.5878258966575213,49.97857476797766,50.01180485998545
14040.0,1.4836,2.2665628748249116,2.2665628748249116,0.5862712470667294,49.977034858026926,50.03997385966391
14100.0,1.4825,2.2624837932462065,2.2624837932462065,0.5847426552849816,49.9776121089019,50.05000603114726
14160.0,1.4814,2.2583900275759943,2.2583900275759943,0.5831515053963547,49.98017153102301,50.023856614118074
14220.0,1.4803,2.254281580918279,2.254281580918279,0.5815744541578989,49.98449577044914,50.038598222250734
14280.0,1.4792,2.250158547356957,2.250158547356957,0.5799148876124989,49.9894865695271,49.98039165587146
14340.0,1.4781,2.24602121667873,2.24602121667873,0.5781942508041955,49.99409689256375,49.94917313109066
14400.0,1.477,2.2418700045790203,2.2418700045790203,0.5766171660898812,49.99742784522206,50.00205712870574
14460.0,1.476,2.2377058295609507,2.2377058295609507,0.5750584871882203,49.99802145953328,49.99275127189742
14520.0,1.475,2.23352967940015,2.23352967940015,0.5734916871367677,49.99683408245628,49.994910086583246
14580.0,1.474,2.229341983388812,2.229341983388812,0.5719277673627108,49.99563512476356,49.99632004160603
14640.0,1.473,2.225142987293416,2.225142987293416,0.5703681869979859,49.99488642395044,49.997298781656944
14700.0,1.472,2.220932908841439,2.220932908841439,0.5688135856331904,49.994544788257684,49.99802250025024
14760.0,1.471,2.2167119771361503,2.2167119771361503,0.5672643058652832,49.99449389265546,49.99858477939937
14820.0,1.47,2.212480435544286,2.212480435544286,0.5657205555127311,49.9946341076677,49.99904000405644
14880.0,1.469,2.208238537796907,2.208238537796907,0.5641824698660021,49.99489378328697,49.999421877835395
14940.0,1.468,2.2039865438493003,2.2039865438493003,0.5626501392084696,49.995224412172824,49.999752046703364
15000.0,1.467,2.199724716714143,2.199724716714143,0.561123622962762,49.99559403320815,50.00004468517843
15060.0,1.466,2.195453320257719,2.195453320257719,0.5596029581101051,49.995981917142934,50.00030919086707
15120.0,1.465,2.191172617723772,2.191172617723772,0.5580881647944077,49.99637479427622,50.000551861099474
15180.0,1.464,2.186882870763561,2.186882870763561,0.5565792503173755,49.996764297921914,50.000776966468045
15240.0,1.463,2.182584338806846,2.182584338806846,0.5550762120917677,49.99714526509509,50.000987447300005
15300.0,1.4620000000000002,2.178277278659495,2.178277278659495,0.5535790398637639,49.997514616881766,50.001185368099186
15360.0,1.461,2.173961944250609,2.173961944250609,0.552087717400425,49.99787062398182,50.00137221477189
15420.0,1.46,2.169638586478184,2.169638586478184,0.550602223778086,49.998212426148214,50.0015490892216
15480.0,1.459,2.1653074531194596,2.1653074531194596,0.5491225343706058,49.99853971836258,50.00171683681154
15540.0,1.4580000000000002,2.1609687887838143,2.1609687887838143,0.5476486216112386,49.998852546250255,50.00187612989982
15600.0,1.4569999999999999,2.1566228348935623,2.1566228348935623,0.5461804555834565,49.99915117299176,50.00202752263316
15660.0,1.456,2.152269829683044,2.152269829683044,0.5447180044823452,49.99943599294642,50.002171486935815
15720.0,1.455,2.1479100082097506,2.1479100082097506,0.5432612349778128,49.99970747579841,50.00230843620811
15780.0,1.4540000000000002,2.1435436023732413,2.1435436023732413,0.5418101125030657,49.999966130592604,50.002438740980075
15840.0,1.4529999999999998,2.1391708409392223,2.1391708409392223,0.5403646014859333,50.00021248274677,50.00256273932498
15900.0,1.452,2.1347919495668717,2.1347919495668717,0.5389246655362278,50.00044705948489,50.00268074382436
15960.0,1.451,2.1304071508383466,2.1304071508383466,0.5374902675990562,50.00067038075995,50.00279304629697
16020.0,1.4500000000000002,2.1260166642895713,2.1260166642895713,0.5360613700815732,50.00088295372141,50.002899921054315
16080.0,1.4489999999999998,2.121620706441892,2.121620706441892,0.5346379349587985,50.00108526948047,50.00300162718915
16140.0,1.448,2.11721949083417,2.11721949083417,0.5332199238628496,50.001277801348465,50.00309841023441
16200.0,1.447,2.1128132280551672,2.1128132280551672,0.5318072981588202,50.0014610040212,50.00319050339756
16260.0,1.4462333333333335,2.108402837443622,2.108402837443622,0.5303919417973832,50.001635285952034,50.00327816647735
16320.0,1.4454666666666667,2.1039892376198406,2.1039892376198406,0.5289762188263932,50.00180104238845,50.00336157601433
16380.0,1.4446999999999999,2.0995726340176586,2.0995726340176586,0.5275626775013611,50.001958680899996,50.0034409190017
16440.0,1.4439333333333333,2.09515322876789,2.09515322876789,0.5261521787157535,50.00210859195514,50.00351638462385
16500.0,1.4431666666666667,2.0907312208387236,2.0907312208387236,0.5247451938564865,50.00225114794795,50.003588155649446
16560.0,1.4424,2.086306806077293,2.086306806077293,0.5233420220785069,50.00238670312486,50.003656407346256
16620.0,1.4416333333333333,2.0818801772509503,2.0818801772509503,0.5219428682130423,50.00251559440022,50.00372130734389
16680.0,1.4408666666666667,2.0774515240882114,2.0774515240882114,0.5205478788608149,50.00263814235198,50.0037830157619
16740.0,1.4401000000000002,2.0730210333192636,2.0730210333192636,0.5191571617596156,50.002754652162814,50.00384168543072
16800.0,1.4393333333333334,2.068588888716126,2.068588888716126,0.5177707972421993,50.002865414469554,50.003897462154974
16860.0,1.4385666666666665,2.0641552711324587,2.0641552711324587,0.5163888455078057,50.00297070612168,50.00395048498865
16920.0,1.4378,2.0597203585429753,2.0597203585429753,0.5150113514889514,50.00307079087418,50.004000886514895
16980.0,1.4370333333333334,2.0552843260825,2.0552843260825,0.5136383482478163,50.00316592003047,50.00404879312454
17040.0,1.4362666666666666,2.0508473460847028,2.0508473460847028,0.5122698594278766,50.003256333035196,50.00409432528558
17100.0,1.4355,2.0464095881204454,2.0464095881204454,0.5109059010736356,50.003342258033825,50.00413759781283
17160.0,1.4347333333333334,2.041971219035766,2.041971219035766,0.5095464830132791,50.00342391240266,50.004178720115156
17220.0,1.4339666666666666,2.0375324029895343,2.0375324029895343,0.5081916099304317,50.00350150324932,50.00421779644346
17280.0,1.4332,2.033093301490723,2.033093301490723,0.5068412822093141,50.003575227887254,50.00425492612656
17340.0,1.4324333333333332,2.0286540734353213,2.0286540734353213,0.5054954966112527,50.00364527429042,50.0042902037957
17400.0,1.4316666666666666,2.024214875142872,2.024214875142872,0.5041542468233622,50.00371182152451,50.004323719598396
17460.0,1.4308999999999998,2.019775860392653,2.019775860392653,0.5028175239087475,50.00377504015854,50.00435555940765
17520.0,1.4301333333333333,2.0153371804594555,2.0153371804594555,0.5014853166797415,50.0038350926578,50.00438580501619
17580.0,1.4293666666666667,2.0108989841489775,2.0108989841489775,0.5001576120102172,50.00389213376025,50.00441453432762
17640.0,1.4286,2.006461417832808,2.006461417832808,0.4988343950990829,50.00394631083138,50.00444182153315
17700.0,1.4278333333333333,2.0020246254830014,2.0020246254830014,0.49751564969429085,50.00399776420992,50.00446773728738
17760.0,1.4270666666666665,1.9975887487062045,1.9975887487062045,0.4962013582845408,50.004046627531594,50.00449234886872
17820.0,1.4263,1.9931539267773446,1.9931539267773446,0.49489150226439016,50.00409302804034,50.00451572033953
17880.0,1.4255333333333333,1.988720296672829,1.988720296672829,0.4935860620772286,50.004137086887994,50.00453791269364
17940.0,1.4247666666666665,1.98428799310331,1.98428799310331,0.4922850173397471,50.00417891941765,50.004558984000504
18000.0,1.424,1.9798571485459076,1.9798571485459076,0.49098834695078003,50.004218635433084,50.00457898954187
18060.0,1.4230999999999998,1.9754274785338475,1.9754274785338475,0.4897004212824373,50.00425634289819,50.004597977313225
18120.0,1.4222,1.970998697114202,1.970998697114202,0.4884199106371998,50.004292144032405,50.004616001728984
18180.0,1.4213,1.9665709310678523,1.9665709310678523,0.4871453858988103,50.0043261323917,50.00463311219855
18240.0,1.4203999999999999,1.9621443052616956,1.9621443052616956,0.485876335106159,50.00435839688814,50.00464935440416
18300.0,1.4195,1.9577189426170778,1.9577189426170778,0.4846124575970297,50.00438902222512,50.00466477152861
18360.0,1.4185999999999999,1.9532949641353676,1.9532949641353676,0.4833535459673495,50.0044180891763,50.00467940454842
18420.0,1.4177,1.9488724889231965,1.9488724889231965,0.4820994437998188,50.00444567475319,50.0046932923986
18480.0,1.4168,1.9444516342172722,1.9444516342172722,0.48085002611526617,50.004471852342505,50.004706472096636
18540.0,1.4159,1.9400325154088618,1.9400325154088618,0.4796051889072988,50.00449669184988,50.004718978850384
18600.0,1.415,1.9356152460679257,1.9356152460679257,0.4783648429689838,50.00452025983524,50.00473084615254
18660.0,1.4141,1.9311999379669411,1.9311999379669411,0.47712890998876833,50.0045426196602,50.00474210586256
18720.0,1.4131999999999998,1.9267867011043887,1.9267867011043887,0.47589731994814655,50.004563831629575,50.00475278829333
18780.0,1.4123,1.9223756437279784,1.9223756437279784,0.47467000931394887,50.004583953127195,50.004762922281444
18840.0,1.4114,1.917966872357579,1.917966872357579,0.4734469197401702,50.00460303875292,50.00477253526135
18900.0,1.4104999999999999,1.9135604918079125,1.9135604918079125,0.4722279971097801,50.004621140449494,50.00478165332981
18960.0,1.4096,1.9091566052109643,1.9091566052109643,0.4710131908110317,50.0046383076279,50.00479030131203
19020.0,1.4086999999999998,1.9047553140382172,1.9047553140382172,0.469802453180039,50.004654587288,50.00479850281977
19080.0,1.4078,1.9003567181226175,1.9003567181226175,0.4685957390641218,50.00467002413089,50.00480628031258
19140.0,1.4069,1.8959609156803583,1.8959609156803583,0.4673930054746334,50.004684660665376,50.0048136551493
19200.0,1.406,1.8915680033324824,1.8915680033324824,0.46619421130733474,50.00469853731719,50.004820647641104
19260.0,1.4051,1.8871780761262467,1.8871780761262467,0.4649993171145469,50.004711692524936,50.00482727710384
19320.0,1.4042,1.8827912275563758,1.8827912275563758,0.4638082849175469,50.004724162833774,50.00483356190228
19380.0,1.4033,1.8784075495860848,1.8784075495860848,0.46262107805064984,50.00473598298998,50.004839519497736
19440.0,1.4024,1.8740271326680076,1.8740271326680076,0.4614376610305127,50.004747186023216,50.00484516649043
19500.0,1.4015,1.869650065764928,1.869650065764928,0.4602579994457147,50.00475780333045,50.00485051866228
19560.0,1.4005999999999998,1.8652764363703853,1.8652764363703853,0.45908205986279166,50.00476786475449,50.00485559101195
19620.0,1.3997,1.8609063305291675,1.8609063305291675,0.4579098097457577,50.00477739865827,50.00486039779753
19680.0,1.3988,1.8565398328576708,1.8565398328576708,0.45674121738671714,50.00478643199665,50.0048649525698
19740.0,1.3979,1.8521770265641144,1.8521770265641144,0.455576251845722,50.00479499038331,50.004869268207
19800.0,1.397,1.847817993468691,1.847817993468691,0.454414882898318,50.004803098157055,50.00487335694437
19860.0,1.3962333333333334,1.8434632295246298,1.8434632295246298,0.45325287387252206,50.00481077772913,50.004877231338526
19920.0,1.3954666666666666,1.839113227490034,1.839113227490034,0.45209144871410356,50.00481805051101,50.00488090154791
19980.0,1.3946999999999998,1.8347680626215894,1.8347680626215894,0.4509319264860771,50.004824937623304,50.00488437772151
20040.0,1.3939333333333332,1.8304278087246686,1.8304278087246686,0.44977474766691483,50.00483145915193,50.00488766977423
20100.0,1.3931666666666667,1.826092538233138,1.826092538233138,0.4486201505301843,50.00483763415133,50.004890787181616
20160.0,1.3924,1.8217623222311772,1.8217623222311772,0.44746828426152396,50.00484348067908,50.004893738966
20220.0,1.3916333333333333,1.8174372304748803,1.8174372304748803,0.44631924947679913,50.00484901585132,50.004896533709534
20280.0,1.3908666666666667,1.81311733141365,1.81311733141365,0.4451731169676717,50.004854255899275,50.004899179566024
20340.0,1.3901000000000001,1.8088026922113427,1.8088026922113427,0.44402993774293864,50.004859216216516,50.004901684279844
20400.0,1.3893333333333333,1.804493378767164,1.804493378767164,0.44288974895631217,50.00486391140651,50.00490405520671
20460.0,1.3885666666666665,1.800189455736284,1.800189455736284,0.44175257765874204,50.004868355325726,50.004906299327004
20520.0,1.3878,1.7958909865502115,1.7958909865502115,0.44061844330236744,50.004872561120784,50.00490842326881
20580.0,1.3870333333333333,1.7915980334368502,1.7915980334368502,0.43948735948201223,50.004876541265666,50.004910433321555
20640.0,1.3862666666666668,1.7873106574402853,1.7873106574402853,0.43835933518749415,50.004880307594426,50.00491233545371
20700.0,1.3855,1.7830289184402366,1.7830289184402366,0.4372343757292424,50.00488387133523,50.004914135329074
20760.0,1.3847333333333334,1.7787528751712465,1.7787528751712465,0.4361124834383823,50.0048872431407,50.00491583832064
20820.0,1.3839666666666668,1.7744825852414896,1.7744825852414896,0.4349936582067131,50.00489043311585,50.004917449526964
20880.0,1.3832,1.7702181051513177,1.7702181051513177,0.4338778979102584,50.00489345084605,50.004918973783006
20940.0,1.3824333333333334,1.7659594903114335,1.7659594903114335,0.4327651987463969,50.0048963054228,50.00492041567691
21000.0,1.3816666666666666,1.761706795060762,1.761706795060762,0.4316555555056559,50.00489900546994,50.00492177955873
21060.0,1.3809,1.7574600726839662,1.7574600726839662,0.43054896179333063,50.00490155916589,50.0049230695548
21120.0,1.3801333333333334,1.753219375428637,1.753219375428637,0.4294454102120171,50.00490397426652,50.004924289579435
21180.0,1.3793666666666669,1.7489847545221295,1.7489847545221295,0.42834489251329744,50.00490625812523,50.004925443342195
21240.0,1.3786,1.7447562601880464,1.7447562601880464,0.42724739972482156,50.00490841771539,50.00492653436293
21300.0,1.3778333333333332,1.7405339416623826,1.7405339416623826,0.42615292225753615,50.00491045964816,50.004927565976836
21360.0,1.3770666666666667,1.7363178472093006,1.7363178472093006,0.42506144999676954,50.004912390191144,50.004928541347276
21420.0,1.3763,1.7321080241365492,1.7321080241365492,0.42397297238005704,50.004914215285645,50.00492946347289
21480.0,1.3755333333333333,1.7279045188105107,1.7279045188105107,0.42288747846399477,50.0049159405646,50.00493033519567
21540.0,1.3747666666666667,1.7237073766708908,1.7237073766708908,0.42180495698195375,50.00491757136578,50.0049311592097
21600.0,1.374,1.71951664224506,1.71951664224506,0.4207253963941227,50.00491911274823,50.004931938068694
21660.0,1.3734,1.7153328663323821,1.7153328663323821,0.41964375858988007,50.00492056933562,50.00493267440861
21720.0,1.3728,1.711156595231314,1.711156595231314,0.4185615351898052,50.0049219455377,50.00493337031088
21780.0,1.3722,1.7069878657339739,1.7069878657339739,0.4174803254749292,50.00492324572416,50.004934027866874
21840.0,1.3716000000000002,1.7028267136484703,1.7028267136484703,0.4164006768885568,50.00492447403826,50.00493464912601
21900.0,1.371,1.6986731738841896,1.6986731738841896,0.41532289433171427,50.00492563439982,50.00493523603911
21960.0,1.3704,1.694527280466164,1.694527280466164,0.41424717550847384,50.00492673051076,50.00493579046247
22020.0,1.3698,1.690389066549124,1.690389066549124,0.41317365942668927,50.00492776587024,50.004936314157135
22080.0,1.3692000000000002,1.6862585644312447,1.6862585644312447,0.41210244885376585,50.00492874378851,50.00493680878997
22140.0,1.3686,1.6821358055675852,1.6821358055675852,0.41103362235910684,50.004929667393235,50.0049372759433
22200.0,1.368,1.6780208205832354,1.6780208205832354,0.4099672414340993,50.00493053964642,50.004937717112604
22260.0,1.3674,1.6739136392862486,1.6739136392862486,0.4089033550078601,50.00493136335192,50.00493813371556
22320.0,1.3668000000000002,1.669814290680299,1.669814290680299,0.40784200246770386,50.00493214115933,50.00493852709465
22380.0,1.3662,1.665722802977115,1.665722802977115,0.4067832157656742,50.004932875579655,50.00493889851932
22440.0,1.3656000000000001,1.6616392036087115,1.6616392036087115,0.40572702093811125,50.0049335689874,50.00493924919174
22500.0,1.365,1.6575635192394391,1.6575635192394391,0.4046734392327786,50.004934223629505,50.004939580250166
22560.0,1.3644,1.6534957757778215,1.6534957757778215,0.4036224879646903,50.004934841633265,50.00493989276867
22620.0,1.3638000000000001,1.6494359983882416,1.6494359983882416,0.4025741811790279,50.00493542500905,50.00494018776933
22680.0,1.3632,1.6453842115024577,1.6453842115024577,0.4015285301735027,50.00493597566241,50.00494046621397
22740.0,1.3626,1.6413404388309691,1.6413404388309691,0.4004855439161864,50.00493649539427,50.00494072901483
22800.0,1.362,1.6373047033742345,1.6373047033742345,0.3994452293841361,50.00493698590816,50.00494097703338
22860.0,1.3614000000000002,1.6332770274337076,1.6332770274337076,0.3984075918410314,50.00493744881582,50.00494121108604
22920.0,1.3608,1.6292574326228075,1.6292574326228075,0.3973726350671792,50.00493788564205,50.004941431945575
22980.0,1.3602,1.6252459398776335,1.6252459398776335,0.39634036155182306,50.00493829782902,50.00494164034122
23040.0,1.3596000000000001,1.621242569467632,1.621242569467632,0.3953107726552777,50.004938686740566,50.00494183696269
23100.0,1.3590000000000002,1.6172473410060126,1.6172473410060126,0.3942838687466718,50.004939053667044,50.00494202246331
23160.0,1.3584,1.6132602734600585,1.6132602734600585,0.39325964932175644,50.004939399827485,50.00494219746077
23220.0,1.3578000000000001,1.609281385161236,1.609281385161236,0.3922381131042864,50.00493972637563,50.00494236253849
23280.0,1.3572000000000002,1.6053106938151407,1.6053106938151407,0.39121925813378405,50.004940034401685,50.00494251824824
23340.0,1.3566000000000003,1.6013482165112327,1.6013482165112327,0.39020308184188796,50.004940324938175,50.00494266511247
23400.0,1.356,1.5973939697324075,1.5973939697324075,0.3891895811191037,50.00494059895858,50.00494280362371
23460.0,1.3553666666666666,1.593447872449144,1.593447872449144,0.3881797100451241,50.00494085739096,50.00494293424096
23520.0,1.3547333333333336,1.589509843887721,1.589509843887721,0.38717317665216494,50.00494110111042,50.00494305741202
23580.0,1.3541,1.585579899962134,1.585579899962134,0.38616966923115154,50.0049413309395,50.00494317355797
23640.0,1.3534666666666668,1.5816580560339004,1.5816580560339004,0.38516907642286813,50.00494154765286,50.00494328307117
23700.0,1.3528333333333333,1.577744326906981,1.577744326906981,0.3841713327873904,50.00494175198421,50.00494338632425
23760.0,1.3522,1.573838726835985,1.573838726835985,0.38317639302322637,50.00494194462759,50.00494348366879
23820.0,1.3515666666666668,1.5699412695342856,1.5699412695342856,0.38218422275160074,50.004942126238426,50.00494357543625
23880.0,1.3509333333333333,1.566051968181964,1.566051968181964,0.3811947942652247,50.004942297436294,50.00494366194076
23940.0,1.3503,1.5621708354336534,1.5621708354336534,0.38020808425986957,50.0049424588073,50.00494374347828
24000.0,1.3496666666666668,1.558297883426277,1.558297883426277,0.3792240725018242,50.0049426109045,50.004943820328506
24060.0,1.3490333333333333,1.554433123786677,1.554433123786677,0.3782427409894093,50.00494275425136,50.00494389275618
24120.0,1.3484,1.5505765676391863,1.5505765676391863,0.37726407339738954,50.00494288934083,50.00494396101089
24180.0,1.3477666666666668,1.5467282256130817,1.5467282256130817,0.37628805469366927,50.004943016640155,50.0049440253287
24240.0,1.3471333333333333,1.542888107850005,1.542888107850005,0.37531467086616294,50.004943136591535,50.00494408593258
24300.0,1.3465,1.5390562240113153,1.5390562240113153,0.3743439087229275,50.00494324960875,50.00494414303283
24360.0,1.3458666666666668,1.5352325832853877,1.5352325832853877,0.3733757557426375,50.00494335608746,50.00494419682802
24420.0,1.3452333333333333,1.5314171943948558,1.5314171943948558,0.3724101999606021,50.0049434563971,50.004944247506046
24480.0,1.3446,1.5276100656038454,1.5276100656038454,0.3714472298804597,50.004943550889394,50.004944295244414
24540.0,1.3439666666666668,1.5238112047251242,1.5238112047251242,0.37048683440479907,50.00494363989496,50.00494434021095
24600.0,1.3433333333333333,1.5200206191272472,1.5200206191272472,0.36952900277998413,50.00494372372691,50.004944382562364
24660.0,1.3427,1.5162383157416592,1.5162383157416592,0.3685737245517845,50.004943802681055,50.00494442244868
24720.0,1.3420666666666667,1.5124643010697705,1.5124643010697705,0.36762098952935035,50.00494387703478,50.00494446001084
24780.0,1.3414333333333333,1.508698581189985,1.508698581189985,0.36667078775569406,50.0049439470528,50.00494449538188
24840.0,1.3408,1.504941161764723,1.504941161764723,0.3657231094833239,50.00494401298157,50.00494452868688
24900.0,1.3401666666666665,1.5011920480473868,1.5011920480473868,0.36477794515396655,50.00494407505551,50.004944560044486
24960.0,1.3395333333333335,1.4974512448893227,1.4974512448893227,0.3638352853815819,50.00494413349697,50.004944589566236
25020.0,1.3389,1.4937187567467143,1.4937187567467143,0.3628951209380469,50.00494418851462,50.004944617358255
25080.0,1.3382666666666665,1.4899945876874858,1.4899945876874858,0.36195744274101255,50.00494424030474,50.00494464351914
25140.0,1.3376333333333335,1.4862787413981413,1.4862787413981413,0.36102224184354326,50.0049442890532,50.00494466814359
25200.0,1.337,1.4825712211905786,1.4825712211905786,0.3600895094252346,50.00494433493581,50.0049446913194
25260.0,1.3364666666666667,1.4788723063931255,1.4788723063931255,0.3591564927421232,50.004944378114104,50.004944713135316
25320.0,1.3359333333333332,1.4751822732835373,1.4751822732835373,0.35822401219024946,50.00494441874291,50.004944733664594
25380.0,1.3354,1.4715011202662174,1.4715011202662174,0.35729294082412444,50.00494445696984,50.00494475298201
25440.0,1.3348666666666666,1.4678288453595607,1.4678288453595607,0.3563635757641008,50.004944492935586,50.00494477115648
25500.0,1.3343333333333334,1.4641654462414981,1.4641654462414981,0.3554360816196836,50.00494452677141,50.00494478825556
25560.0,1.3337999999999999,1.460510920256503,1.460510920256503,0.35451056455397656,50.00494455860232,50.00494480434085
25620.0,1.3332666666666666,1.456865264422486,1.456865264422486,0.35358709880136585,50.00494458854427,50.004944819470666
25680.0,1.3327333333333333,1.453228475437626,1.453228475437626,0.35266573893240566,50.00494461670996,50.00494483370131
25740.0,1.3322,1.4496005496871058,1.4496005496871058,0.35174652642298215,50.00494464320027,50.0049448470859
25800.0,1.3316666666666666,1.4459814832497426,1.4459814832497426,0.3508294935326521,50.004944668115165,50.004944859673195
25860.0,1.3311333333333333,1.4423712719045332,1.4423712719045332,0.34991466576035785,50.00494469154563,50.00494487151065
25920.0,1.3306,1.4387699111370937,1.4387699111370937,0.34900206348395724,50.00494471357893,50.00494488264134
25980.0,1.3300666666666667,1.435177396145977,1.435177396145977,0.34809170310136,50.00494473429805,50.00494489310745
26040.0,1.3295333333333332,1.4315937218489097,1.4315937218489097,0.3471835978518925,50.00494475377899,50.00494490294743
26100.0,1.329,1.4280188828889004,1.4280188828889004,0.34627775842413105,50.004944772095115,50.004944912198205
26160.0,1.3284666666666667,1.4244528736402327,1.4244528736402327,0.34537419341630454,50.004944789314834,50.00494492089531
26220.0,1.3279333333333332,1.4208956882143728,1.4208956882143728,0.3444729096920054,50.00494480550163,50.00494492907044
26280.0,1.3274,1.4173473204657192,1.4173473204657192,0.34357391265975873,50.00494482071753,50.00494493675515
26340.0,1.3268666666666666,1.41380776399728,1.41380776399728,0.34267720649604144,50.00494483502053,50.004944943977954
26400.0,1.3263333333333334,1.4102770121661958,1.4102770121661958,0.34178279432554,50.004944848462806,50.004944950765896
26460.0,1.3257999999999999,1.4067550580891601,1.4067550580891601,0.34089067836854026,50.00494486109681,50.00494495714484
26520.0,1.3252666666666666,1.4032418946477305,1.4032418946477305,0.34000086006269237,50.00494487296895,50.00494496313919
26580.0,1.3247333333333333,1.399737514493491,1.399737514493491,0.33911334016454964,50.004944884125536,50.004944968772
26640.0,1.3242,1.3962419100530965,1.3962419100530965,0.3382281188349452,50.00494489460892,50.00494497406478
26700.0,1.3236666666666665,1.3927550735331922,1.3927550735331922,0.3373451957113298,50.00494490445865,50.00494497903712
26760.0,1.3231333333333333,1.3892769969251895,1.3892769969251895,0.33646456996948304,50.00494491371245,50.00494498370893
26820.0,1.3226,1.3858076720099017,1.3858076720099017,0.3355862403764892,50.00494492240624,50.004944988097016
26880.0,1.3220666666666667,1.3823470903620596,1.3823470903620596,0.33471020533648227,50.00494493057255,50.00494499221918
26940.0,1.3215333333333332,1.378895243354666,1.378895243354666,0.3338364629303529,50.00494493824404,50.004944996090934
27000.0,1.321,1.3754521221632179,1.3754521221632179,0.33296501095037934,50.00494494544984,50.004944999727286
27060.0,1.3206666666666667,1.3720182370735874,1.3720182370735874,0.33209061464741807,50.0049449522162,50.004945003144215
27120.0,1.3203333333333334,1.3685940923851867,1.3685940923851867,0.33121486332308286,50.00494495856849,50.00494500635208
27180.0,1.32,1.3651796704227415,1.3651796704227415,0.3303394379845174,50.004944964532655,50.00494500936493
27240.0,1.3196666666666665,1.361774953281815,1.361774953281815,0.32946491835953184,50.00494497013273,50.004945012192785
27300.0,1.3193333333333332,1.3583799229052087,1.3583799229052087,0.3285916307018981,50.004944975389414,50.00494501484755
27360.0,1.319,1.3549945610869438,1.3549945610869438,0.32771978933572443,50.004944980323955,50.00494501733991
27420.0,1.3186666666666667,1.3516188494760901,1.3516188494760901,0.3268495473337575,50.004944984956175,50.004945019678736
27480.0,1.3183333333333334,1.3482527695805302,1.3482527695805302,0.32598101996071044,50.004944989304505,50.00494502187361
27540.0,1.3179999999999998,1.3448963027705851,1.3448963027705851,0.32511429723371016,50.00494499338521,50.00494502393434
27600.0,1.3176666666666665,1.341549430282601,1.341549430282601,0.32424945134140615,50.00494499721607,50.00494502586751
27660.0,1.3173333333333335,1.3382121332223997,1.3382121332223997,0.32338654134477407,50.004945000810835,50.00494502768245
27720.0,1.317,1.334884392568714,1.334884392568714,0.32252561631818505,50.00494500418477,50.00494502938467
27780.0,1.3166666666666667,1.3315661891765131,1.3315661891765131,0.32166671753784665,50.00494500735115,50.00494503098194
27840.0,1.3163333333333331,1.3282575037803042,1.3282575037803042,0.3208098800588815,50.004945010322125,50.00494503248059
27900.0,1.316,1.32495831699735,1.32495831699735,0.31995513388398944,50.00494501310969,50.004945033887076
27960.0,1.3156666666666668,1.3216686093308696,1.3216686093308696,0.31910250484999475,50.00494501572593,50.00494503520641
28020.0,1.3153333333333332,1.3183883611731706,1.3183883611731706,0.318252015313968,50.0049450181797,50.00494503644385
28080.0,1.315,1.3151175528087609,1.3151175528087609,0.3174036846934682,50.0049450204825,50.00494503760461
28140.0,1.3146666666666667,1.3118561644174083,1.3118561644174083,0.31655752989836855,50.00494502264267,50.004945038693634
28200.0,1.3143333333333334,1.3086041760771607,1.3086041760771607,0.3157135656806325,50.00494502466841,50.00494503971492
28260.0,1.314,1.305361567767334,1.305361567767334,0.3148718049209622,50.0049450265691,50.00494504067288
28320.0,1.3136666666666665,1.3021283193714488,1.3021283193714488,0.31403225886619796,50.00494502835181,50.00494504157154
28380.0,1.3133333333333335,1.2989044106801206,1.2989044106801206,0.31319493732778236,50.004945030023904,50.00494504241358
28440.0,1.313,1.2956898213938923,1.2956898213938923,0.3123598488490985,50.004945031591696,50.00494504320431
28500.0,1.3126666666666666,1.2924845311259934,1.2924845311259934,0.31152700084764545,50.00494503306233,50.00494504394486
28560.0,1.3123333333333334,1.2892885194050487,1.2892885194050487,0.31069639973669677,50.00494503444177,50.00494504463945
28620.0,1.312,1.2861017656776754,1.2861017656776754,0.3098680510300681,50.004945035735446,50.00494504529071
28680.0,1.3116666666666668,1.2829242493110231,1.2829242493110231,0.30904195943287166,50.00494503694728,50.00494504590145
28740.0,1.3113333333333332,1.279755949595204,1.279755949595204,0.30821812892057376,50.00494503808435,50.00494504647358
28800.0,1.311,1.2765968457456318,1.2765968457456318,0.30739656280818695,50.00494503915059,50.004945047010146
28860.0,1.3106,1.2734467569286896,1.2734467569286896,0.3065789190955195,50.0049450401494,50.004945047513324
28920.0,1.3102,1.270305504134306,1.270305504134306,0.3057646926122621,50.004945041086906,50.00494504798505
28980.0,1.3098,1.2671730690771494,1.2671730690771494,0.30495335149382224,50.004945041965016,50.00494504842672
29040.0,1.3094,1.264049433415874,1.264049433415874,0.30414471269586085,50.00494504278884,50.00494504884106
29100.0,1.3090000000000002,1.2609345787326725,1.2609345787326725,0.3033386729991114,50.004945043560994,50.00494504922894
29160.0,1.3086,1.2578284865350484,1.2578284865350484,0.30253516418075427,50.00494504428406,50.00494504959254
29220.0,1.3082,1.2547311382575386,1.2547311382575386,0.30173413699382595,50.00494504496188,50.004945049933475
29280.0,1.3077999999999999,1.2516425152633792,1.2516425152633792,0.3009355537754436,50.00494504559808,50.00494505025294
29340.0,1.3074000000000001,1.2485625988461522,1.2485625988461522,0.3001393845001033,50.004945046193406,50.004945050552394
29400.0,1.307,1.2454913702313875,1.2454913702313875,0.2993456044586676,50.00494504675201,50.004945050833
29460.0,1.3066,1.2424288105781736,1.2424288105781736,0.298554192795618,50.00494504727418,50.004945051096065
29520.0,1.3062,1.2393749009807336,1.2393749009807336,0.2977651315378275,50.00494504776432,50.004945051341736
29580.0,1.3058,1.2363296224700202,1.2363296224700202,0.2969784049228517,50.00494504822272,50.004945051572356
29640.0,1.3054,1.233292956015316,1.233292956015316,0.29619399891887366,50.00494504865275,50.00494505178862
29700.0,1.305,1.2302648825258418,1.2302648825258418,0.29541190087226976,50.004945049056204,50.00494505199098
29760.0,1.3046,1.2272453828523853,1.2272453828523853,0.2946320992429764,50.00494504943368,50.00494505218046
29820.0,1.3042,1.2242344377889434,1.2242344377889434,0.2938545834019561,50.00494504978717,50.00494505235828
29880.0,1.3037999999999998,1.2212320280744111,1.2212320280744111,0.2930793434736374,50.00494505011827,50.00494505252419
29940.0,1.3034000000000001,1.218238134394263,1.218238134394263,0.29230637021158495,50.00494505042785,50.00494505267959
30000.0,1.303,1.2152527373822992,1.2152527373822992,0.2915356548991647,50.004945050717694,50.004945052825704
30060.0,1.3026,1.21227581762239,1.21227581762239,0.2907671892693068,50.004945050989726,50.004945052962576
30120.0,1.3022,1.2093073556502696,1.2093073556502696,0.29000096543905834,50.00494505124452,50.00494505309052
30180.0,1.3018,1.206347331955347,1.206347331955347,0.28923697585573566,50.00494505148303,50.00494505321031
30240.0,1.3014,1.2033957269825548,1.2033957269825548,0.2884752132522671,50.00494505170659,50.00494505332241
30300.0,1.3010000000000002,1.2004525211342232,1.2004525211342232,0.2877156706099004,50.00494505191573,50.00494505342672
30360.0,1.3006,1.1975176947719925,1.1975176947719925,0.2869583411268544,50.004945052111474,50.00494505352501
30420.0,1.3002,1.194591228218738,1.194591228218738,0.2862032181918141,50.00494505229461,50.00494505361655
30480.0,1.2997999999999998,1.19167310176053,1.19167310176053,0.2854502953614055,50.004945052466184,50.004945053702954
30540.0,1.2994,1.1887632956486345,1.1887632956486345,0.2846995663409465,50.004945052626844,50.00494505378338
30600.0,1.299,1.1858617901015087,1.1858617901015087,0.2839510249679338,50.0049450527775,50.00494505385833
30660.0,1.2987333333333333,1.1829688618622627,1.1829688618622627,0.28320151070961397,50.00494505291844,50.00494505392973
30720.0,1.2984666666666667,1.1800847840144773,1.1800847840144773,0.2824519906458641,50.00494505304938,50.00494505399572
30780.0,1.2982,1.1772095314903026,1.1772095314903026,0.281703477521764,50.00494505317253,50.00494505405724
30840.0,1.2979333333333332,1.1743430791836438,1.1743430791836438,0.2809563166791365,50.00494505328754,50.00494505411547
30900.0,1.2976666666666665,1.1714854019935477,1.1714854019935477,0.28021070035375323,50.0049450533958,50.00494505416925
30960.0,1.2973999999999999,1.1686364748262699,1.1686364748262699,0.27946675335487803,50.0049450534964,50.00494505421972
31020.0,1.2971333333333332,1.1657962725973257,1.1657962725973257,0.278724563704875,50.00494505359106,50.00494505426717
31080.0,1.2968666666666666,1.1629647702335044,1.1629647702335044,0.27798419679383946,50.00494505367929,50.00494505431189
31140.0,1.2966,1.1601419426748762,1.1601419426748762,0.27724570295178963,50.004945053762484,50.00494505435318
31200.0,1.2963333333333333,1.1573277648767513,1.1573277648767513,0.27650912191364135,50.00494505383921,50.004945054391605
31260.0,1.2960666666666667,1.1545222118116008,1.1545222118116008,0.27577448564281304,50.00494505391189,50.00494505442855
31320.0,1.2957999999999998,1.151725258470944,1.151725258470944,0.2750418202139877,50.00494505397943,50.00494505446214
31380.0,1.2955333333333332,1.1489368798671915,1.1489368798671915,0.2743111471218604,50.00494505404256,50.00494505449344
31440.0,1.2952666666666666,1.1461570510354184,1.1461570510354184,0.27358248422197917,50.00494505410104,50.00494505452304
31500.0,1.295,1.1433857470351119,1.1433857470351119,0.2728558464261246,50.00494505415646,50.00494505455108
31560.0,1.2947333333333333,1.1406229429518506,1.1406229429518506,0.272131246228396,50.004945054207866,50.00494505457675
31620.0,1.2944666666666667,1.1378686138989156,1.1378686138989156,0.27140869411121626,50.00494505425637,50.00494505460132
31680.0,1.2942,1.1351227350188688,1.1351227350188688,0.27068819886407763,50.00494505430132,50.0049450546237
31740.0,1.2939333333333332,1.1323852814850595,1.1323852814850595,0.2699697678375668,50.004945054343885,50.00494505464498
31800.0,1.2936666666666665,1.1296562285030558,1.1296562285030558,0.2692534071484972,50.00494505438373,50.00494505466479
31860.0,1.2933999999999999,1.1269355513120443,1.1269355513120443,0.268539121847496,50.004945054419714,50.004945054683475
31920.0,1.2931333333333332,1.1242232251861317,1.1242232251861317,0.2678269160573755,50.00494505445468,50.004945054700464
31980.0,1.2928666666666666,1.1215192254356,1.1215192254356,0.26711679308844793,50.00494505448678,50.004945054716416
32040.0,1.2926,1.1188235274080833,1.1188235274080833,0.26640875553544957,50.00494505451713,50.00494505473195
32100.0,1.2923333333333333,1.1161361064896915,1.1161361064896915,0.2657028053596417,50.004945054545864,50.00494505474619
32160.0,1.2920666666666667,1.1134569381060273,1.1134569381060273,0.2649989439588467,50.00494505457224,50.0049450547592
32220.0,1.2917999999999998,1.1107859977231391,1.1107859977231391,0.2642971722275777,50.004945054596966,50.00494505477141
32280.0,1.2915333333333332,1.108123260848431,1.108123260848431,0.2635974906089748,50.00494505461932,50.00494505478287
32340.0,1.2912666666666666,1.10546870303143,1.10546870303143,0.2628998991399118,50.004945054641404,50.00494505479417
32400.0,1.291,1.1028222998645352,1.1028222998645352,0.2622043974903625,50.00494505466138,50.00494505480401
32460.0,1.2906666666666666,1.1001838909282422,1.1001838909282422,0.26151248440893493,50.004945054680114,50.004945054813625
32520.0,1.2903333333333333,1.0975533175474497,1.0975533175474497,0.2608236928273925,50.00494505469768,50.00494505482208
32580.0,1.29,1.0949305578831476,1.0949305578831476,0.2601375364451663,50.00494505471422,50.00494505483017
32640.0,1.2896666666666665,1.0923155901460784,1.0923155901460784,0.25945384703751995,50.00494505472944,50.00494505483782
32700.0,1.2893333333333332,1.089708392578192,1.089708392578192,0.25877252907610965,50.00494505474401,50.00494505484491
32760.0,1.289,1.087108943453013,1.087108943453013,0.2580935189213957,50.004945054756945,50.00494505485167
32820.0,1.2886666666666666,1.0845172210759633,1.0845172210759633,0.25741677024792925,50.004945054770204,50.00494505485768
32880.0,1.2883333333333333,1.0819332037846312,1.0819332037846312,0.25674224732180356,50.00494505478226,50.0049450548631
32940.0,1.2879999999999998,1.079356869949019,1.079356869949019,0.25606992141136464,50.004945054792394,50.00494505486894
33000.0,1.2876666666666667,1.0767881979717575,1.0767881979717575,0.255399768675799,50.00494505480264,50.00494505487397
33060.0,1.2873333333333332,1.074227166288302,1.074227166288302,0.25473176883366366,50.00494505481232,50.00494505487822
33120.0,1.287,1.0716737533671048,1.0716737533671048,0.2540659042779889,50.00494505482098,50.004945054883244
33180.0,1.2866666666666666,1.0691279377097926,1.0691279377097926,0.2534021594634714,50.00494505482947,50.004945054887685
33240.0,1.2863333333333333,1.06658969785132,1.06658969785132,0.2527405204677923,50.00494505483718,50.00494505489152
33300.0,1.286,1.0640590123601439,1.0640590123601439,0.2520809746689083,50.004945054844256,50.004945054895245
33360.0,1.2856666666666665,1.061535859838387,1.061535859838387,0.2514235105021519,50.00494505485073,50.00494505489828
33420.0,1.2853333333333332,1.0590202189220026,1.0590202189220026,0.25076811727383597,50.00494505485731,50.00494505490141
33480.0,1.285,1.0565120682809683,1.0565120682809683,0.25011478501578366,50.00494505486362,50.00494505490433
33540.0,1.2846666666666666,1.0540113866194762,1.0540113866194762,0.24946350437015177,50.00494505486893,50.00494505490707
33600.0,1.284333333333333,1.0515181526761366,1.0515181526761366,0.24881426649706453,50.00494505487442,50.004945054909854
33660.0,1.2839999999999998,1.049032345224213,1.049032345224213,0.24816706299968502,50.004945054879826,50.00494505491254
33720.0,1.2836666666666665,1.0465539430718462,1.0465539430718462,0.24752188586283835,50.00494505488416,50.00494505491457
33780.0,1.2833333333333332,1.0440829250623287,1.0440829250623287,0.24687872740226197,50.00494505488865,50.00494505491692
33840.0,1.283,1.0416192700743692,1.0416192700743692,0.24623758022230482,50.00494505489226,50.0049450549189
33900.0,1.2826666666666664,1.0391629570223924,1.0391629570223924,0.24559843718041222,50.00494505489618,50.00494505492062
33960.0,1.2823333333333333,1.0367139648568697,1.0367139648568697,0.24496129135709988,50.00494505489977,50.00494505492249
34020.0,1.2819999999999998,1.0342722725646483,1.0342722725646483,0.24432613603041511,50.004945054903246,50.00494505492408
34080.0,1.2816666666666665,1.0318378591693171,1.0318378591693171,0.24369296465409268,50.004945054905036,50.00494505492536
34140.0,1.2813333333333332,1.0294107037315914,1.0294107037315914,0.2430617708387679,50.00494505490782,50.00494505492709
34200.0,1.281,1.026990785349721,1.026990785349721,0.24243254833574557,50.00494505491084,50.00494505492804
34260.0,1.2807333333333333,1.0245782085466646,1.0245782085466646,0.2418038594730174,50.00494505491333,50.00494505492918
34320.0,1.2804666666666666,1.0221730763104047,1.0221730763104047,0.24117614657879566,50.004945054915986,50.00494505493095
34380.0,1.2802,1.019775365599875,1.019775365599875,0.24054986784113752,50.00494505491753,50.00494505493153
34440.0,1.2799333333333331,1.0173850534095243,1.0173850534095243,0.23992517653150328,50.00494505491874,50.00494505493294
34500.0,1.2796666666666665,1.0150021167872243,1.0150021167872243,0.2393021562495058,50.004945054921166,50.00494505493305
34560.0,1.2793999999999999,1.0126265328347266,1.0126265328347266,0.23868085999982278,50.00494505492285,50.004945054933884
34620.0,1.2791333333333332,1.0102582787081102,1.0102582787081102,0.23806132414606926,50.00494505492449,50.00494505493472
34680.0,1.2788666666666666,1.0078973316182485,1.0078973316182485,0.23744357484744152,50.00494505492611,50.00494505493552
34740.0,1.2786,1.005543668831252,1.005543668831252,0.23682763149655958,50.0049450549273,50.00494505493648
34800.0,1.2783333333333333,1.0031972676689342,1.0031972676689342,0.23621350874311184,50.00494505492933,50.00494505493669
34860.0,1.2780666666666667,1.0008581055092478,1.0008581055092478,0.23560121777123835,50.00494505492991,50.00494505493693
34920.0,1.2777999999999998,0.998526159786718,0.998526159786718,0.23499076714960687,50.00494505493105,50.00494505493781
34980.0,1.2775333333333332,0.9962014079928716,0.9962014079928716,0.23438216342109983,50.004945054932165,50.004945054938744
35040.0,1.2772666666666666,0.9938838276766366,0.9938838276766366,0.23377541152580664,50.00494505493298,50.00494505493865
35100.0,1.277,0.991573396444742,0.991573396444742,0.23317051511295567,50.00494505493331,50.00494505493952
35160.0,1.2767333333333333,0.9892700919620737,0.9892700919620737,0.23256747677634199,50.004945054934566,50.00494505493996
35220.0,1.2764666666666666,0.9869738919520369,0.9869738919520369,0.23196629823557452,50.004945054934964,50.00494505494017
35280.0,1.2762,0.9846847741968855,0.9846847741968855,0.23136698047801638,50.00494505493577,50.004945054940166
35340.0,1.2759333333333331,0.9824027165380272,0.9824027165380272,0.23076952387160554,50.00494505493636,50.004945054940656
35400.0,1.2756666666666665,0.9801276968762974,0.9801276968762974,0.23017392825572358,50.004945054936755,50.004945054941274
35460.0,1.2753999999999999,0.9778596931722329,0.9778596931722329,0.22958019301523355,50.004945054937465,50.00494505494134
35520.0,1.2751333333333332,0.9755986834462949,0.9755986834462949,0.2289883171414436,50.00494505493761,50.00494505494148
35580.0,1.2748666666666666,0.9733446457790833,0.9733446457790833,0.22839829928277072,50.00494505493873,50.00494505494216
35640.0,1.2746,0.9710975583115153,0.9710975583115153,0.22781013778720385,50.004945054939675,50.004945054942134
35700.0,1.2743333333333333,0.9688573992449776,0.9688573992449776,0.227223830738177,50.00494505494031,50.00494505494257
35760.0,1.2740666666666667,0.9666241468414554,0.9666241468414554,0.22663937598507794,50.00494505494037,50.004945054942894
35820.0,1.2737999999999998,0.9643977794236307,0.9643977794236307,0.22605677116936956,50.004945054941274,50.00494505494288
35880.0,1.2735333333333332,0.9621782753749489,0.9621782753749489,0.22547601374708992,50.00494505494174,50.004945054943235
35940.0,1.2732666666666665,0.9599656131396562,0.9599656131396562,0.22489710100833107,50.00494505494231,50.004945054943214
36000.0,1.273,0.9577597712228118,0.9577597712228118,0.22432003009420245,50.00494505494172,50.00494505494326
36060.0,1.2727666666666666,0.9555607856894724,0.9555607856894724,0.2237441146681803,50.00494505494168,50.00494505494356
36120.0,1.272533333333333,0.9533686919269521,0.9533686919269521,0.22316956763687756,50.00494505494236,50.004945054943605
36180.0,1.2722999999999998,0.9511834675636189,0.9511834675636189,0.22259660787377053,50.004945054942276,50.00494505494341
36240.0,1.2720666666666665,0.9490050902872389,0.9490050902872389,0.22202530792208866,50.0049450549416,50.00494505494308
36300.0,1.2718333333333331,0.9468335378528429,0.9468335378528429,0.2214557068637771,50.00494505494218,50.004945054943626
36360.0,1.2715999999999998,0.944668788082539,0.944668788082539,0.22088782904396953,50.00494505494253,50.00494505494418
36420.0,1.2713666666666665,0.9425108188653407,0.9425108188653407,0.2203216907578829,50.004945054942446,50.00494505494448
36480.0,1.2711333333333332,0.9403596081569463,0.9403596081569463,0.21975730333736102,50.00494505494304,50.00494505494434
36540.0,1.2708999999999997,0.93821513397953,0.93821513397953,0.21919467480145233,50.00494505494284,50.00494505494449
36600.0,1.2706666666666664,0.9360773744215102,0.9360773744215102,0.21863381082981392,50.004945054942944,50.00494505494421
36660.0,1.270433333333333,0.9339463076373068,0.9339463076373068,0.2180747153786768,50.00494505494359,50.00494505494459
36720.0,1.2701999999999998,0.93182191184711,0.93182191184711,0.2175173910920455,50.00494505494361,50.00494505494438
36780.0,1.2699666666666665,0.9297041653366196,0.9297041653366196,0.21696183958801374,50.00494505494349,50.00494505494443
36840.0,1.2697333333333332,0.9275930464568141,0.9275930464568141,0.21640806166503476,50.004945054943555,50.00494505494458
36900.0,1.2694999999999999,0.9254885336236841,0.9254885336236841,0.21585605745478148,50.004945054943526,50.00494505494474
36960.0,1.2692666666666665,0.9233906053180028,0.9233906053180028,0.21530582653815064,50.004945054943725,50.004945054944756
37020.0,1.2690333333333332,0.921299240085071,0.921299240085071,0.21475736803509954,50.00494505494317,50.00494505494437
37080.0,1.2688,0.9192144165344865,0.9192144165344865,0.21421068067545415,50.00494505494371,50.00494505494417
37140.0,1.2685666666666666,0.9171361133399121,0.9171361133399121,0.21366576285557257,50.00494505494357,50.004945054944095
37200.0,1.2683333333333333,0.9150643092388406,0.9150643092388406,0.2131226126843173,50.00494505494386,50.00494505494491
37260.0,1.2681,0.9129989830323876,0.9129989830323876,0.21258122802079119,50.00494505494377,50.004945054945175
37320.0,1.2678666666666667,0.9109401135850677,0.9109401135850677,0.212041606505656,50.00494505494418,50.00494505494491
37380.0,1.2676333333333334,0.9088876798245971,0.9088876798245971,0.21150374558737564,50.00494505494448,50.004945054944294
37440.0,1.2673999999999999,0.9068416607416884,0.9068416607416884,0.21096764254438702,50.00494505494498,50.00494505494445
37500.0,1.2671666666666666,0.9048020353898618,0.9048020353898618,0.21043329450399662,50.00494505494479,50.00494505494483
37560.0,1.2669333333333332,0.9027687828852582,0.9027687828852582,0.20990069845858667,50.004945054944706,50.00494505494466
37620.0,1.2667,0.9007418824064655,0.9007418824064655,0.20936985127961905,50.00494505494461,50.00494505494472
37680.0,1.2664666666666666,0.8987213131943229,0.8987213131943229,0.20884074972979966,50.00494505494425,50.00494505494501
37740.0,1.2662333333333333,0.8967070545517719,0.8967070545517719,0.20831339047370875,50.004945054944535,50.004945054944926
37800.0,1.266,0.8946990858436737,0.8946990858436737,0.20778777008714122,50.00494505494487,50.00494505494515
37860.0,1.2657999999999998,0.8926974391241611,0.8926974391241611,0.2072632318832185,50.00494505494485,50.00494505494558
37920.0,1.2655999999999998,0.8907021458246753,0.8907021458246753,0.20673998087145262,50.004945054944486,50.00494505494545
37980.0,1.2653999999999999,0.8887131845133612,0.8887131845133612,0.20621822630896602,50.00494505494443,50.00494505494583
38040.0,1.2652,0.8867305338188886,0.8867305338188886,0.20569803691815408,50.0049450549453,50.004945054945274
38100.0,1.265,0.8847541724375856,0.8847541724375856,0.2051794493919364,50.00494505494462,50.00494505494505
38160.0,1.2648,0.88278407913325,0.88278407913325,0.20466248635332066,50.00494505494507,50.00494505494511
38220.0,1.2646,0.8808202327369584,0.8808202327369584,0.20414716276111283,50.004945054944514,50.004945054944905
38280.0,1.2644,0.8788626121468834,0.8788626121468834,0.20363348886269192,50.00494505494503,50.00494505494496
38340.0,1.2642,0.8769111963281077,0.8769111963281077,0.20312147177069542,50.004945054944756,50.00494505494489
38400.0,1.264,0.8749659643124352,0.8749659643124352,0.20261111639132695,50.004945054944905,50.00494505494517
38460.0,1.2638,0.8730268951982191,0.8730268951982191,0.2021024260107357,50.00494505494538,50.00494505494493
38520.0,1.2636,0.8710939681501856,0.8710939681501856,0.20159540268571643,50.00494505494468,50.00494505494494
38580.0,1.2633999999999999,0.8691671623992455,0.8691671623992455,0.20109004751519702,50.00494505494483,50.00494505494476
38640.0,1.2631999999999999,0.8672464572423334,0.8672464572423334,0.20058636083540968,50.00494505494539,50.0049450549445
38700.0,1.2630000000000001,0.8653318320422352,0.8653318320422352,0.20008434236420347,50.004945054945274,50.00494505494472
38760.0,1.2628,0.8634232662274298,0.8634232662274298,0.19958399131031307,50.004945054944955,50.00494505494478
38820.0,1.2626,0.8615207392919113,0.8615207392919113,0.1990853064577774,50.00494505494508,50.00494505494472
38880.0,1.2624,0.8596242307950438,0.8596242307950438,0.19858828623232266,50.00494505494548,50.004945054945026
38940.0,1.2622,0.857733720361406,0.857733720361406,0.19809292875435794,50.00494505494613,50.0049450549448
39000.0,1.262,0.8558491876806262,0.8558491876806262,0.19759923188186598,50.004945054945125,50.00494505494456
39060.0,1.2618,0.8539706125072497,0.8539706125072497,0.19710719324552856,50.00494505494521,50.00494505494518
39120.0,1.2616,0.852097974660587,0.852097974660587,0.19661681027780756,50.00494505494539,50.004945054945054
39180.0,1.2614,0.8502312540245596,0.8502312540245596,0.19612808023725234,50.00494505494537,50.00494505494532
39240.0,1.2612,0.8483704305475795,0.8483704305475795,0.19564100022899758,50.004945054945274,50.004945054945
39300.0,1.261,0.8465154842423904,0.8465154842423904,0.19515556722218524,50.00494505494477,50.00494505494515
39360.0,1.2608,0.8446663951859409,0.8446663951859409,0.19467177806488006,50.00494505494492,50.004945054945345
39420.0,1.2606,0.8428231435192413,0.8428231435192413,0.19418962949692634,50.004945054944415,50.00494505494458
39480.0,1.2604,0.8409857094472306,0.8409857094472306,0.1937091181610965,50.004945054944876,50.00494505494507
39540.0,1.2602,0.8391540732386303,0.8391540732386303,0.1932302406128102,50.00494505494467,50.00494505494475
39600.0,1.26,0.8373282152258151,0.8373282152258151,0.19275299332865942,50.00494505494451,50.004945054944805
39660.0,1.2597666666666667,0.83550806772202,0.83550806772202,0.1922779978436577,50.00494505494478,50.00494505494483
39720.0,1.2595333333333334,0.8336935637249696,0.8336935637249696,0.19180504866940698,50.00494505494547,50.00494505494549
39780.0,1.2593,0.8318846846477662,0.8318846846477662,0.1913339376973097,50.004945054945,50.00494505494486
39840.0,1.2590666666666666,0.830081411967279,0.830081411967279,0.19086459196421288,50.0049450549451,50.00494505494497
39900.0,1.2588333333333332,0.8282837272173205,0.8282837272173205,0.19039696913293874,50.00494505494527,50.0049450549452
39960.0,1.2586,0.8264916119885296,0.8264916119885296,0.1899310402449633,50.004945054945324,50.00494505494497
40020.0,1.2583666666666666,0.82470504792825,0.82470504792825,0.18946678358125194,50.00494505494559,50.00494505494523
40080.0,1.2581333333333333,0.8229240167404047,0.8229240167404047,0.18900418183926293,50.004945054944635,50.004945054944784
40140.0,1.2579,0.8211485001853741,0.8211485001853741,0.18854322063002457,50.00494505494478,50.00494505494543
40200.0,1.2576666666666667,0.8193784800798577,0.8193784800798577,0.18808388759639744,50.00494505494562,50.004945054945054
40260.0,1.2574333333333334,0.817613938296752,0.817613938296752,0.18762617185842134,50.004945054945864,50.00494505494509
40320.0,1.2572,0.8158548567650272,0.8158548567650272,0.18717006364552838,50.004945054945466,50.004945054944855
40380.0,1.2569666666666666,0.8141012174695812,0.8141012174695812,0.18671555404236567,50.004945054945765,50.00494505494484
40440.0,1.2567333333333333,0.8123530024511227,0.8123530024511227,0.18626263480717253,50.0049450549455,50.00494505494553
40500.0,1.2565,0.8106101938060389,0.8106101938060389,0.18581129823839093,50.00494505494587,50.004945054945345
40560.0,1.2562666666666666,0.8088727736862611,0.8088727736862611,0.1853615370744094,50.00494505494556,50.00494505494462
40620.0,1.2560333333333333,0.8071407242991404,0.8071407242991404,0.18491334441671778,50.0049450549461,50.004945054945175
40680.0,1.2558,0.8054140279073181,0.8054140279073181,0.1844667136699993,50.004945054946155,50.00494505494491
40740.0,1.2555666666666667,0.8036926668286006,0.8036926668286006,0.18402163849473915,50.00494505494645,50.00494505494486
40800.0,1.2553333333333332,0.8019766234358288,0.8019766234358288,0.1835781127692408,50.00494505494602,50.00494505494451
40860.0,1.2550999999999999,0.8002658801567636,0.8002658801567636,0.18313613055883413,50.004945054945914,50.00494505494506
40920.0,1.2548666666666666,0.7985604194739546,0.7985604194739546,0.1826956860906586,50.00494505494615,50.0049450549452
40980.0,1.2546333333333333,0.796860223924624,0.796860223924624,0.1822567737328154,50.00494505494568,50.00494505494446
41040.0,1.2544,0.7951652761005458,0.7951652761005458,0.181819387977001,50.00494505494623,50.00494505494489
41100.0,1.2541666666666667,0.7934755586479304,0.7934755586479304,0.18138352342391675,50.004945054945495,50.004945054944685
41160.0,1.2539333333333333,0.7917910542673107,0.7917910542673107,0.18094917477093686,50.00494505494529,50.004945054944606
41220.0,1.2537,0.7901117457134238,0.7901117457134238,0.18051633680161785,50.004945054945345,50.004945054944685
41280.0,1.2534666666666667,0.7884376157951114,0.7884376157951114,0.1800850043767191,50.00494505494557,50.00494505494426
41340.0,1.2532333333333332,0.7867686473752061,0.7867686473752061,0.17965517242648296,50.00494505494472,50.00494505494443
41400.0,1.253,0.7851048233704297,0.7851048233704297,0.17922683594395533,50.00494505494502,50.00494505494472
41460.0,1.2528333333333332,0.7834462148746008,0.7834462148746008,0.17879878950855924,50.00494505494493,50.00494505494489
41520.0,1.2526666666666666,0.781792891894432,0.781792891894432,0.17837142055416993,50.004945054945296,50.004945054944635
41580.0,1.2525,0.7801448358719374,0.7801448358719374,0.17794511814466255,50.0049450549452,50.00494505494496
41640.0,1.2523333333333333,0.778502028301613,0.778502028301613,0.1775200100889887,50.00494505494542,50.00494505494493
41700.0,1.2521666666666667,0.7768644507425524,0.7768644507425524,0.17709616516440183,50.00494505494534,50.004945054945566
41760.0,1.252,0.775232084818307,0.775232084818307,0.17667362639235687,50.00494505494507,50.004945054945615
41820.0,1.2518333333333334,0.7736049122167299,0.7736049122167299,0.1762524228689603,50.00494505494499,50.004945054945544
41880.0,1.2516666666666665,0.771982914689827,0.771982914689827,0.17583257519965953,50.00494505494482,50.00494505494562
41940.0,1.2515,0.7703660740536183,0.7703660740536183,0.17541409839026822,50.00494505494508,50.00494505494521
42000.0,1.2513333333333332,0.7687543721879757,0.7687543721879757,0.17499700354204414,50.004945054945374,50.004945054945
42060.0,1.2511666666666665,0.7671477910364946,0.7671477910364946,0.17458129891754623,50.00494505494484,50.00494505494497
42120.0,1.2510000000000001,0.7655463126063337,0.7655463126063337,0.17416699064728816,50.004945054944564,50.00494505494527
42180.0,1.2508333333333332,0.7639499189680685,0.7639499189680685,0.17375408321814145,50.0049450549454,50.004945054944635
42240.0,1.2506666666666666,0.7623585922555506,0.7623585922555506,0.1733425798224423,50.004945054944976,50.00494505494545
42300.0,1.2505,0.7607723146657457,0.7607723146657457,0.17293248261454033,50.00494505494539,50.004945054944834
42360.0,1.2503333333333333,0.7591910684585931,0.7591910684585931,0.17252379290379374,50.004945054945594,50.00494505494513
42420.0,1.2501666666666666,0.7576148359568332,0.7576148359568332,0.17211651130266473,50.00494505494499,50.004945054944855
42480.0,1.25,0.7560435995458673,0.7560435995458673,0.17171063784233448,50.00494505494512,50.00494505494479
42540.0,1.2498333333333334,0.754477341673587,0.754477341673587,0.17130617206432724,50.004945054945544,50.00494505494493
42600.0,1.2496666666666667,0.7529160448502105,0.7529160448502105,0.17090311309408335,50.00494505494561,50.00494505494503
42660.0,1.2494999999999998,0.7513596916481194,0.7513596916481194,0.1705014597007405,50.0049450549455,50.004945054944365
42720.0,1.2493333333333334,0.7498082647016842,0.7498082647016842,0.1701012103462186,50.004945054944955,50.00494505494493
42780.0,1.2491666666666668,0.7482617467070889,0.7482617467070889,0.16970236322590426,50.00494505494507,50.00494505494483
42840.0,1.2489999999999999,0.7467201204221586,0.7467201204221586,0.16930491630266106,50.004945054944834,50.00494505494485
42900.0,1.2488333333333335,0.7451833686661712,0.7451833686661712,0.16890886733548918,50.004945054945,50.004945054945246
42960.0,1.2486666666666666,0.7436514743196697,0.7436514743196697,0.168514213903838,50.00494505494476,50.00494505494523
43020.0,1.2485,0.7421244203242755,0.7421244203242755,0.16812095342837302,50.00494505494517,50.0049450549451
43080.0,1.2483333333333333,0.7406021896824856,0.7406021896824856,0.16772908318882246,50.00494505494516,50.00494505494462
43140.0,1.2481666666666666,0.7390847654574727,0.7390847654574727,0.1673386003393941,50.004945054945125,50.00494505494451
43200.0,1.248,0.7375721307728813,0.7375721307728813,0.16694950192216285,50.004945054945566,50.00494505494468
43260.0,1.2478666666666665,0.736064309027546,0.736064309027546,0.16656120863023563,50.00494505494558,50.00494505494462
43320.0,1.2477333333333334,0.7345613231522393,0.7345613231522393,0.16617390832698328,50.004945054945026,50.004945054944855
43380.0,1.2475999999999998,0.7330631556931935,0.7330631556931935,0.16578778764976623,50.00494505494509,50.004945054945004
43440.0,1.2474666666666667,0.7315697892560559,0.7315697892560559,0.16540290678979883,50.004945054944805,50.004945054945566
43500.0,1.2473333333333332,0.7300812065112137,0.7300812065112137,0.16501929743093752,50.00494505494508,50.00494505494517
43560.0,1.2472,0.7285973901935341,0.7285973901935341,0.1646369788124259,50.00494505494468,50.0049450549455
43620.0,1.2470666666666665,0.7271183231020777,0.7271183231020777,0.16425596343337417,50.004945054945395,50.00494505494525
43680.0,1.2469333333333332,0.7256439880998146,0.7256439880998146,0.1638762596717875,50.004945054944606,50.004945054944976
43740.0,1.2468,0.7241743681133496,0.7241743681133496,0.16349787317767156,50.00494505494487,50.00494505494497
43800.0,1.2466666666666666,0.7227094461326262,0.7227094461326262,0.1631208076902182,50.00494505494555,50.004945054945104
43860.0,1.2465333333333333,0.7212492052106433,0.7212492052106433,0.1627450655521641,50.004945054944706,50.00494505494496
43920.0,1.2464,0.7197936284631621,0.7197936284631621,0.16237064805133586,50.004945054945445,50.004945054945225
43980.0,1.2462666666666666,0.7183426990684187,0.7183426990684187,0.16199755565720947,50.00494505494585,50.004945054945004
44040.0,1.2461333333333333,0.7168964002668335,0.7168964002668335,0.16162578819044787,50.004945054945914,50.004945054945374
44100.0,1.246,0.7154547153607227,0.7154547153607227,0.161255344947888,50.004945054945765,50.0049450549453
44160.0,1.2458666666666667,0.714017627714013,0.714017627714013,0.16088622479691347,50.00494505494553,50.00494505494503
44220.0,1.2457333333333331,0.7125851207519548,0.7125851207519548,0.1605184262481705,50.00494505494526,50.004945054944876
44280.0,1.2456,0.7111571779608435,0.7111571779608435,0.1601519475126003,50.004945054945225,50.00494505494486
44340.0,1.2454666666666665,0.7097337828877359,0.7097337828877359,0.1597867865468611,50.00494505494543,50.004945054944955
44400.0,1.2453333333333334,0.7083149191401855,0.7083149191401855,0.15942294109000427,50.00494505494499,50.00494505494496
44460.0,1.2451999999999999,0.706900570385957,0.706900570385957,0.15906040869344415,50.00494505494454,50.00494505494576
44520.0,1.2450666666666668,0.7054907203527723,0.7054907203527723,0.15869918674571462,50.00494505494584,50.00494505494519
44580.0,1.2449333333333332,0.7040853528280442,0.7040853528280442,0.15833927249312568,50.00494505494639,50.00494505494511
44640.0,1.2448,0.7026844516586109,0.7026844516586109,0.15798066305714265,50.00494505494563,50.00494505494574
44700.0,1.2446666666666666,0.7012880007504946,0.7012880007504946,0.15762335544913011,50.00494505494542,50.0049450549453
44760.0,1.2445333333333333,0.6998959840686447,0.6998959840686447,0.15726734658295455,50.00494505494555,50.00494505494487
44820.0,1.2444,0.6985083856366929,0.6985083856366929,0.15691263328582344,50.00494505494611,50.00494505494535
44880.0,1.2442666666666666,0.6971251895367138,0.6971251895367138,0.15655921230767142,50.00494505494614,50.004945054945054
44940.0,1.2441333333333333,0.695746379908987,0.695746379908987,0.1562070803293275,50.00494505494561,50.00494505494499
45000.0,1.244,0.6943719409517667,0.6943719409517667,0.15585623396966738,50.00494505494574,50.004945054945004
45060.0,1.2438666666666665,0.693001856921046,0.693001856921046,0.1555066697919019,50.00494505494593,50.0049450549447
45120.0,1.2437333333333334,0.6916361121303337,0.6916361121303337,0.15515838430913126,50.00494505494558,50.00494505494509
45180.0,1.2435999999999998,0.6902746909504284,0.6902746909504284,0.154811373989275,50.004945054945225,50.00494505494516
45240.0,1.2434666666666667,0.6889175778091982,0.6889175778091982,0.15446563525946347,50.00494505494526,50.004945054944685
45300.0,1.2433333333333332,0.6875647571913588,0.6875647571913588,0.1541211645099632,50.004945054945445,50.00494505494483
45360.0,1.2432,0.6862162136382641,0.6862162136382641,0.15377795809769831,50.0049450549455,50.00494505494504
45420.0,1.2430666666666665,0.6848719317476858,0.6848719317476858,0.15343601234942153,50.00494505494593,50.004945054945324
45480.0,1.2429333333333332,0.6835318961736015,0.6835318961736015,0.15309532356457653,50.00494505494552,50.00494505494558
45540.0,1.2428,0.6821960916259853,0.6821960916259853,0.15275588801789003,50.004945054945864,50.00494505494554
45600.0,1.2426666666666666,0.6808645028706006,0.6808645028706006,0.15241770196172666,50.004945054944955,50.00494505494539
45660.0,1.2425333333333333,0.6795371147287952,0.6795371147287952,0.15208076162822926,50.00494505494496,50.004945054944976
45720.0,1.2424,0.6782139120772923,0.6782139120772923,0.1517450632312776,50.00494505494516,50.004945054945196
45780.0,1.2422666666666666,0.6768948798479961,0.6768948798479961,0.1514106029682738,50.004945054945445,50.0049450549452
45840.0,1.2421333333333333,0.6755800030277802,0.6755800030277802,0.15107737702178498,50.004945054945004,50.004945054945374
45900.0,1.242,0.6742692666583018,0.6742692666583018,0.15074538156104766,50.004945054945225,50.00494505494497
45960.0,1.2418666666666667,0.6729626558357973,0.6729626558357973,0.15041461274335657,50.00494505494508,50.00494505494484
46020.0,1.2417333333333331,0.6716601557108935,0.6716601557108935,0.1500850667153424,50.00494505494519,50.004945054944756
46080.0,1.2416,0.6703617514884133,0.6703617514884133,0.1497567396141546,50.0049450549452,50.004945054944756
46140.0,1.2414666666666665,0.6690674284271847,0.6690674284271847,0.1494296275685533,50.00494505494504,50.00494505494494
46200.0,1.2413333333333334,0.667777171839856,0.667777171839856,0.1491037266999257,50.00494505494518,50.004945054944756
46260.0,1.2411999999999999,0.6664909670927105,0.6664909670927105,0.14877903312322632,50.00494505494495,50.004945054944876
46320.0,1.2410666666666668,0.6652087996054822,0.6652087996054822,0.14845554294785307,50.00494505494495,50.00494505494475
46380.0,1.2409333333333332,0.6639306548511678,0.6639306548511678,0.1481332522784632,50.00494505494504,50.004945054945004
46440.0,1.2408,0.6626565183558584,0.6626565183558584,0.1478121572157325,50.004945054944734,50.00494505494456
46500.0,1.2406666666666666,0.6613863756985564,0.6613863756985564,0.14749225385706843,50.00494505494519,50.00494505494497
46560.0,1.2405333333333333,0.6601202125109993,0.6601202125109993,0.14717353829727037,50.00494505494415,50.00494505494479
46620.0,1.2404,0.6588580144774854,0.6588580144774854,0.14685600662915455,50.00494505494428,50.00494505494505
46680.0,1.2402666666666666,0.6575997673347036,0.6575997673347036,0.1465396549441353,50.00494505494515,50.00494505494525
46740.0,1.2401333333333333,0.6563454568715623,0.6563454568715623,0.14622447933277255,50.004945054944685,50.00494505494533
46800.0,1.24,0.6550950689290175,0.6550950689290175,0.14591047588528477,50.00494505494527,50.0049450549451
46860.0,1.2398666666666665,0.6538485893999104,0.6538485893999104,0.14559764069203326,50.0049450549446,50.004945054945125
46920.0,1.2397333333333334,0.6526060042287958,0.6526060042287958,0.14528596984397574,50.00494505494488,50.004945054944436
46980.0,1.2395999999999998,0.6513672994117796,0.6513672994117796,0.14497545943309686,50.00494505494549,50.00494505494506
47040.0,1.2394666666666667,0.6501324609963522,0.6501324609963522,0.14466610555280912,50.00494505494553,50.00494505494511
47100.0,1.2393333333333332,0.6489014750812306,0.6489014750812306,0.1443579042983365,50.00494505494494,50.00494505494504
47160.0,1.2392,0.6476743278161898,0.6476743278161898,0.14405085176707555,50.0049450549446,50.00494505494482
47220.0,1.2390666666666665,0.6464510054019093,0.6464510054019093,0.14374494405893373,50.004945054944706,50.00494505494491
47280.0,1.2389333333333332,0.6452314940898026,0.6452314940898026,0.14344017727665384,50.00494505494516,50.004945054944436
47340.0,1.2388,0.6440157801818684,0.6440157801818684,0.14313654752612087,50.00494505494481,50.00494505494465
47400.0,1.2386666666666666,0.6428038500305235,0.6428038500305235,0.14283405091664778,50.00494505494515,50.00494505494507
47460.0,1.2385333333333333,0.6415956900384452,0.6415956900384452,0.14253268356125295,50.0049450549448,50.00494505494496
47520.0,1.2384,0.6403912866584188,0.6403912866584188,0.14223244157692114,50.004945054945,50.00494505494521
47580.0,1.2382666666666666,0.6391906263931715,0.6391906263931715,0.1419333210848501,50.00494505494462,50.004945054945324
47640.0,1.2381333333333333,0.6379936957952199,0.6379936957952199,0.1416353182106845,50.00494505494516,50.00494505494507
47700.0,1.2379999999999998,0.6368004814667135,0.6368004814667135,0.14133842908474395,50.00494505494545,50.0049450549447
47760.0,1.2378666666666667,0.6356109700592719,0.6356109700592719,0.141042649842233,50.0049450549448,50.004945054944805
47820.0,1.2377333333333331,0.634425148273833,0.634425148273833,0.14074797662344485,50.004945054944564,50.00494505494488
47880.0,1.2376,0.6332430028604972,0.6332430028604972,0.14045440557395525,50.00494505494432,50.004945054945395
47940.0,1.2374666666666665,0.6320645206183615,0.6320645206183615,0.1401619328448057,50.00494505494472,50.00494505494518
48000.0,1.2373333333333334,0.6308896883953738,0.6308896883953738,0.1398705545926805,50.0049450549449,50.00494505494507
48060.0,1.2371999999999999,0.6297184930881674,0.6297184930881674,0.13958026698007478,50.004945054944976,50.00494505494535
48120.0,1.2370666666666668,0.6285509216419102,0.6285509216419102,0.13929106617545242,50.00494505494559,50.00494505494526
48180.0,1.2369333333333332,0.6273869610501421,0.6273869610501421,0.13900294835340307,50.00494505494492,50.00494505494509
48240.0,1.2368,0.626226598354624,0.626226598354624,0.13871590969478512,50.00494505494579,50.004945054945054
48300.0,1.2366666666666666,0.6250698206451718,0.6250698206451718,0.13842994638686812,50.00494505494517,50.00494505494439
48360.0,1.2365333333333333,0.6239166150595087,0.6239166150595087,0.13814505462346485,50.00494505494508,50.0049450549448
48420.0,1.2364,0.6227669687831002,0.6227669687831002,0.13786123060506053,50.004945054945566,50.004945054945
48480.0,1.2362666666666666,0.6216208690490019,0.6216208690490019,0.13757847053893485,50.00494505494525,50.00494505494523
48540.0,1.2361333333333333,0.6204783031376933,0.6204783031376933,0.13729677063927986,50.00494505494508,50.00494505494492
48600.0,1.236,0.6193392583769316,0.6193392583769316,0.13701612712731434,50.004945054945985,50.004945054944955
48660.0,1.2359,0.6182037527217121,0.6182037527217121,0.13673602251324699,50.00494505494594,50.004945054945075
48720.0,1.2358,0.6170718037816262,0.6170718037816262,0.1364566318422661,50.004945054946575,50.00494505494488
48780.0,1.2357,0.6159433984630907,0.6159433984630907,0.136178123093967,50.004945054945814,50.00494505494501
48840.0,1.2355999999999998,0.6148185237190206,0.6148185237190206,0.13590054838384621,50.00494505494526,50.00494505494471
48900.0,1.2355,0.6136971665528972,0.6136971665528972,0.135623934256677,50.004945054944194,50.0049450549444
48960.0,1.2354,0.6125793140185917,0.6125793140185917,0.13534829625679076,50.00494505494432,50.004945054944386
49020.0,1.2352999999999998,0.6114649532201722,0.6114649532201722,0.13507364405748343,50.00494505494388,50.004945054945146
49080.0,1.2352,0.6103540713117293,0.6103540713117293,0.13479998379598251,50.00494505494488,50.00494505494508
49140.0,1.2350999999999999,0.6092466554971799,0.6092466554971799,0.1345273193047186,50.00494505494477,50.0049450549447
49200.0,1.2349999999999999,0.6081426930300948,0.6081426930300948,0.13425565282715599,50.00494505494457,50.00494505494522
49260.0,1.2349,0.6070421712134992,0.6070421712134992,0.13398498546423654,50.00494505494469,50.00494505494541
49320.0,1.2348,0.6059450773997029,0.6059450773997029,0.13371531746803875,50.004945054945594,50.004945054945345
49380.0,1.2347000000000001,0.6048513989901071,0.6048513989901071,0.13344664844320614,50.00494505494559,50.00494505494607
49440.0,1.2346,0.6037611234350249,0.6037611234350249,0.133178977489874,50.00494505494517,50.00494505494577
49500.0,1.2345,0.6026742382334949,0.6026742382334949,0.13291230330797454,50.0049450549449,50.00494505494552
49560.0,1.2344000000000002,0.6015907309330969,0.6015907309330969,0.13264662427517362,50.00494505494491,50.00494505494508
49620.0,1.2343,0.6005105891297742,0.6005105891297742,0.13238193850629737,50.004945054945445,50.00494505494531
49680.0,1.2342,0.5994338004676368,0.5994338004676368,0.13211824389943375,50.00494505494507,50.00494505494567
49740.0,1.2341,0.598360352638796,0.598360352638796,0.13185553817225912,50.00494505494466,50.004945054944706
49800.0,1.234,0.597290233383168,0.597290233383168,0.13159381889104807,50.00494505494449,50.004945054945175
49860.0,1.2339,0.5962234304882977,0.5962234304882977,0.1313330834941092,50.00494505494446,50.00494505494457
49920.0,1.2338,0.5951599317891723,0.5951599317891723,0.13107332931093987,50.00494505494415,50.00494505494504
49980.0,1.2337,0.5940997251680442,0.5940997251680442,0.13081455357801833,50.004945054944066,50.004945054944876
50040.0,1.2336,0.5930427985542465,0.5930427985542465,0.13055675345194986,50.004945054944336,50.00494505494525
50100.0,1.2335,0.5919891399240103,0.5919891399240103,0.13029992602049,50.004945054945054,50.00494505494501
50160.0,1.2334,0.5909387373002861,0.5909387373002861,0.13004406831186185,50.00494505494417,50.00494505494502
50220.0,1.2333,0.5898915787525624,0.5898915787525624,0.12978917730267955,50.00494505494417,50.004945054944834
50280.0,1.2332,0.588847652396683,0.588847652396683,0.129535249924732,50.00494505494434,50.0049450549451
50340.0,1.2331,0.5878069463946687,0.5878069463946687,0.12928228307082057,50.004945054943896,50.004945054944876
50400.0,1.233,0.5867694489545364,0.5867694489545364,0.1290302735998149,50.004945054944095,50.004945054944656
50460.0,1.2328666666666666,0.5857351204070144,0.5857351204070144,0.12877971348231446,50.00494505494401,50.00494505494442
50520.0,1.2327333333333335,0.5847039214808294,0.5847039214808294,0.12853042394801623,50.004945054944656,50.004945054945
50580.0,1.2326,0.583675841025464,0.583675841025464,0.12828223533886898,50.004945054944535,50.00494505494489
50640.0,1.2324666666666668,0.582650867935899,0.582650867935899,0.1280350909339596,50.00494505494496,50.004945054945665
50700.0,1.2323333333333333,0.5816289911485614,0.5816289911485614,0.12778895870811585,50.00494505494539,50.004945054945644
50760.0,1.2322000000000002,0.5806101996411641,0.5806101996411641,0.12754381720002872,50.00494505494496,50.00494505494531
50820.0,1.2320666666666666,0.5795944824325614,0.5795944824325614,0.12729965055791534,50.004945054945054,50.004945054945054
50880.0,1.2319333333333333,0.5785818285825819,0.5785818285825819,0.12705644629326165,50.00494505494461,50.00494505494504
50940.0,1.2318,0.5775722271918712,0.5775722271918712,0.12681419410108435,50.004945054946,50.004945054945615
51000.0,1.2316666666666667,0.5765656674017425,0.5765656674017425,0.12657288517686693,50.00494505494568,50.00494505494527
51060.0,1.2315333333333334,0.5755621383940143,0.5755621383940143,0.12633251179234345,50.00494505494517,50.004945054945104
51120.0,1.2314,0.5745616293908541,0.5745616293908541,0.12609306701766712,50.00494505494473,50.00494505494521
51180.0,1.2312666666666667,0.5735641296546233,0.5735641296546233,0.1258545445316913,50.004945054944535,50.00494505494549
51240.0,1.2311333333333334,0.5725696284877204,0.5725696284877204,0.12561693848797037,50.004945054945075,50.004945054945445
51300.0,1.231,0.5715781152324245,0.5715781152324245,0.12538024341744078,50.00494505494539,50.004945054945125
51360.0,1.2308666666666668,0.5705895792707395,0.5705895792707395,0.12514445415605852,50.0049450549456,50.00494505494543
51420.0,1.2307333333333332,0.5696040100242395,0.5696040100242395,0.12490956578991003,50.00494505494516,50.00494505494474
51480.0,1.2306000000000001,0.5686213969539137,0.5686213969539137,0.12467557361284595,50.004945054944905,50.00494505494474
51540.0,1.2304666666666666,0.5676417295600127,0.5676417295600127,0.12444247309328549,50.00494505494451,50.004945054945104
51600.0,1.2303333333333335,0.5666649973818936,0.5666649973818936,0.12421025984785565,50.004945054945566,50.00494505494488
51660.0,1.2302,0.5656911899978724,0.5656911899978724,0.12397892962021265,50.004945054945004,50.00494505494508
51720.0,1.2300666666666669,0.5647202970250685,0.5647202970250685,0.12374847826383913,50.00494505494542,50.00494505494558
51780.0,1.2299333333333333,0.5637523081192489,0.5637523081192489,0.12351890172794375,50.004945054945836,50.00494505494506
51840.0,1.2298,0.5627872129746913,0.5627872129746913,0.1232901960458004,50.004945054946035,50.00494505494511
51900.0,1.2296666666666667,0.5618250013240246,0.5618250013240246,0.12306235732502752,50.004945054945686,50.004945054944834
51960.0,1.2295333333333334,0.5608656629380805,0.5608656629380805,0.1228353817394299,50.00494505494521,50.004945054945246
52020.0,1.2294,0.5599091876257571,0.5599091876257571,0.12260926552210573,50.00494505494502,50.00494505494502
52080.0,1.2292666666666667,0.5589555652338644,0.5589555652338644,0.1223840049595821,50.0049450549453,50.004945054944955
52140.0,1.2291333333333334,0.5580047856469812,0.5580047856469812,0.12215959638680736,50.004945054945495,50.00494505494518
52200.0,1.229,0.5570568387873152,0.5570568387873152,0.12193603618284286,50.00494505494549,50.00494505494476
52260.0,1.2289,0.5561117402131492,0.5561117402131492,0.12171284264789795,50.00494505494468,50.00494505494474
52320.0,1.2288000000000001,0.5551695052021716,0.5551695052021716,0.1214901850779506,50.00494505494516,50.00494505494466
52380.0,1.2287000000000001,0.5542301233336436,0.5542301233336436,0.12126822159760772,50.0049450549454,50.004945054945004
52440.0,1.2286,0.5532935842236248,0.5532935842236248,0.12104699996423122,50.004945054945246,50.00494505494531
52500.0,1.2285000000000001,0.5523598775283798,0.5523598775283798,0.1208265440564386,50.004945054944685,50.00494505494502
52560.0,1.2284,0.551428992944222,0.551428992944222,0.1206068676089417,50.004945054945594,50.00494505494523
52620.0,1.2283,0.5505009202073599,0.5505009202073599,0.12038797900612686,50.00494505494512,50.0049450549449
52680.0,1.2282000000000002,0.5495756490937433,0.5495756490937433,0.12016988344668006,50.00494505494481,50.004945054945146
52740.0,1.2281,0.5486531694189135,0.5486531694189135,0.11995258407616914,50.00494505494487,50.00494505494472
52800.0,1.2280000000000002,0.5477334710378499,0.5477334710378499,0.11973608264047264,50.00494505494435,50.00494505494464
52860.0,1.2279,0.546816543844825,0.546816543844825,0.11952037989023007,50.004945054944436,50.00494505494441
52920.0,1.2278,0.5459023777732545,0.5459023777732545,0.11930547584488617,50.00494505494378,50.00494505494448
52980.0,1.2277,0.5449909627955498,0.5449909627955498,0.11909136997245418,50.00494505494469,50.004945054944535
53040.0,1.2276,0.5440822889229767,0.5440822889229767,0.11887806131612938,50.00494505494445,50.00494505494493
53100.0,1.2275,0.543176346205505,0.543176346205505,0.11866554858600052,50.00494505494477,50.00494505494467
53160.0,1.2274,0.5422731247316736,0.5422731247316736,0.11845383022707412,50.004945054944265,50.00494505494525
53220.0,1.2273,0.5413726146284408,0.5413726146284408,0.11824290447075451,50.0049450549445,50.00494505494491
53280.0,1.2272,0.5404748060610458,0.5404748060610458,0.11803276937449486,50.0049450549453,50.00494505494556
53340.0,1.2271,0.5395796892328653,0.5395796892328653,0.11782342285280054,50.00494505494485,50.00494505494491
53400.0,1.2269999999999999,0.5386872543852784,0.5386872543852784,0.1176148627018098,50.00494505494595,50.00494505494447
53460.0,1.2269,0.5377974917975225,0.5377974917975225,0.1174070866190062,50.00494505494505,50.00494505494494
53520.0,1.2268,0.5369103917865551,0.5369103917865551,0.11720009221920309,50.00494505494524,50.004945054944976
53580.0,1.2267000000000001,0.5360259447069128,0.5360259447069128,0.11699387704763188,50.00494505494477,50.00494505494523
53640.0,1.2266000000000001,0.5351441409505795,0.5351441409505795,0.11678843859075151,50.0049450549442,50.00494505494507
53700.0,1.2265,0.5342649709468411,0.5342649709468411,0.11658377428524658,50.004945054944706,50.00494505494477
53760.0,1.2264000000000002,0.5333884251621511,0.5333884251621511,0.11637988152557426,50.00494505494487,50.00494505494427
53820.0,1.2263,0.5325144940999929,0.5325144940999929,0.11617675767033583,50.004945054944834,50.00494505494426
53880.0,1.2262,0.5316431683007419,0.5316431683007419,0.11597440004768896,50.004945054944436,50.0049450549449
53940.0,1.2261,0.5307744383415247,0.5307744383415247,0.11577280595997015,50.00494505494441,50.00494505494475
54000.0,1.226,0.5299082948360874,0.5299082948360874,0.11557197268766863,50.004945054944386,50.0049450549445
54060.0,1.2259,0.5290447284346552,0.5290447284346552,0.11537189749285467,50.00494505494486,50.00494505494515
54120.0,1.2258,0.5281837298237926,0.5281837298237926,0.11517257762214828,50.00494505494448,50.004945054945296
54180.0,1.2257,0.5273252897262694,0.5273252897262694,0.11497401030931076,50.00494505494442,50.00494505494514
54240.0,1.2256,0.5264693989009216,0.5264693989009216,0.11477619277750783,50.004945054944656,50.004945054945274
54300.0,1.2255,0.5256160481425155,0.5256160481425155,0.11457912224129466,50.00494505494485,50.00494505494503
54360.0,1.2254,0.5247652282816034,0.5247652282816034,0.11438279590836678,50.00494505494483,50.00494505494501
54420.0,1.2253,0.5239169301843933,0.5239169301843933,0.11418721098110367,50.00494505494493,50.004945054945395
54480.0,1.2252,0.5230711447526055,0.5230711447526055,0.11399236465794164,50.00494505494523,50.00494505494504
54540.0,1.2251,0.5222278629233364,0.5222278629233364,0.11379825413459085,50.00494505494594,50.004945054945395
54600.0,1.225,0.5213870756689178,0.5213870756689178,0.11360487660512184,50.00494505494537,50.00494505494614
54660.0,1.2249,0.5205487739967799,0.5205487739967799,0.1134122292629364,50.0049450549451,50.004945054945864
54720.0,1.2248,0.5197129489493143,0.5197129489493143,0.1132203093016384,50.004945054945544,50.00494505494599
54780.0,1.2247000000000001,0.5188795916037263,0.5188795916037263,0.11302911391581491,50.004945054945665,50.00494505494536
54840.0,1.2246,0.5180486930719085,0.5180486930719085,0.11283864030174102,50.00494505494531,50.00494505494545
54900.0,1.2245000000000001,0.5172202445002938,0.5172202445002938,0.1126488856580134,50.004945054945445,50.00494505494556
54960.0,1.2244000000000002,0.5163942370697182,0.5163942370697182,0.11245984718612433,50.004945054945836,50.004945054945374
55020.0,1.2243,0.5155706619952835,0.5155706619952835,0.11227152209098275,50.004945054945445,50.00494505494456
55080.0,1.2242000000000002,0.514749510526216,0.514749510526216,0.11208390758138578,50.00494505494573,50.00494505494495
55140.0,1.2241,0.513930773945732,0.513930773945732,0.11189700087044466,50.00494505494539,50.00494505494485
55200.0,1.2240000000000002,0.5131144435708971,0.5131144435708971,0.11171079917597854,50.00494505494519,50.00494505494476
55260.0,1.2239000000000002,0.5123005107524911,0.5123005107524911,0.11152529972086823,50.00494505494409,50.004945054944784
55320.0,1.2238,0.5114889668748691,0.5114889668748691,0.11134049973338017,50.00494505494453,50.00494505494496
55380.0,1.2237000000000002,0.5106798033558255,0.5106798033558255,0.11115639644746544,50.00494505494432,50.004945054945416
55440.0,1.2236,0.5098730116464582,0.5098730116464582,0.11097298710302873,50.00494505494452,50.004945054945594
55500.0,1.2235,0.509068583231031,0.509068583231031,0.11079026894617838,50.004945054945196,50.00494505494541
55560.0,1.2234000000000003,0.5082665096268408,0.5082665096268408,0.11060823922945592,50.00494505494535,50.0049450549451
55620.0,1.2233,0.5074667823840872,0.5074667823840872,0.11042689521204362,50.004945054945345,50.00494505494516
55680.0,1.2232,0.5066693930857286,0.5066693930857286,0.11024623415995767,50.00494505494491,50.00494505494492
55740.0,1.2231,0.5058743333473597,0.5058743333473597,0.11006625334622518,50.00494505494547,50.004945054945026
55800.0,1.223,0.5050815948170738,0.5050815948170738,0.109886950051047,50.00494505494518,50.004945054945175
55860.0,1.2229333333333334,0.5042911906896084,0.5042911906896084,0.1097078763791428,50.00494505494534,50.00494505494499
55920.0,1.2228666666666668,0.503503133929916,0.503503133929916,0.10952919721963239,50.00494505494534,50.00494505494531
55980.0,1.2228,0.5027174159081864,0.5027174159081864,0.10935106218662657,50.00494505494566,50.004945054944955
56040.0,1.2227333333333334,0.5019340280263305,0.5019340280263305,0.10917351532620952,50.00494505494618,50.00494505494553
56100.0,1.2226666666666668,0.5011529617208343,0.5011529617208343,0.10899657839573224,50.00494505494626,50.00494505494567
56160.0,1.2226000000000001,0.500374208462613,0.500374208462613,0.10882026381413756,50.004945054946226,50.00494505494556
56220.0,1.2225333333333335,0.4995977597568636,0.4995977597568636,0.10864457913142249,50.00494505494588,50.00494505494523
56280.0,1.2224666666666668,0.4988236071429273,0.4988236071429273,0.10846952902732232,50.00494505494622,50.00494505494498
56340.0,1.2224000000000002,0.49805174219413895,0.49805174219413895,0.10829511634783828,50.004945054945416,50.00494505494494
56400.0,1.2223333333333335,0.49728215651768953,0.49728215651768953,0.10812134269840575,50.004945054945615,50.00494505494512
56460.0,1.2222666666666668,0.4965148417544867,0.4965148417544867,0.1079482088083092,50.004945054945644,50.004945054945075
56520.0,1.2222,0.4957497895790102,0.4957497895790102,0.10777571476696216,50.00494505494588,50.004945054945054
56580.0,1.2221333333333333,0.4949869916991782,0.4949869916991782,0.10760386018376136,50.004945054945594,50.004945054945026
56640.0,1.2220666666666669,0.4942264398562013,0.4942264398562013,0.10743264430003066,50.004945054945146,50.00494505494485
56700.0,1.2220000000000002,0.4934681258244514,0.4934681258244514,0.10726206606968722,50.00494505494472,50.00494505494502
56760.0,1.2219333333333333,0.492712041411322,0.492712041411322,0.10709212421878621,50.004945054945374,50.00494505494476
56820.0,1.2218666666666667,0.4919581784570932,0.4919581784570932,0.1069228172903981,50.004945054945686,50.004945054944514
56880.0,1.2218000000000002,0.49120652883479443,0.49120652883479443,0.10675414367903649,50.00494505494484,50.004945054945225
56940.0,1.2217333333333333,0.4904570844500726,0.4904570844500726,0.10658610165748926,50.00494505494507,50.004945054945516
57000.0,1.2216666666666667,0.4897098372410584,0.4897098372410584,0.10641868939802054,50.00494505494572,50.00494505494561
57060.0,1.2216,0.4889647791782292,0.4889647791782292,0.10625190498933762,50.00494505494554,50.00494505494557
57120.0,1.2215333333333334,0.4882219022642814,0.4882219022642814,0.10608574645030985,50.00494505494564,50.004945054945196
57180.0,1.2214666666666667,0.48748119853399685,0.48748119853399685,0.10592021174118271,50.00494505494559,50.00494505494517
57240.0,1.2214,0.48674266005411065,0.48674266005411065,0.10575529877281997,50.00494505494585,50.004945054945345
57300.0,1.2213333333333334,0.48600627892318304,0.48600627892318304,0.10559100541438989,50.004945054945765,50.00494505494532
57360.0,1.2212666666666667,0.4852720472714677,0.4852720472714677,0.10542732949979991,50.0049450549457,50.00494505494527
57420.0,1.2212,0.48453995726078636,0.48453995726078636,0.10526426883312802,50.00494505494536,50.004945054945225
57480.0,1.2211333333333334,0.4838100010843954,0.4838100010843954,0.10510182119322783,50.00494505494588,50.00494505494566
57540.0,1.2210666666666667,0.48308217096686357,0.48308217096686357,0.10493998433766534,50.00494505494629,50.00494505494619
57600.0,1.221,0.48235645916393755,0.48235645916393755,0.10477875600609489,50.00494505494627,50.00494505494515
57660.0,1.2209333333333334,0.4816328579624223,0.4816328579624223,0.10461813392317573,50.00494505494622,50.00494505494556
57720.0,1.2208666666666665,0.48091135968005144,0.48091135968005144,0.10445811580109632,50.00494505494661,50.00494505494527
57780.0,1.2208,0.4801919566653617,0.4801919566653617,0.1042986993417773,50.004945054946425,50.00494505494557
57840.0,1.2207333333333334,0.4794746412975695,0.4794746412975695,0.10413988223879188,50.00494505494631,50.00494505494567
57900.0,1.2206666666666668,0.4787594059864426,0.4787594059864426,0.10398166217905802,50.00494505494586,50.00494505494575
57960.0,1.2206,0.47804624317217886,0.47804624317217886,0.10382403684432359,50.00494505494593,50.004945054945594
58020.0,1.2205333333333335,0.4773351453252838,0.4773351453252838,0.10366700391248058,50.00494505494606,50.00494505494548
58080.0,1.2204666666666668,0.4766261049464406,0.4766261049464406,0.10351056105873227,50.00494505494534,50.00494505494525
58140.0,1.2204000000000002,0.47591911456639546,0.47591911456639546,0.10335470595662895,50.00494505494554,50.00494505494623
58200.0,1.2203333333333333,0.4752141667458295,0.4752141667458295,0.10319943627899099,50.004945054946056,50.00494505494614
58260.0,1.2202666666666668,0.4745112540752358,0.4745112540752358,0.10304474969873695,50.00494505494549,50.00494505494564
58320.0,1.2202000000000002,0.47381036917479996,0.47381036917479996,0.10289064388962346,50.00494505494593,50.00494505494525
58380.0,1.2201333333333335,0.4731115046942781,0.4731115046942781,0.10273711652691092,50.004945054945736,50.00494505494526
58440.0,1.2200666666666666,0.47241465331287597,0.47241465331287597,0.10258416528796115,50.00494505494582,50.0049450549453
58500.0,1.22,0.47171980773912503,0.47171980773912503,0.10243178785278026,50.004945054945786,50.00494505494509
58560.0,1.2199333333333335,0.47102696071076616,0.47102696071076616,0.10227998190450348,50.00494505494657,50.00494505494548
58620.0,1.2198666666666667,0.47033610499462464,0.47033610499462464,0.10212874512983944,50.00494505494605,50.004945054945274
58680.0,1.2198,0.46964723338649506,0.46964723338649506,0.10197807521946928,50.004945054945956,50.004945054944926
58740.0,1.2197333333333333,0.4689603387110187,0.4689603387110187,0.10182796986841393,50.00494505494595,50.004945054945
58800.0,1.219666666666667,0.46827541382156584,0.46827541382156584,0.10167842677636223,50.00494505494572,50.00494505494469
58860.0,1.2196,0.4675924516001169,0.4675924516001169,0.10152944364797288,50.004945054945686,50.004945054944756
58920.0,1.2195333333333334,0.466911444957144,0.466911444957144,0.10138101819315004,50.004945054945296,50.00494505494497
58980.0,1.2194666666666667,0.46623238683149354,0.46623238683149354,0.10123314812729335,50.00494505494537,50.004945054944834
59040.0,1.2194000000000003,0.4655552701902704,0.4655552701902704,0.10108583117152836,50.00494505494545,50.004945054944535
59100.0,1.2193333333333334,0.46488008802871544,0.46488008802871544,0.10093906505291479,50.00494505494559,50.00494505494471
59160.0,1.2192666666666667,0.46420683337009805,0.46420683337009805,0.10079284750463877,50.00494505494474,50.00494505494475
59220.0,1.2192,0.4635354992655931,0.4635354992655931,0.10064717626618824,50.0049450549439,50.004945054944464
59280.0,1.2191333333333336,0.4628660787941702,0.4628660787941702,0.10050204908351434,50.00494505494389,50.00494505494477
59340.0,1.2190666666666667,0.46219856506247614,0.46219856506247614,0.10035746370917824,50.004945054944294,50.004945054944834
59400.0,1.219,0.4615329512047224,0.4615329512047224,0.10021341790248658,50.0049450549444,50.00494505494507
59460.0,1.2189666666666668,0.4608692485080698,0.4608692485080698,0.10006949611804203,50.004945054944,50.00494505494495
59520.0,1.2189333333333334,0.4602074680716084,0.4602074680716084,0.09992585816484481,50.0049450549446,50.0049450549446
59580.0,1.2189,0.4595476028039351,0.4595476028039351,0.09978264497019597,50.00494505494436,50.004945054944635
59640.0,1.2188666666666668,0.45888964564049234,0.45888964564049234,0.09963989656014367,50.00494505494552,50.00494505494491
59700.0,1.2188333333333334,0.45823358954597015,0.45823358954597015,0.09949763232009755,50.00494505494545,50.004945054945544
59760.0,1.2188,0.4575794275141786,0.4575794275141786,0.09935586314344014,50.00494505494555,50.00494505494525
59820.0,1.2187666666666668,0.45692715256792277,0.45692715256792277,0.09921459556327536,50.004945054945516,50.004945054945544
59880.0,1.2187333333333334,0.4562767577588752,0.4562767577588752,0.09907383357698625,50.00494505494589,50.00494505494538
59940.0,1.2187,0.45562823616745646,0.45562823616745646,0.09893357958174807,50.004945054945395,50.0049450549454
60000.0,1.2186666666666668,0.45498158090270785,0.45498158090270785,0.0987938349042928,50.004945054945054,50.00494505494489
60060.0,1.2186333333333335,0.4543367851021715,0.4543367851021715,0.09865460012321492,50.00494505494544,50.00494505494502
60120.0,1.2186000000000001,0.4536938419317657,0.4536938419317657,0.09851587527604495,50.00494505494554,50.00494505494467
60180.0,1.2185666666666668,0.4530527445856654,0.4530527445856654,0.09837765999815501,50.00494505494467,50.004945054944855
60240.0,1.2185333333333335,0.4524134862861791,0.4524134862861791,0.0982399536192461,50.004945054944486,50.00494505494519
60300.0,1.2185000000000001,0.45177606028363093,0.45177606028363093,0.09810275523235473,50.00494505494387,50.00494505494512
60360.0,1.2184666666666666,0.45114045985623996,0.45114045985623996,0.09796606374442392,50.00494505494491,50.00494505494489
60420.0,1.2184333333333333,0.45050667830999974,0.45050667830999974,0.09782987791415643,50.00494505494567,50.00494505494445
60480.0,1.2184,0.4498747089785606,0.4498747089785606,0.09769419638087104,50.004945054944955,50.004945054945075
60540.0,1.2183666666666668,0.4492445452231145,0.4492445452231145,0.09755901768684669,50.004945054945054,50.00494505494492
60600.0,1.2183333333333335,0.4486161804322704,0.4486161804322704,0.09742434029488484,50.004945054944976,50.00494505494474
60660.0,1.2183,0.4479896080219495,0.4479896080219495,0.09729016260227484,50.004945054945054,50.00494505494505
60720.0,1.2182666666666666,0.44736482143525425,0.44736482143525425,0.09715648295203101,50.00494505494497,50.0049450549446
60780.0,1.2182333333333333,0.446741814142365,0.446741814142365,0.09702329964203014,50.00494505494536,50.00494505494445
60840.0,1.2182,0.44612057964041785,0.44612057964041785,0.09689061093250359,50.00494505494428,50.00494505494437
60900.0,1.2181666666666666,0.4455011114533909,0.4455011114533909,0.09675841505223969,50.004945054944315,50.004945054944464
60960.0,1.2181333333333333,0.444883403131992,0.444883403131992,0.09662671020374987,50.00494505494406,50.00494505494418
61020.0,1.2181000000000002,0.44426744825354525,0.44426744825354525,0.09649549456761197,50.00494505494422,50.004945054944685
61080.0,1.2180666666666666,0.4436532404218774,0.4436532404218774,0.09636476630613616,50.00494505494421,50.004945054944336
61140.0,1.2180333333333333,0.4430407732671998,0.4430407732671998,0.09623452356648406,50.00494505494433,50.00494505494477
61200.0,1.218,0.4424300404460077,0.4424300404460077,0.09610476448333492,50.00494505494428,50.00494505494475
61260.0,1.2179333333333333,0.44182101899500453,0.44182101899500453,0.09597588466425533,50.00494505494476,50.00494505494494
61320.0,1.2178666666666667,0.44121368617016943,0.44121368617016943,0.09584772333494868,50.0049450549451,50.00494505494481
61380.0,1.2178,0.44060803598182774,0.44060803598182774,0.09572014010437215,50.004945054944,50.00494505494401
61440.0,1.2177333333333333,0.4400040624664549,0.4400040624664549,0.09559309309458401,50.00494505494464,50.004945054944535
61500.0,1.2176666666666665,0.43940175968426876,0.43940175968426876,0.0954665602187644,50.0049450549454,50.004945054944656
61560.0,1.2176,0.43880112171912977,0.43880112171912977,0.09534052745268586,50.00494505494515,50.00494505494507
61620.0,1.2175333333333334,0.4382021426784449,0.4382021426784449,0.09521498488041895,50.00494505494479,50.00494505494455
61680.0,1.2174666666666667,0.43760481669307577,0.43760481669307577,0.09508992496104388,50.00494505494439,50.004945054944336
61740.0,1.2173999999999998,0.4370091379172379,0.4370091379172379,0.09496534164592249,50.00494505494484,50.00494505494467
61800.0,1.2173333333333334,0.4364151005284111,0.4364151005284111,0.09484122988196421,50.00494505494481,50.004945054944386
61860.0,1.2172666666666667,0.4358226987272421,0.4358226987272421,0.09471758531123328,50.004945054945026,50.00494505494468
61920.0,1.2171999999999998,0.43523192673745,0.43523192673745,0.09459440407905635,50.004945054945644,50.00494505494541
61980.0,1.2171333333333332,0.4346427788057313,0.4346427788057313,0.09447168270602309,50.00494505494597,50.00494505494521
62040.0,1.2170666666666667,0.4340552492016705,0.4340552492016705,0.09434941799955865,50.00494505494637,50.00494505494538
62100.0,1.217,0.4334693322176402,0.4334693322176402,0.09422760699101815,50.004945054946475,50.00494505494569
62160.0,1.2169333333333332,0.43288502216871366,0.43288502216871366,0.09410624688983066,50.004945054946525,50.00494505494544
62220.0,1.2168666666666665,0.43230231339256736,0.43230231339256736,0.09398533504935529,50.00494505494679,50.004945054945374
62280.0,1.2168,0.43172120024939103,0.43172120024939103,0.09386486894098843,50.00494505494654,50.00494505494558
62340.0,1.2167333333333332,0.4311416771217912,0.4311416771217912,0.09374484613421032,50.004945054947356,50.004945054945466
62400.0,1.2166666666666666,0.43056373841470735,0.43056373841470735,0.0936252642809906,50.00494505494634,50.00494505494516
62460.0,1.2166,0.4299873785553092,0.4299873785553092,0.09350612110344346,50.00494505494599,50.00494505494553
62520.0,1.2165333333333332,0.42941259199291276,0.42941259199291276,0.09338741438394575,50.00494505494546,50.00494505494531
62580.0,1.2164666666666666,0.42883937319888604,0.42883937319888604,0.09326914195714142,50.00494505494536,50.00494505494475
62640.0,1.2164,0.4282677166665576,0.4282677166665576,0.0931513017034153,50.00494505494469,50.004945054945075
62700.0,1.216333333333333,0.4276976169111287,0.4276976169111287,0.09303389154351843,50.0049450549451,50.00494505494511
62760.0,1.2162666666666666,0.4271290684695792,0.4271290684695792,0.09291690943410687,50.00494505494509,50.004945054945395
62820.0,1.2162,0.4265620659005785,0.4265620659005785,0.09280035336401313,50.00494505494484,50.004945054945566
62880.0,1.2161333333333333,0.42599660378439735,0.42599660378439735,0.09268422135110765,50.00494505494595,50.0049450549453
62940.0,1.2160666666666664,0.42543267672281865,0.42543267672281865,0.09256851143964169,50.00494505494618,50.004945054945075
63000.0,1.216,0.4248702793390455,0.4248702793390455,0.092453221697983,50.00494505494489,50.00494505494476
63060.0,1.2159333333333333,0.4243094062776155,0.4243094062776155,0.09233835021667677,50.00494505494524,50.004945054944514
63120.0,1.2158666666666664,0.42375005220430945,0.42375005220430945,0.09222389510677706,50.00494505494441,50.004945054944336
63180.0,1.2157999999999998,0.4231922118060683,0.4231922118060683,0.09210985449840416,50.00494505494511,50.00494505494494
63240.0,1.2157333333333333,0.4226358797908994,0.4226358797908994,0.0919962265394868,50.00494505494475,50.00494505494493
63300.0,1.2156666666666667,0.4220810508877937,0.4220810508877937,0.09188300939466963,50.004945054945026,50.00494505494408
63360.0,1.2155999999999998,0.421527719846639,0.421527719846639,0.09177020124435444,50.004945054945125,50.004945054944
63420.0,1.2155333333333331,0.42097588143812953,0.42097588143812953,0.09165780028385319,50.004945054945324,50.004945054944784
63480.0,1.2154666666666667,0.42042553045368547,0.42042553045368547,0.09154580472264316,50.004945054944585,50.00494505494435
63540.0,1.2154,0.4198766617053637,0.4198766617053637,0.09143421278370578,50.00494505494525,50.00494505494439
63600.0,1.2153333333333332,0.4193292700257755,0.4193292700257755,0.09132302270294011,50.00494505494542,50.00494505494469
63660.0,1.2152666666666665,0.41878335026799707,0.41878335026799707,0.09121223272863524,50.00494505494523,50.00494505494472
63720.0,1.2152,0.41823889730549135,0.41823889730549135,0.09110184112100231,50.004945054945246,50.00494505494526
63780.0,1.2151333333333334,0.4176959060320213,0.4176959060320213,0.09099184615175147,50.00494505494542,50.00494505494532
63840.0,1.2150666666666665,0.41715437136156447,0.41715437136156447,0.09088224610371096,50.00494505494534,50.00494505494526
63900.0,1.2149999999999999,0.4166142882282351,0.4166142882282351,0.09077303927048501,50.00494505494542,50.00494505494574
63960.0,1.2149333333333334,0.416075651586197,0.416075651586197,0.09066422395613884,50.00494505494521,50.00494505494494
64020.0,1.2148666666666665,0.4155384564095836,0.4155384564095836,0.09055579847492014,50.004945054944436,50.004945054945146
64080.0,1.2147999999999999,0.4150026976924168,0.4150026976924168,0.09044776115099562,50.00494505494441,50.004945054944685
64140.0,1.2147333333333332,0.41446837044852264,0.41446837044852264,0.09034011031821865,50.004945054944756,50.004945054944876
64200.0,1.2146666666666666,0.41393546971145484,0.41393546971145484,0.09023284431991091,50.004945054945104,50.004945054945296
64260.0,1.2146,0.41340399053441107,0.41340399053441107,0.09012596150866359,50.004945054944685,50.00494505494512
64320.0,1.2145333333333332,0.4128739279901549,0.4128739279901549,0.09001946024615473,50.00494505494417,50.00494505494455
64380.0,1.2144666666666666,0.4123452771709345,0.4123452771709345,0.08991333890298102,50.004945054944386,50.0049450549454
64440.0,1.2144,0.41181803318840426,0.41181803318840426,0.08980759585849828,50.00494505494459,50.00494505494501
64500.0,1.2143333333333333,0.41129219117354376,0.41129219117354376,0.08970222950067877,50.00494505494513,50.004945054945395
64560.0,1.2142666666666666,0.4107677462765845,0.4107677462765845,0.08959723822597361,50.0049450549459,50.0049450549455
64620.0,1.2142,0.41024469366692423,0.41024469366692423,0.08949262043918797,50.004945054945736,50.00494505494539
64680.0,1.2141333333333333,0.40972302853305614,0.40972302853305614,0.08938837455336222,50.00494505494547,50.004945054945296
64740.0,1.2140666666666666,0.4092027460824851,0.4092027460824851,0.0892844989896616,50.004945054945914,50.004945054945175
64800.0,1.214,0.4086838415416546,0.4086838415416546,0.08918099217727246,50.0049450549455,50.004945054945836
64860.0,1.2139666666666666,0.4081663243487068,0.4081663243487068,0.0890774847621771,50.00494505494506,50.00494505494547
64920.0,1.2139333333333333,0.4076502038031146,0.4076502038031146,0.08897412768312292,50.00494505494534,50.004945054945495
64980.0,1.2139,0.40713547496347174,0.40713547496347174,0.08887104899169497,50.00494505494526,50.00494505494563
65040.0,1.2138666666666666,0.40662213290660537,0.40662213290660537,0.08876828286584082,50.004945054944976,50.00494505494477
65100.0,1.2138333333333333,0.4061101727294666,0.4061101727294666,0.08866584535973863,50.00494505494504,50.004945054944955
65160.0,1.2138,0.40559958954904557,0.40559958954904557,0.08856374530685142,50.004945054944514,50.00494505494458
65220.0,1.2137666666666667,0.40509037850228213,0.40509037850228213,0.08846198792828203,50.00494505494488,50.004945054944955
65280.0,1.2137333333333333,0.4045825347459827,0.4045825347459827,0.08836057639086303,50.00494505494469,50.004945054944834
65340.0,1.2137,0.4040760534567327,0.4040760534567327,0.08825951259046738,50.004945054944656,50.00494505494552
65400.0,1.2136666666666667,0.40357092983081844,0.40357092983081844,0.08815879758779929,50.0049450549447,50.00494505494576
65460.0,1.2136333333333333,0.40306715908413043,0.40306715908413043,0.08805843186927977,50.004945054944734,50.00494505494513
65520.0,1.2136,0.4025647364520915,0.4025647364520915,0.08795841551219596,50.004945054944734,50.00494505494452
65580.0,1.2135666666666667,0.40206365718956516,0.40206365718956516,0.08785874829396648,50.004945054944606,50.00494505494495
65640.0,1.2135333333333334,0.4015639165707739,0.4015639165707739,0.08775942976707982,50.00494505494427,50.004945054944734
65700.0,1.2135,0.4010655098892157,0.4010655098892157,0.08766045931204754,50.004945054945296,50.00494505494558
65760.0,1.2134666666666667,0.4005684324575796,0.4005684324575796,0.08756183617578088,50.00494505494517,50.0049450549455
65820.0,1.2134333333333334,0.4000726796076664,0.4000726796076664,0.08746355950000857,50.00494505494532,50.00494505494533
65880.0,1.2134,0.39957824669030234,0.39957824669030234,0.08736562834272381,50.004945054945864,50.00494505494551
65940.0,1.2133666666666665,0.39908512907525734,0.39908512907525734,0.087268041694635,50.00494505494581,50.0049450549454
66000.0,1.2133333333333334,0.3985933221511639,0.3985933221511639,0.08717079849197473,50.00494505494603,50.004945054945885
66060.0,1.2133,0.39810282132543573,0.39810282132543573,0.08707389762659475,50.00494505494647,50.00494505494581
66120.0,1.2132666666666667,0.397613622024185,0.397613622024185,0.08697733795402617,50.00494505494638,50.00494505494568
66180.0,1.2132333333333334,0.3971257196921423,0.3971257196921423,0.08688111829997272,50.004945054946916,50.00494505494527
66240.0,1.2132,0.39663910979257405,0.39663910979257405,0.08678523746559877,50.004945054946404,50.00494505494516
66300.0,1.2131666666666667,0.3961537878072033,0.3961537878072033,0.08668969423186551,50.00494505494627,50.00494505494549
66360.0,1.2131333333333334,0.39566974923613,0.39566974923613,0.08659448736312494,50.00494505494611,50.004945054944926
66420.0,1.2130999999999998,0.3951869895977499,0.3951869895977499,0.08649961561010985,50.00494505494594,50.004945054945395
66480.0,1.2130666666666667,0.3947055044286725,0.3947055044286725,0.08640507771244506,50.00494505494628,50.004945054945615
66540.0,1.2130333333333334,0.39422528928364825,0.39422528928364825,0.08631087240076517,50.00494505494623,50.004945054945374
66600.0,1.213,0.39374633973548184,0.39374633973548184,0.0862169983985135,50.00494505494641,50.00494505494558
66660.0,1.2129666666666667,0.3932686513749585,0.3932686513749585,0.086123454423476,50.00494505494596,50.00494505494538
66720.0,1.2129333333333334,0.39279221981076196,0.39279221981076196,0.08603023918909636,50.00494505494619,50.00494505494548
66780.0,1.2129,0.3923170406694005,0.3923170406694005,0.08593735140560874,50.004945054945885,50.0049450549461
66840.0,1.2128666666666665,0.3918431095951239,0.3918431095951239,0.08584478978101615,50.004945054945736,50.00494505494549
66900.0,1.2128333333333332,0.39137042224985,0.39137042224985,0.08575255302194071,50.00494505494537,50.0049450549454
66960.0,1.2128,0.3908989743130837,0.3908989743130837,0.08566063983436477,50.00494505494585,50.00494505494556
67020.0,1.2127666666666668,0.39042876148184447,0.39042876148184447,0.08556904892427541,50.00494505494537,50.004945054945246
67080.0,1.2127333333333334,0.3899597794705853,0.3899597794705853,0.08547777899823254,50.00494505494477,50.00494505494548
67140.0,1.2127,0.3894920240111168,0.3894920240111168,0.08538682876386733,50.00494505494557,50.004945054945914
67200.0,1.2126666666666666,0.38902549085253363,0.38902549085253363,0.085296196930319,50.004945054945075,50.00494505494545
67260.0,1.2126333333333332,0.3885601757611363,0.3885601757611363,0.08520588220862568,50.00494505494514,50.00494505494519
67320.0,1.2126,0.38809607452035777,0.38809607452035777,0.0851158833120642,50.00494505494521,50.004945054946
67380.0,1.2125666666666666,0.3876331829306849,0.3876331829306849,0.08502619895645523,50.00494505494466,50.004945054945324
67440.0,1.2125333333333332,0.3871714968095852,0.3871714968095852,0.08493682786043386,50.004945054945345,50.004945054945196
67500.0,1.2125000000000001,0.38671101199143243,0.38671101199143243,0.08484776874568895,50.00494505494521,50.004945054945686
67560.0,1.2124666666666666,0.3862517243274334,0.3862517243274334,0.08475902033717868,50.004945054945814,50.004945054945544
67620.0,1.2124333333333333,0.3857936296855494,0.3857936296855494,0.08467058136331883,50.00494505494578,50.004945054945175
67680.0,1.2124,0.38533672395042773,0.38533672395042773,0.08458245055615547,50.004945054946106,50.004945054945175
67740.0,1.2123666666666666,0.38488100302332434,0.38488100302332434,0.08449462665151611,50.00494505494555,50.004945054945466
67800.0,1.2123333333333333,0.3844264628220321,0.3844264628220321,0.08440710838914449,50.00494505494517,50.00494505494461
67860.0,1.2123,0.3839730992808078,0.3839730992808078,0.08431989451282543,50.004945054945345,50.00494505494511
67920.0,1.2122666666666666,0.3835209083502983,0.3835209083502983,0.0842329837704897,50.00494505494505,50.00494505494517
67980.0,1.2122333333333333,0.38306988599747027,0.38306988599747027,0.08414637491431283,50.00494505494466,50.00494505494515
68040.0,1.2122,0.3826200282055367,0.3826200282055367,0.0840600667008031,50.00494505494542,50.004945054944905
68100.0,1.2121666666666666,0.3821713309738834,0.3821713309738834,0.08397405789087735,50.004945054945644,50.00494505494582
68160.0,1.2121333333333333,0.381723790318001,0.381723790318001,0.08388834724993002,50.004945054945566,50.00494505494521
68220.0,1.2121,0.38127740226941365,0.38127740226941365,0.08380293354789622,50.0049450549455,50.00494505494552
68280.0,1.2120666666666664,0.380832162875603,0.380832162875603,0.08371781555930587,50.00494505494541,50.004945054945246
68340.0,1.2120333333333333,0.380388068199945,0.380388068199945,0.0836329920633317,50.004945054945935,50.00494505494548
68400.0,1.212,0.37994511432163325,0.37994511432163325,0.08354846184383284,50.004945054945935,50.00494505494532
68460.0,1.2119666666666666,0.37950329733561305,0.37950329733561305,0.08346422368939303,50.004945054945935,50.00494505494556
68520.0,1.2119333333333333,0.37906261335251046,0.37906261335251046,0.08338027639335256,50.004945054945885,50.004945054945956
68580.0,1.2119,0.37862305849856215,0.37862305849856215,0.08329661875383938,50.00494505494555,50.00494505494525
68640.0,1.2118666666666666,0.3781846289155497,0.3781846289155497,0.0832132495737932,50.004945054945395,50.00494505494517
68700.0,1.211833333333333,0.3777473207607271,0.3777473207607271,0.0831301676609873,50.00494505494544,50.004945054945125
68760.0,1.2117999999999998,0.37731113020675366,0.37731113020675366,0.08304737182804714,50.00494505494594,50.0049450549451
68820.0,1.2117666666666667,0.3768760534416265,0.3768760534416265,0.08296486089246614,50.00494505494524,50.0049450549456
68880.0,1.2117333333333333,0.3764420866686144,0.3764420866686144,0.08288263367661869,50.00494505494504,50.004945054944976
68940.0,1.2117,0.3760092261061867,0.3760092261061867,0.082800689007771,50.0049450549449,50.004945054945125
69000.0,1.2116666666666667,0.3755774679879495,0.3755774679879495,0.08271902571808756,50.00494505494446,50.00494505494478
69060.0,1.2116333333333333,0.37514680856257837,0.37514680856257837,0.0826376426446402,50.00494505494542,50.00494505494476
69120.0,1.2116,0.3747172440937514,0.3747172440937514,0.08255653862940952,50.00494505494584,50.00494505494514
69180.0,1.2115666666666667,0.3742887708600832,0.3742887708600832,0.0824757125192892,50.00494505494573,50.004945054944585
69240.0,1.2115333333333334,0.37386138515506045,0.37386138515506045,0.0823951631660859,50.00494505494555,50.00494505494492
69300.0,1.2115,0.3734350832869738,0.3734350832869738,0.08231488942651935,50.00494505494515,50.00494505494464
69360.0,1.2114666666666667,0.3730098615788572,0.3730098615788572,0.08223489016222035,50.00494505494516,50.00494505494533
69420.0,1.2114333333333334,0.3725857163684188,0.3725857163684188,0.08215516423972578,50.00494505494527,50.00494505494474
69480.0,1.2114,0.3721626440079793,0.3721626440079793,0.08207571053047694,50.004945054944855,50.0049450549445
69540.0,1.2113666666666667,0.37174064086440695,0.37174064086440695,0.08199652791081184,50.004945054945054,50.004945054944386
69600.0,1.2113333333333334,0.3713197033190546,0.3713197033190546,0.08191761526195974,50.0049450549447,50.00494505494431
69660.0,1.2113,0.370899827767697,0.370899827767697,0.08183897147003338,50.00494505494499,50.004945054944535
69720.0,1.2112666666666667,0.37048101062046324,0.37048101062046324,0.08176059542601997,50.00494505494495,50.004945054944194
69780.0,1.2112333333333334,0.3700632483017814,0.3700632483017814,0.08168248602577342,50.00494505494444,50.00494505494465
69840.0,1.2112,0.36964653725030766,0.36964653725030766,0.08160464217000259,50.00494505494544,50.004945054945026
69900.0,1.2111666666666667,0.36923087391887294,0.36923087391887294,0.0815270627642625,50.00494505494419,50.00494505494454
69960.0,1.2111333333333334,0.3688162547744153,0.3688162547744153,0.081449746718943,50.00494505494441,50.004945054944734
70020.0,1.2111,0.36840267629791795,0.36840267629791795,0.0813726929492553,50.004945054944095,50.004945054944564
70080.0,1.2110666666666667,0.367990134984352,0.367990134984352,0.08129590037522166,50.00494505494398,50.00494505494469
70140.0,1.2110333333333334,0.3675786273426157,0.3675786273426157,0.08121936792166086,50.004945054944756,50.0049450549447
70200.0,1.211,0.3671681498954681,0.3671681498954681,0.08114309451817596,50.00494505494443,50.00494505494489
70260.0,1.2109666666666667,0.366758699179475,0.366758699179475,0.08106707909914049,50.00494505494451,50.00494505494517
70320.0,1.2109333333333334,0.36635027174494533,0.36635027174494533,0.08099132060368346,50.00494505494437,50.004945054944756
70380.0,1.2109,0.3659428641558725,0.3659428641558725,0.08091581797567601,50.004945054944095,50.00494505494496
70440.0,1.2108666666666668,0.3655364729898765,0.3655364729898765,0.08084057016371549,50.00494505494496,50.00494505494474
70500.0,1.2108333333333334,0.36513109483814254,0.36513109483814254,0.08076557612111088,50.004945054944606,50.00494505494465
70560.0,1.2108,0.36472672630536335,0.36472672630536335,0.0806908348058667,50.004945054944955,50.004945054944535
70620.0,1.2107666666666668,0.3643233640096792,0.3643233640096792,0.0806163451806683,50.00494505494476,50.00494505494452
70680.0,1.2107333333333334,0.3639210045826233,0.3639210045826233,0.08054210621286456,50.004945054944635,50.00494505494423
70740.0,1.2106999999999999,0.3635196446690598,0.3635196446690598,0.08046811687445253,50.00494505494466,50.00494505494458
70800.0,1.2106666666666666,0.36311928092712786,0.36311928092712786,0.08039437614206041,50.0049450549443,50.00494505494419
70860.0,1.2106333333333335,0.36271991002818404,0.36271991002818404,0.08032088299693073,50.00494505494423,50.00494505494428
70920.0,1.2106000000000001,0.36232152865674555,0.36232152865674555,0.08024763642490478,50.0049450549445,50.00494505494468
70980.0,1.2105666666666668,0.3619241335104324,0.3619241335104324,0.08017463541640353,50.004945054943676,50.00494505494504
71040.0,1.2105333333333335,0.3615277212999097,0.3615277212999097,0.08010187896641188,50.004945054943676,50.00494505494475
71100.0,1.2105000000000001,0.3611322887488371,0.3611322887488371,0.08002936607446098,50.00494505494411,50.00494505494422
71160.0,1.2104666666666666,0.3607378325938049,0.3607378325938049,0.07995709574461067,50.00494505494414,50.00494505494451
71220.0,1.2104333333333333,0.3603443495842827,0.3603443495842827,0.07988506698543249,50.004945054943974,50.004945054945104
71280.0,1.2104,0.3599518364825633,0.3599518364825633,0.07981327880998974,50.004945054943754,50.0049450549446
71340.0,1.2103666666666668,0.3595602900637069,0.3595602900637069,0.07974173023582276,50.00494505494412,50.0049450549447
71400.0,1.2103333333333335,0.359169707115484,0.359169707115484,0.07967042028492959,50.00494505494443,50.00494505494466
71460.0,1.2103,0.35878008443832604,0.35878008443832604,0.07959934798374696,50.00494505494435,50.004945054944606
71520.0,1.2102666666666666,0.3583914188452651,0.3583914188452651,0.07952851236313468,50.00494505494423,50.0049450549453
71580.0,1.2102333333333333,0.3580037071618813,0.3580037071618813,0.07945791245835454,50.004945054944116,50.00494505494448
71640.0,1.2102,0.3576169462262523,0.3576169462262523,0.07938754730905541,50.00494505494443,50.00494505494468
71700.0,1.2101666666666666,0.35723113288889197,0.35723113288889197,0.07931741595925178,50.00494505494416,50.00494505494454
71760.0,1.2101333333333333,0.3568462640127055,0.3568462640127055,0.07924751745730821,50.00494505494427,50.004945054944514
71820.0,1.2101000000000002,0.35646233647292946,0.35646233647292946,0.0791778508559196,50.00494505494421,50.004945054944564
71880.0,1.2100666666666666,0.3560793471570806,0.3560793471570806,0.07910841521209273,50.00494505494318,50.004945054945004
71940.0,1.2100333333333333,0.35569729296490404,0.35569729296490404,0.07903920958712818,50.00494505494396,50.0049450549444
72000.0,1.21,0.35531617080832,0.35531617080832,0.07897023304660249,50.00494505494295,50.00494505494406
72060.0,1.2099666666666666,0.35493597761137,0.35493597761137,0.07890148466034981,50.0049450549437,50.00494505494396
72120.0,1.2099333333333333,0.3545567103101668,0.3545567103101668,0.07883296350244247,50.004945054943605,50.004945054944436
72180.0,1.2099,0.3541783658528414,0.3541783658528414,0.07876466865117318,50.00494505494376,50.004945054944294
72240.0,1.2098666666666666,0.35380094119949235,0.35380094119949235,0.07869659918903663,50.004945054943185,50.00494505494405
72300.0,1.2098333333333333,0.3534244333221313,0.3534244333221313,0.07862875420271077,50.004945054943384,50.004945054944365
72360.0,1.2098,0.35304883920463614,0.35304883920463614,0.0785611327830394,50.004945054943875,50.00494505494391
72420.0,1.2097666666666667,0.35267415584269374,0.35267415584269374,0.07849373402501235,50.00494505494422,50.00494505494455
72480.0,1.2097333333333333,0.35230038024375687,0.35230038024375687,0.07842655702774777,50.00494505494376,50.00494505494452
72540.0,1.2097,0.35192750942698864,0.35192750942698864,0.07835960089447436,50.00494505494381,50.00494505494454
72600.0,1.2096666666666667,0.35155554042320947,0.35155554042320947,0.07829286473251192,50.004945054943875,50.004945054944564
72660.0,1.2096333333333333,0.35118447027485616,0.35118447027485616,0.07822634765325329,50.00494505494436,50.004945054944244
72720.0,1.2096,0.3508142960359224,0.3508142960359224,0.07816004877214719,50.00494505494463,50.00494505494418
72780.0,1.2095666666666667,0.3504450147719145,0.3504450147719145,0.07809396720867835,50.00494505494375,50.0049450549442
72840.0,1.2095333333333333,0.35007662355979996,0.35007662355979996,0.07802810208635058,50.0049450549435,50.004945054944535
72900.0,1.2095,0.34970911948795885,0.34970911948795885,0.0779624525326667,50.0049450549434,50.00494505494449
72960.0,1.2094666666666667,0.3493424996561342,0.3493424996561342,0.07789701767911254,50.004945054943434,50.00494505494434
73020.0,1.2094333333333334,0.3489767611753825,0.3489767611753825,0.07783179666113847,50.00494505494373,50.00494505494487
73080.0,1.2094,0.3486119011680272,0.3486119011680272,0.07776678861813863,50.004945054943775,50.004945054944564
73140.0,1.2093666666666665,0.3482479167676089,0.3482479167676089,0.0777019926934362,50.004945054943825,50.00494505494457
73200.0,1.2093333333333334,0.347884805118836,0.347884805118836,0.0776374080342642,50.004945054943704,50.00494505494483
73260.0,1.2093,0.3475225633775394,0.3475225633775394,0.07757303379174646,50.00494505494446,50.004945054944386
73320.0,1.2092666666666667,0.34716118871062274,0.34716118871062274,0.07750886912088184,50.00494505494474,50.00494505494483
73380.0,1.2092333333333334,0.3468006782960138,0.3468006782960138,0.07744491318052361,50.004945054943576,50.00494505494456
73440.0,1.2092,0.3464410293226211,0.3464410293226211,0.07738116513336368,50.0049450549437,50.00494505494523
73500.0,1.2091666666666667,0.3460822389902812,0.3460822389902812,0.07731762414591391,50.004945054944656,50.00494505494496
73560.0,1.2091333333333334,0.3457243045097179,0.3457243045097179,0.07725428938848826,50.004945054944386,50.00494505494477
73620.0,1.2090999999999998,0.3453672231024904,0.3453672231024904,0.0771911600351864,50.00494505494444,50.00494505494497
73680.0,1.2090666666666667,0.3450109920009472,0.3450109920009472,0.07712823526387419,50.00494505494364,50.00494505494473
73740.0,1.2090333333333334,0.34465560844818494,0.34465560844818494,0.07706551425616746,50.004945054944045,50.00494505494508
73800.0,1.209,0.34430106969799473,0.34430106969799473,0.07700299619741287,50.00494505494445,50.00494505494517
73860.0,1.2089666666666667,0.3439473730148228,0.3439473730148228,0.07694068027667239,50.004945054944415,50.0049450549449
73920.0,1.2089333333333334,0.3435945156737204,0.3435945156737204,0.07687856568670477,50.004945054944464,50.00494505494459
73980.0,1.2089,0.34324249496029796,0.34324249496029796,0.07681665162394843,50.004945054944436,50.00494505494459
74040.0,1.2088666666666665,0.3428913081706849,0.3428913081706849,0.07675493728850358,50.00494505494395,50.00494505494456
74100.0,1.2088333333333332,0.34254095261147915,0.34254095261147915,0.07669342188411564,50.00494505494426,50.004945054944855
74160.0,1.2087999999999999,0.34219142559970434,0.34219142559970434,0.07663210461815746,50.00494505494477,50.00494505494447
74220.0,1.2087666666666668,0.341842724462764,0.341842724462764,0.07657098470161271,50.004945054944415,50.00494505494431
74280.0,1.2087333333333334,0.3414948465384001,0.3414948465384001,0.07651006134905895,50.004945054944244,50.00494505494449
74340.0,1.2087,0.3411477891746433,0.3411477891746433,0.07644933377865001,50.00494505494416,50.004945054945
74400.0,1.2086666666666668,0.34080154972977367,0.34080154972977367,0.07638880121209865,50.004945054944244,50.00494505494462
74460.0,1.2086333333333334,0.3404561255722742,0.3404561255722742,0.07632846287466045,50.00494505494441,50.00494505494491
74520.0,1.2086,0.34011151408078855,0.34011151408078855,0.07626831799511691,50.004945054944145,50.00494505494459
74580.0,1.2085666666666666,0.33976771264407574,0.33976771264407574,0.07620836580575857,50.004945054944976,50.00494505494439
74640.0,1.2085333333333332,0.33942471866096746,0.33942471866096746,0.07614860554236855,50.00494505494453,50.00494505494457
74700.0,1.2085000000000001,0.33908252954032625,0.33908252954032625,0.0760890364442042,50.004945054945146,50.00494505494449
74760.0,1.2084666666666668,0.3387411427009986,0.3387411427009986,0.0760296577539833,50.00494505494515,50.00494505494521
74820.0,1.2084333333333335,0.3384005555717781,0.3384005555717781,0.07597046871786499,50.004945054945885,50.004945054944834
74880.0,1.2084000000000001,0.338060765591357,0.338060765591357,0.0759114685854353,50.00494505494558,50.004945054944955
74940.0,1.2083666666666666,0.33772177020828714,0.33772177020828714,0.07585265660968904,50.004945054945274,50.00494505494534
75000.0,1.2083333333333333,0.3373835668809363,0.3373835668809363,0.07579403204701468,50.004945054945374,50.00494505494541
75060.0,1.2083,0.3370461530774476,0.3370461530774476,0.07573559415717714,50.004945054945715,50.00494505494485
75120.0,1.2082666666666666,0.3367095262756947,0.3367095262756947,0.07567734220330333,50.004945054945715,50.004945054944734
75180.0,1.2082333333333333,0.33637368396324346,0.33637368396324346,0.07561927545186384,50.00494505494534,50.004945054944955
75240.0,1.2082000000000002,0.3360386236373089,0.3360386236373089,0.07556139317265739,50.00494505494452,50.00494505494493
75300.0,1.2081666666666668,0.3357043428047136,0.3357043428047136,0.07550369463879625,50.0049450549449,50.00494505494493
75360.0,1.2081333333333335,0.3353708389818459,0.3353708389818459,0.07544617912668854,50.00494505494522,50.00494505494534
75420.0,1.2081,0.33503810969462167,0.33503810969462167,0.07538884591602357,50.00494505494564,50.00494505494517
75480.0,1.2080666666666666,0.3347061524784399,0.3347061524784399,0.07533169428975503,50.004945054945544,50.00494505494532
75540.0,1.2080333333333333,0.33437496487814544,0.33437496487814544,0.07527472353408599,50.00494505494576,50.00494505494549
75600.0,1.208,0.3340445444479868,0.3340445444479868,0.07521793293845301,50.00494505494516,50.00494505494491
75660.0,1.2079666666666666,0.33371488875157423,0.33371488875157423,0.07516132179551062,50.00494505494472,50.00494505494509
75720.0,1.2079333333333335,0.3333859953618436,0.3333859953618436,0.07510488940111577,50.00494505494499,50.004945054945495
75780.0,1.2079000000000002,0.3330578618610145,0.3330578618610145,0.07504863505431175,50.00494505494522,50.004945054944834
75840.0,1.2078666666666666,0.33273048584054976,0.33273048584054976,0.07499255805731386,50.00494505494475,50.004945054945274
75900.0,1.2078333333333333,0.3324038649011172,0.3324038649011172,0.07493665771549297,50.00494505494505,50.00494505494512
75960.0,1.2078,0.332077996652548,0.332077996652548,0.07488093333736091,50.00494505494443,50.00494505494524
76020.0,1.2077666666666667,0.33175287871380177,0.33175287871380177,0.07482538423455518,50.00494505494505,50.004945054945246
76080.0,1.2077333333333333,0.3314285087129236,0.3314285087129236,0.07477000972182382,50.00494505494495,50.004945054944606
76140.0,1.2077,0.33110488428700674,0.33110488428700674,0.07471480911700977,50.00494505494483,50.0049450549444
76200.0,1.2076666666666669,0.33078200308215455,0.33078200308215455,0.07465978174103699,50.004945054945054,50.00494505494393
76260.0,1.2076333333333336,0.3304598627534399,0.3304598627534399,0.07460492691789507,50.00494505494491,50.0049450549444
76320.0,1.2076,0.3301384609648697,0.3301384609648697,0.07455024397462284,50.004945054944415,50.00494505494465
76380.0,1.2075666666666667,0.3298177953893449,0.3298177953893449,0.07449573224129608,50.004945054944784,50.004945054944805
76440.0,1.2075333333333333,0.329497863708623,0.329497863708623,0.07444139105101057,50.00494505494467,50.00494505494438
76500.0,1.2075,0.32917866361327885,0.32917866361327885,0.07438721973986967,50.00494505494485,50.004945054944834
76560.0,1.2074666666666667,0.3288601928026705,0.3288601928026705,0.07433321764696714,50.00494505494444,50.00494505494498
76620.0,1.2074333333333334,0.32854244898489854,0.32854244898489854,0.0742793841143746,50.004945054943335,50.004945054944834
76680.0,1.2074000000000003,0.32822542987676867,0.32822542987676867,0.07422571848712627,50.00494505494407,50.004945054945196
76740.0,1.2073666666666667,0.3279091332037586,0.3279091332037586,0.07417222011320447,50.004945054944784,50.004945054944876
76800.0,1.2073333333333334,0.3275935566999752,0.3275935566999752,0.07411888834352565,50.00494505494447,50.00494505494602
76860.0,1.2073,0.3272786981081224,0.3272786981081224,0.0740657225319253,50.004945054944585,50.00494505494561
76920.0,1.2072666666666667,0.3269645551794623,0.3269645551794623,0.07401272203514489,50.0049450549454,50.00494505494478
76980.0,1.2072333333333334,0.3266511256737795,0.3266511256737795,0.07395988621281742,50.004945054945274,50.00494505494536
77040.0,1.2072,0.3263384073593461,0.3263384073593461,0.07390721442745271,50.00494505494525,50.004945054945196
77100.0,1.2071666666666667,0.32602639801288064,0.32602639801288064,0.07385470604442351,50.00494505494526,50.00494505494525
77160.0,1.2071333333333334,0.3257150954195181,0.3257150954195181,0.07380236043195237,50.00494505494509,50.00494505494536
77220.0,1.2071,0.3254044973727708,0.3254044973727708,0.07375017696109654,50.00494505494488,50.004945054945345
77280.0,1.2070666666666667,0.3250946016744944,0.3250946016744944,0.07369815500573494,50.00494505494539,50.00494505494496
77340.0,1.2070333333333334,0.32478540613484896,0.32478540613484896,0.07364629394255473,50.00494505494545,50.00494505494493
77400.0,1.207,0.32447690857226824,0.32447690857226824,0.073594593151037,50.004945054945054,50.00494505494496
77460.0,1.2069666666666667,0.3241691068134211,0.3241691068134211,0.07354305201344269,50.0049450549451,50.00494505494517
77520.0,1.2069333333333334,0.32386199869317983,0.32386199869317983,0.07349166991480022,50.00494505494494,50.004945054944734
77580.0,1.2069,0.32355558205458007,0.32355558205458007,0.07344044624289119,50.004945054944,50.00494505494519
77640.0,1.2068666666666668,0.3232498547487918,0.3232498547487918,0.07338938038823727,50.004945054944656,50.004945054944976
77700.0,1.2068333333333334,0.3229448146350814,0.3229448146350814,0.07333847174408614,50.004945054943896,50.00494505494471
77760.0,1.2068,0.32264045958077814,0.32264045958077814,0.07328771970639934,50.004945054944656,50.00494505494529
77820.0,1.2067666666666668,0.3223367874612393,0.3223367874612393,0.0732371236738386,50.004945054944656,50.00494505494528
77880.0,1.2067333333333334,0.3220337961598172,0.3220337961598172,0.07318668304775162,50.00494505494438,50.004945054944734
77940.0,1.2067,0.32173148356782444,0.32173148356782444,0.07313639723216096,50.00494505494447,50.00494505494548
78000.0,1.2066666666666666,0.32142984758450094,0.32142984758450094,0.07308626563374888,50.00494505494485,50.004945054945814
78060.0,1.2066333333333334,0.3211288861169794,0.3211288861169794,0.07303628766184551,50.00494505494534,50.00494505494543
78120.0,1.2066000000000001,0.32082859708025274,0.32082859708025274,0.07298646272841622,50.0049450549456,50.00494505494517
78180.0,1.2065666666666668,0.3205289783971388,0.3205289783971388,0.0729367902480477,50.00494505494548,50.0049450549449
78240.0,1.2065333333333335,0.32023002799825007,0.32023002799825007,0.07288726963793654,50.004945054945296,50.0049450549452
78300.0,1.2065,0.3199317438219591,0.3199317438219591,0.07283790031787482,50.004945054945466,50.00494505494495
78360.0,1.2064666666666666,0.3196341238143655,0.3196341238143655,0.07278868171023883,50.00494505494597,50.00494505494537
78420.0,1.2064333333333332,0.3193371659292617,0.3193371659292617,0.07273961323997556,50.00494505494638,50.00494505494518
78480.0,1.2064,0.3190408681281056,0.3190408681281056,0.07269069433459012,50.004945054946354,50.0049450549454
78540.0,1.2063666666666668,0.3187452283799822,0.3187452283799822,0.0726419244241348,50.0049450549461,50.00494505494555
78600.0,1.2063333333333335,0.31845024466157446,0.31845024466157446,0.07259330294119468,50.00494505494637,50.004945054945956
78660.0,1.2063000000000001,0.3181559149571301,0.3181559149571301,0.07254482932087564,50.004945054947186,50.004945054945864
78720.0,1.2062666666666666,0.3178622372584313,0.3178622372584313,0.07249650300079341,50.00494505494702,50.00494505494635
78780.0,1.2062333333333333,0.3175692095647587,0.3175692095647587,0.07244832342105959,50.00494505494643,50.00494505494619
78840.0,1.2062,0.31727682988286543,0.31727682988286543,0.07240029002427023,50.00494505494658,50.004945054945956
78900.0,1.2061666666666666,0.3169850962269414,0.3169850962269414,0.07235240225549448,50.00494505494694,50.00494505494612
78960.0,1.2061333333333333,0.3166940066185828,0.3166940066185828,0.07230465956226102,50.00494505494682,50.00494505494576
79020.0,1.2061,0.31640355908676243,0.31640355908676243,0.07225706139454623,50.00494505494652,50.004945054945864
79080.0,1.2060666666666666,0.3161137516677959,0.3161137516677959,0.07220960720476416,50.00494505494582,50.00494505494572
79140.0,1.2060333333333333,0.3158245824053115,0.3158245824053115,0.07216229644775216,50.004945054945324,50.00494505494621
79200.0,1.206,0.31553604935022195,0.31553604935022195,0.07211512858076005,50.004945054945416,50.004945054945054
79260.0,1.206,0.31524815851021915,0.31524815851021915,0.07206784215253331,50.00494505494579,50.004945054945175
79320.0,1.206,0.31496091582624614,0.31496091582624614,0.07202055690597221,50.004945054945644,50.00494505494565
79380.0,1.206,0.3146743192664637,0.3146743192664637,0.07197336759683934,50.004945054945466,50.00494505494524
79440.0,1.206,0.3143883668057392,0.3143883668057392,0.07192629519549514,50.0049450549455,50.00494505494581
79500.0,1.206,0.3141030564267159,0.3141030564267159,0.07187934879130742,50.00494505494598,50.00494505494575
79560.0,1.206,0.31381838611978413,0.31381838611978413,0.07183253315171387,50.00494505494582,50.00494505494637
79620.0,1.206,0.3135343538830428,0.3135343538830428,0.07178585101959668,50.004945054946,50.00494505494602
79680.0,1.206,0.3132509577222659,0.3132509577222659,0.0717393040451198,50.0049450549459,50.00494505494582
79740.0,1.206,0.31296819565087236,0.31296819565087236,0.07169289323094821,50.004945054945104,50.00494505494627
79800.0,1.206,0.31268606568988944,0.31268606568988944,0.07164661916950198,50.00494505494607,50.00494505494607
79860.0,1.206,0.3124045658679196,0.3124045658679196,0.0716004821797939,50.00494505494626,50.004945054946305
79920.0,1.206,0.3121236942211092,0.3121236942211092,0.07155448239126205,50.00494505494623,50.004945054946475
79980.0,1.206,0.311843448793114,0.311843448793114,0.07150861979765145,50.00494505494644,50.00494505494584
80040.0,1.206,0.31156382763506596,0.31156382763506596,0.07146289429302062,50.004945054946305,50.00494505494572
80100.0,1.206,0.31128482880554253,0.31128482880554253,0.07141730569659657,50.00494505494629,50.00494505494584
80160.0,1.206,0.31100645037053254,0.31100645037053254,0.07137185377040954,50.004945054945885,50.004945054945416
80220.0,1.206,0.3107286904034025,0.3107286904034025,0.0713265382321061,50.00494505494472,50.004945054945516
80280.0,1.206,0.31045154698486727,0.31045154698486727,0.07128135876444483,50.00494505494529,50.00494505494559
80340.0,1.206,0.31017501820295806,0.31017501820295806,0.07123631502246887,50.00494505494574,50.004945054945786
80400.0,1.206,0.30989910215298694,0.30989910215298694,0.07119140663900358,50.00494505494498,50.00494505494566
80460.0,1.206,0.3096237969375198,0.3096237969375198,0.07114663322893422,50.00494505494488,50.00494505494532
80520.0,1.206,0.30934910066634,0.30934910066634,0.07110199439257488,50.004945054945615,50.004945054945814
80580.0,1.206,0.3090750114564201,0.3090750114564201,0.07105748971835181,50.004945054945665,50.00494505494545
80640.0,1.206,0.3088015274318898,0.3088015274318898,0.0710131187849656,50.00494505494513,50.00494505494541
80700.0,1.206,0.30852864672400476,0.30852864672400476,0.07096888116314508,50.00494505494531,50.00494505494537
80760.0,1.206,0.3082563674711151,0.3082563674711151,0.07092477641708773,50.004945054944905,50.00494505494628
80820.0,1.206,0.30798468781863586,0.30798468781863586,0.07088080410564555,50.00494505494577,50.0049450549454
80880.0,1.206,0.3077136059190128,0.3077136059190128,0.07083696378331623,50.00494505494622,50.00494505494613
80940.0,1.206,0.30744311993169715,0.30744311993169715,0.07079325500106802,50.0049450549461,50.00494505494587
81000.0,1.206,0.3071732280231109,0.3071732280231109,0.07074967730703914,50.00494505494648,50.00494505494554
81060.0,1.2059666666666666,0.30690392093022767,0.30690392093022767,0.07070647956545052,50.00494505494648,50.0049450549458
81120.0,1.2059333333333333,0.30663518946437646,0.30663518946437646,0.07066354535698136,50.00494505494621,50.00494505494535
81180.0,1.2059,0.3063670319077837,0.3063670319077837,0.07062078284144295,50.004945054946155,50.00494505494585
81240.0,1.2058666666666666,0.30609944654998095,0.30609944654998095,0.07057817143163374,50.00494505494524,50.00494505494549
81300.0,1.2058333333333333,0.30583243168674507,0.30583243168674507,0.07053570175545845,50.0049450549462,50.004945054946
81360.0,1.2058,0.30556598562007065,0.30556598562007065,0.07049336847910491,50.00494505494653,50.004945054945175
81420.0,1.2057666666666667,0.30530010665814467,0.30530010665814467,0.07045116814868875,50.00494505494689,50.004945054945665
81480.0,1.2057333333333333,0.30503479311532267,0.30503479311532267,0.07040909832092067,50.00494505494627,50.004945054945345
81540.0,1.2057,0.304770043312098,0.304770043312098,0.07036715714999998,50.004945054946475,50.00494505494553
81600.0,1.2056666666666667,0.30450585557508286,0.30450585557508286,0.07032534316845902,50.004945054945416,50.004945054945594
81660.0,1.2056333333333333,0.30424222823697905,0.30424222823697905,0.07028365516125216,50.00494505494486,50.004945054945544
81720.0,1.2056,0.3039791596365518,0.3039791596365518,0.07024209208887694,50.004945054944386,50.004945054945544
81780.0,1.2055666666666667,0.30371664811860677,0.30371664811860677,0.0702006530381172,50.00494505494418,50.00494505494506
81840.0,1.2055333333333333,0.30345469203396486,0.30345469203396486,0.07015933718922175,50.00494505494448,50.00494505494484
81900.0,1.2055,0.30319328973943627,0.30319328973943627,0.07011814379330475,50.00494505494428,50.00494505494452
81960.0,1.2054666666666667,0.30293243959779564,0.30293243959779564,0.07007707215635475,50.004945054944656,50.00494505494476
82020.0,1.2054333333333334,0.3026721399777576,0.3026721399777576,0.07003612162764383,50.00494505494453,50.00494505494469
82080.0,1.2054,0.3024123892539529,0.3024123892539529,0.06999529159115456,50.00494505494487,50.00494505494504
82140.0,1.2053666666666665,0.3021531858069036,0.3021531858069036,0.06995458145912095,50.004945054944976,50.00494505494495
82200.0,1.2053333333333334,0.3018945280229955,0.3018945280229955,0.06991399066708753,50.00494505494489,50.00494505494515
82260.0,1.2053,0.3016364142944596,0.3016364142944596,0.06987351867007152,50.004945054944564,50.004945054945225
82320.0,1.2052666666666667,0.3013788430193425,0.3013788430193425,0.06983316493954574,50.00494505494505,50.00494505494533
82380.0,1.2052333333333334,0.301121812601486,0.301121812601486,0.06979292896103903,50.00494505494473,50.00494505494518
82440.0,1.2052,0.30086532145050066,0.30086532145050066,0.06975281023220747,50.004945054945175,50.004945054945026
82500.0,1.2051666666666667,0.3006093679817446,0.3006093679817446,0.06971280826126755,50.00494505494559,50.00494505494573
82560.0,1.2051333333333334,0.30035395061629605,0.30035395061629605,0.06967292256571493,50.00494505494544,50.004945054945416
82620.0,1.2050999999999998,0.30009906778093215,0.30009906778093215,0.0696331526712669,50.00494505494538,50.00494505494547
82680.0,1.2050666666666665,0.29984471790810735,0.29984471790810735,0.06959349811098084,50.004945054945445,50.00494505494441
82740.0,1.2050333333333334,0.2995908994359238,0.2995908994359238,0.06955395842451953,50.004945054946106,50.00494505494484
82800.0,1.205,0.2993376108081146,0.2993376108081146,0.06951453315752713,50.00494505494525,50.00494505494494
82860.0,1.205,0.2990848574594789,0.2990848574594789,0.06947498323286712,50.00494505494537,50.004945054944635
82920.0,1.205,0.2988326447685358,0.2988326447685358,0.06943542013306929,50.004945054946006,50.00494505494521
82980.0,1.205,0.29858097110867754,0.29858097110867754,0.06939593114466688,50.004945054945814,50.00494505494503
83040.0,1.205,0.2983298348583821,0.2983298348583821,0.06935653471346973,50.00494505494553,50.00494505494518
83100.0,1.205,0.2980792344021597,0.2980792344021597,0.06931723868974615,50.00494505494525,50.004945054945736
83160.0,1.205,0.29782916813052396,0.29782916813052396,0.06927804714845785,50.004945054945644,50.00494505494561
83220.0,1.205,0.2975796344399702,0.2975796344399702,0.0692389624199752,50.00494505494605,50.004945054945075
83280.0,1.205,0.2973306317329484,0.2973306317329484,0.0691999859027777,50.00494505494626,50.004945054945104
83340.0,1.205,0.2970821584178349,0.2970821584178349,0.06916111844780035,50.00494505494605,50.00494505494494
83400.0,1.205,0.29683421290891127,0.29683421290891127,0.06912236056155523,50.00494505494639,50.00494505494449
83460.0,1.205,0.296586793626336,0.296586793626336,0.06908371252246276,50.004945054946155,50.00494505494492
83520.0,1.205,0.29633989899611995,0.29633989899611995,0.06904517445168892,50.00494505494622,50.00494505494503
83580.0,1.205,0.2960935274501013,0.2960935274501013,0.06900674635842963,50.00494505494587,50.00494505494479
83640.0,1.205,0.29584767742592233,0.29584767742592233,0.06896842817002352,50.00494505494588,50.0049450549448
83700.0,1.205,0.2956023473670009,0.2956023473670009,0.06893021975264467,50.00494505494629,50.00494505494476
83760.0,1.205,0.2953575357225092,0.2953575357225092,0.06889212092592364,50.004945054945466,50.00494505494485
83820.0,1.205,0.2951132409473474,0.2951132409473474,0.06885413147352641,50.004945054944685,50.0049450549451
83880.0,1.205,0.2948694615021196,0.2948694615021196,0.06881625115096653,50.00494505494578,50.00494505494545
83940.0,1.205,0.2946261958531081,0.2946261958531081,0.06877847969148088,50.00494505494611,50.004945054945104
84000.0,1.205,0.29438344247225234,0.29438344247225234,0.06874081681052155,50.00494505494612,50.004945054944905
84060.0,1.205,0.2941411998371207,0.2941411998371207,0.06870326220923421,50.00494505494669,50.00494505494416
84120.0,1.205,0.29389946643089027,0.29389946643089027,0.06866581557719069,50.00494505494624,50.00494505494483
84180.0,1.205,0.2936582407423204,0.2936582407423204,0.06862847659455712,50.00494505494627,50.00494505494544
84240.0,1.205,0.29341752126572807,0.29341752126572807,0.06859124493383206,50.00494505494593,50.004945054945395
84300.0,1.205,0.29317730650096957,0.29317730650096957,0.06855412026125803,50.00494505494633,50.00494505494523
84360.0,1.205,0.2929375949534099,0.2929375949534099,0.06851710223796999,50.004945054946276,50.004945054945296
84420.0,1.205,0.29269838513390334,0.29269838513390334,0.0684801905209422,50.004945054946724,50.00494505494544
84480.0,1.205,0.29245967555877017,0.29245967555877017,0.06844338476377324,50.00494505494626,50.004945054945246
84540.0,1.205,0.29222146474977106,0.29222146474977106,0.06840668461734073,50.00494505494629,50.00494505494475
84600.0,1.205,0.2919837512340864,0.2919837512340864,0.06837008973035107,50.00494505494565,50.00494505494476
84660.0,1.2049666666666667,0.29174652698801407,0.29174652698801407,0.0683338278426992,50.004945054945956,50.004945054944606
84720.0,1.2049333333333334,0.29150978404984407,0.29150978404984407,0.068297790809489,50.00494505494614,50.0049450549454
84780.0,1.2049,0.29127352104246174,0.29127352104246174,0.06826189416064259,50.00494505494576,50.0049450549446
84840.0,1.2048666666666665,0.29103773659452514,0.29103773659452514,0.06822611984817291,50.00494505494597,50.00494505494533
84900.0,1.2048333333333332,0.2908024293395336,0.2908024293395336,0.0681904598270234,50.004945054946134,50.00494505494549
84960.0,1.2047999999999999,0.2905675979158059,0.2905675979158059,0.06815490958387367,50.00494505494552,50.00494505494541
85020.0,1.2047666666666668,0.29033324096646407,0.29033324096646407,0.06811946622937194,50.00494505494567,50.0049450549452
85080.0,1.2047333333333334,0.2900993571394105,0.2900993571394105,0.06808412773931957,50.00494505494449,50.004945054945146
85140.0,1.2047,0.289865945087311,0.289865945087311,0.06804889259742833,50.00494505494453,50.0049450549454
85200.0,1.2046666666666668,0.2896330034675743,0.2896330034675743,0.06801375960719244,50.004945054945296,50.00494505494501
85260.0,1.2046333333333334,0.28940053094233265,0.28940053094233265,0.06797872778445181,50.00494505494517,50.00494505494537
85320.0,1.2046,0.28916852617842387,0.28916852617842387,0.06794379629212334,50.00494505494479,50.00494505494504
85380.0,1.2045666666666666,0.2889369878473711,0.2889369878473711,0.0679089643985602,50.00494505494409,50.00494505494478
85440.0,1.2045333333333332,0.288705914625364,0.288705914625364,0.06787423144990588,50.00494505494447,50.004945054944855
85500.0,1.2045,0.2884753051932405,0.2884753051932405,0.06783959685112052,50.004945054944216,50.00494505494469
85560.0,1.2044666666666668,0.2882451582364685,0.2882451582364685,0.06780506005259096,50.004945054945075,50.00494505494418
85620.0,1.2044333333333335,0.2880154724451246,0.2880154724451246,0.06777062054045066,50.00494505494608,50.004945054944514
85680.0,1.2044000000000001,0.2877862465138788,0.2877862465138788,0.067736277829433,50.00494505494525,50.00494505494521
85740.0,1.2043666666666666,0.28755747914197444,0.28755747914197444,0.0677020314574995,50.00494505494578,50.00494505494487
85800.0,1.2043333333333333,0.28732916903320904,0.28732916903320904,0.06766788098173557,50.004945054945836,50.00494505494486
85860.0,1.2043,0.2871013148959175,0.2871013148959175,0.06763382597516818,50.00494505494428,50.00494505494488
85920.0,1.2042666666666666,0.286873915442952,0.286873915442952,0.06759986602426805,50.00494505494496,50.00494505494489
85980.0,1.2042333333333333,0.2866469693916653,0.2866469693916653,0.06756600072696492,50.00494505494497,50.00494505494504
86040.0,1.2042000000000002,0.2864204754638936,0.2864204754638936,0.06753222969105335,50.00494505494504,50.00494505494508
86100.0,1.2041666666666668,0.2861944323859339,0.2861944323859339,0.06749855253289976,50.0049450549448,50.004945054945395
86160.0,1.2041333333333335,0.28596883888853203,0.28596883888853203,0.06746496887638696,50.004945054945125,50.004945054945296
86220.0,1.2041,0.2857436937068611,0.2857436937068611,0.06743147835204047,50.004945054945324,50.00494505494501
86280.0,1.2040666666666666,0.28551899558050414,0.28551899558050414,0.06739808059630524,50.004945054945196,50.004945054945125
86340.0,1.2040333333333333,0.28529474325343734,0.28529474325343734,0.06736477525093795,50.00494505494449,50.00494505494483
86400.0,1.204,0.28507093547401136,0.28507093547401136,0.06733156196249704,50.00494505494471,50.00494505494491
86460.0,1.204,0.28484757717344594,0.28484757717344594,0.06729822196036374,50.00494505494586,50.004945054944656
86520.0,1.204,0.2846246732351729,0.2846246732351729,0.06726485886195002,50.004945054945125,50.004945054944244
86580.0,1.204,0.2844022223473928,0.2844022223473928,0.06723155307803999,50.00494505494449,50.00494505494464
86640.0,1.204,0.2841802232021719,0.2841802232021719,0.06719832088664249,50.00494505494428,50.00494505494416
86700.0,1.204,0.2839586744962836,0.2839586744962836,0.06716516911278775,50.00494505494403,50.00494505494471
86760.0,1.204,0.28373757493118823,0.28373757493118823,0.0671321012760077,50.004945054943654,50.00494505494469
86820.0,1.204,0.28351692321301175,0.28351692321301175,0.06709911938568482,50.00494505494404,50.004945054944706
86880.0,1.204,0.2832967180525298,0.2832967180525298,0.06706622465110601,50.004945054945104,50.00494505494459
86940.0,1.204,0.28307695816514505,0.28307695816514505,0.06703341781437323,50.00494505494496,50.00494505494453
87000.0,1.204,0.28285764227086985,0.28285764227086985,0.06700069932515147,50.004945054944166,50.00494505494446
87060.0,1.204,0.2826387690943053,0.2826387690943053,0.0669680694402036,50.00494505494443,50.00494505494473
87120.0,1.204,0.28242033736462496,0.28242033736462496,0.06693552828372201,50.00494505494373,50.004945054944855
87180.0,1.204,0.2822023458155507,0.2822023458155507,0.06690307588574791,50.00494505494416,50.00494505494402
87240.0,1.204,0.28198479318534064,0.28198479318534064,0.06687071220763598,50.00494505494386,50.00494505494425
87300.0,1.204,0.28176767821676474,0.28176767821676474,0.06683843715950015,50.00494505494361,50.004945054943796
87360.0,1.204,0.28155099965708763,0.28155099965708763,0.06680625061251173,50.004945054943796,50.0049450549441
87420.0,1.204,0.2813347562580507,0.2813347562580507,0.06677415240777464,50.00494505494359,50.00494505494332
87480.0,1.204,0.28111894677585325,0.28111894677585325,0.06674214236287027,50.00494505494332,50.004945054943775
87540.0,1.204,0.2809035699711325,0.2809035699711325,0.06671022027676896,50.004945054942716,50.00494505494355
87600.0,1.204,0.2806886246089483,0.2806886246089483,0.06667838593357805,50.004945054942084,50.00494505494345
87660.0,1.204,0.2804741094587604,0.2804741094587604,0.06664663910544266,50.00494505494357,50.00494505494368
87720.0,1.204,0.2802600232944126,0.2802600232944126,0.06661497955481811,50.0049450549436,50.00494505494343
87780.0,1.204,0.2800463648941167,0.2800463648941167,0.06658340703627447,50.004945054944095,50.004945054943626
87840.0,1.204,0.2798331330404295,0.2798331330404295,0.06655192129793969,50.00494505494387,50.00494505494371
87900.0,1.204,0.2796203265202393,0.2796203265202393,0.06652052208266934,50.00494505494369,50.00494505494392
87960.0,1.204,0.2794079441247437,0.2794079441247437,0.06648920912899944,50.00494505494445,50.00494505494377
88020.0,1.204,0.2791959846494363,0.2791959846494363,0.06645798217193112,50.004945054944315,50.00494505494432
88080.0,1.204,0.2789844468940849,0.2789844468940849,0.06642684094357916,50.00494505494421,50.004945054944486
88140.0,1.204,0.2787733296627167,0.2787733296627167,0.06639578517371407,50.004945054944265,50.00494505494446
88200.0,1.204,0.27856263176359813,0.27856263176359813,0.0663648145902173,50.004945054944685,50.004945054944464
88260.0,1.2039666666666666,0.27835234619233673,0.27835234619233673,0.06633413782306614,50.00494505494488,50.00494505494396
88320.0,1.2039333333333335,0.2781424659966267,0.2781424659966267,0.06630365453038539,50.00494505494496,50.00494505494478
88380.0,1.2039000000000002,0.2779329900644627,0.2779329900644627,0.0662732869923245,50.00494505494404,50.004945054945274
88440.0,1.2038666666666666,0.27772391728844126,0.27772391728844126,0.0662430193400834,50.00494505494465,50.004945054944955
88500.0,1.2038333333333333,0.2775152465649376,0.2775152465649376,0.06621284463302965,50.004945054945395,50.00494505494542
88560.0,1.2038,0.2773069767940898,0.2773069767940898,0.06618275902635587,50.00494505494565,50.00494505494506
88620.0,1.2037666666666667,0.2770991068797838,0.2770991068797838,0.06615276008360718,50.0049450549451,50.00494505494502
88680.0,1.2037333333333333,0.2768916357296378,0.2768916357296378,0.06612284611289646,50.004945054945836,50.00494505494553
88740.0,1.2037,0.2766845622549891,0.2766845622549891,0.06609301585689081,50.00494505494586,50.00494505494521
88800.0,1.2036666666666669,0.27647788537087875,0.27647788537087875,0.0660632683305588,50.00494505494537,50.004945054944685
88860.0,1.2036333333333336,0.2762716039960374,0.2762716039960374,0.06603360272897316,50.00494505494581,50.00494505494486
88920.0,1.2036,0.27606571705286737,0.27606571705286737,0.06600401837152853,50.004945054945985,50.004945054944535
88980.0,1.2035666666666667,0.2758602234674341,0.2758602234674341,0.06597451466647625,50.00494505494609,50.00494505494501
89040.0,1.2035333333333333,0.27565512216944743,0.27565512216944743,0.06594509108744684,50.00494505494588,50.00494505494494
89100.0,1.2035,0.27545041209224874,0.27545041209224874,0.06591574715738159,50.004945054945615,50.0049450549458
89160.0,1.2034666666666667,0.27524609217279505,0.27524609217279505,0.0658864824372143,50.00494505494595,50.00494505494573
89220.0,1.2034333333333334,0.2750421613516465,0.2750421613516465,0.06585729651770751,50.00494505494535,50.00494505494514
89280.0,1.2034,0.27483861857295216,0.27483861857295216,0.06582818901343566,50.004945054945274,50.00494505494515
89340.0,1.2033666666666667,0.274635462784435,0.274635462784435,0.06579915955826886,50.004945054945075,50.0049450549452
89400.0,1.2033333333333334,0.27443269293737815,0.27443269293737815,0.06577020780192763,50.00494505494552,50.004945054945125
89460.0,1.2033,0.27423030798661047,0.27423030798661047,0.06574133340731596,50.00494505494526,50.00494505494495
89520.0,1.2032666666666667,0.27402830689049446,0.27402830689049446,0.06571253604842892,50.004945054945146,50.00494505494506
89580.0,1.2032333333333334,0.2738266886109094,0.2738266886109094,0.06568381540869261,50.0049450549452,50.00494505494474
89640.0,1.2032,0.27362545211324063,0.27362545211324063,0.06565517117963228,50.00494505494501,50.00494505494459
89700.0,1.2031666666666667,0.27342459636636307,0.27342459636636307,0.06562660305979481,50.00494505494524,50.0049450549451
89760.0,1.2031333333333334,0.27322412034262905,0.27322412034262905,0.06559811075386493,50.004945054945146,50.00494505494503
89820.0,1.2031,0.27302402301785583,0.27302402301785583,0.06556969397194101,50.004945054945296,50.00494505494502
89880.0,1.2030666666666667,0.2728243033713089,0.2728243033713089,0.06554135242893039,50.00494505494536,50.0049450549452
89940.0,1.2030333333333334,0.2726249603856903,0.2726249603856903,0.06551308584404494,50.004945054945075,50.004945054945416
90000.0,1.203,0.27242599304712606,0.27242599304712606,0.06548489394037695,50.004945054945225,50.00494505494526
90060.0,1.203,0.27222740584328264,0.27222740584328264,0.06545657624751813,50.004945054945374,50.00494505494474
90120.0,1.203,0.272029203220982,0.272029203220982,0.06542822898535708,50.00494505494528,50.0049450549452
90180.0,1.203,0.2718313841146205,0.2718313841146205,0.06539992626179147,50.004945054945864,50.004945054944784
90240.0,1.203,0.2716339474615408,0.2716339474615408,0.06537168248007352,50.00494505494557,50.004945054945004
90300.0,1.203,0.27143689220278244,0.27143689220278244,0.06534350359976626,50.004945054945445,50.004945054945615
90360.0,1.203,0.2712402172830657,0.2712402172830657,0.06531539267822775,50.00494505494533,50.0049450549449
90420.0,1.203,0.2710439216507781,0.2710439216507781,0.06528735145985638,50.004945054946255,50.00494505494518
90480.0,1.203,0.27084800425795813,0.27084800425795813,0.06525938099769246,50.004945054945324,50.0049450549451
90540.0,1.203,0.27065246406028187,0.27065246406028187,0.06523148194416525,50.00494505494444,50.00494505494502
90600.0,1.203,0.2704573000170462,0.2704573000170462,0.06520365470175063,50.00494505494519,50.00494505494541
90660.0,1.203,0.27026251109115523,0.27026251109115523,0.06517589950718101,50.00494505494499,50.00494505494522
90720.0,1.203,0.27006809624910655,0.27006809624910655,0.06514821648476324,50.004945054945,50.00494505494558
90780.0,1.203,0.26987405446097523,0.26987405446097523,0.06512060567886908,50.00494505494455,50.004945054945274
90840.0,1.203,0.26968038470039973,0.26968038470039973,0.06509306707560915,50.00494505494531,50.004945054945225
90900.0,1.203,0.26948708594456744,0.26948708594456744,0.06506560061767198,50.00494505494558,50.00494505494542
90960.0,1.203,0.2692941571742002,0.2692941571742002,0.06503820621476601,50.00494505494559,50.00494505494567
91020.0,1.203,0.2691015973735406,0.2691015973735406,0.06501088375114444,50.00494505494546,50.00494505494557
91080.0,1.203,0.26890940553033604,0.26890940553033604,0.06498363309114691,50.00494505494576,50.00494505494537
91140.0,1.203,0.26871758063582707,0.26871758063582707,0.06495645408335235,50.00494505494602,50.00494505494538
91200.0,1.203,0.26852612168472967,0.26852612168472967,0.06492934656374404,50.004945054946205,50.00494505494551
91260.0,1.203,0.2683350276752265,0.2683350276752265,0.06490231035815588,50.004945054946475,50.004945054945594
91320.0,1.203,0.2681442976089471,0.2681442976089471,0.06487534528418952,50.00494505494673,50.00494505494514
91380.0,1.203,0.26795393049095734,0.26795393049095734,0.06484845115273326,50.00494505494654,50.00494505494524
91440.0,1.203,0.2677639253297448,0.2677639253297448,0.0648216277691768,50.00494505494653,50.00494505494487
91500.0,1.203,0.267574281137205,0.267574281137205,0.06479487493439433,50.004945054945594,50.00494505494516
91560.0,1.203,0.2673849969286274,0.2673849969286274,0.0647681924455465,50.00494505494554,50.00494505494478
91620.0,1.203,0.2671960717226817,0.2671960717226817,0.06474158009673846,50.004945054945374,50.00494505494467
91680.0,1.203,0.26700750454140315,0.26700750454140315,0.0647150376795655,50.004945054945026,50.00494505494508
91740.0,1.203,0.2668192944101826,0.2668192944101826,0.06468856498356741,50.00494505494538,50.00494505494439
91800.0,1.203,0.26663144035774794,0.26663144035774794,0.06466216179661013,50.00494505494499,50.004945054945175
91860.0,1.203,0.2664439414161547,0.2664439414161547,0.06463582790520708,50.004945054945345,50.00494505494466
91920.0,1.203,0.26625679662077045,0.26625679662077045,0.06460956309479156,50.004945054944436,50.00494505494462
91980.0,1.203,0.2660700050102633,0.2660700050102633,0.06458336714994944,50.004945054944514,50.00494505494419
92040.0,1.203,0.2658835656265853,0.2658835656265853,0.0645572398546183,50.004945054944706,50.00494505494469
92100.0,1.203,0.26569747751496364,0.26569747751496364,0.06453118099225737,50.00494505494572,50.00494505494534
92160.0,1.203,0.2655117397238828,0.2655117397238828,0.06450519034599585,50.004945054945125,50.00494505494493
92220.0,1.203,0.26532635130507637,0.26532635130507637,0.06447926769876017,50.00494505494515,50.004945054944834
92280.0,1.203,0.26514131131351,0.26514131131351,0.06445341283338615,50.00494505494541,50.00494505494455
92340.0,1.203,0.2649566188073698,0.2649566188073698,0.06442762553271358,50.00494505494545,50.004945054944734
92400.0,1.203,0.2647722728480499,0.2647722728480499,0.06440190557967287,50.00494505494484,50.004945054944386
92460.0,1.203,0.2645882725001403,0.2645882725001403,0.06437625275735799,50.00494505494475,50.00494505494473
92520.0,1.203,0.26440461683141103,0.26440461683141103,0.06435066684909137,50.004945054944464,50.00494505494435
92580.0,1.203,0.2642213049128025,0.2642213049128025,0.06432514763848232,50.00494505494423,50.00494505494431
92640.0,1.203,0.26403833581841246,0.26403833581841246,0.06429969490947676,50.00494505494411,50.00494505494501
92700.0,1.203,0.2638557086254804,0.2638557086254804,0.06427430844640183,50.00494505494449,50.004945054945196
92760.0,1.203,0.2636734224143795,0.2636734224143795,0.0642489880340059,50.00494505494432,50.00494505494483
92820.0,1.203,0.26349147626860003,0.26349147626860003,0.06422373345749337,50.00494505494429,50.00494505494464
92880.0,1.203,0.2633098692747402,0.2633098692747402,0.06419854450255601,50.00494505494448,50.00494505494445
92940.0,1.203,0.26312860052249154,0.26312860052249154,0.06417342095539995,50.00494505494383,50.00494505494456
93000.0,1.203,0.26294766910462664,0.26294766910462664,0.06414836260277124,50.00494505494397,50.00494505494395
93060.0,1.203,0.2627670741169887,0.2627670741169887,0.0641233692319771,50.004945054943946,50.00494505494404
93120.0,1.203,0.2625868146584768,0.2625868146584768,0.06409844063090561,50.00494505494405,50.00494505494469
93180.0,1.203,0.26240688983103627,0.26240688983103627,0.06407357658804244,50.00494505494433,50.0049450549443
93240.0,1.203,0.2622272987396448,0.2622272987396448,0.06404877689248724,50.00494505494447,50.00494505494433
93300.0,1.203,0.2620480404922999,0.2620480404922999,0.06402404133396687,50.00494505494405,50.00494505494436
93360.0,1.203,0.26186911420001013,0.26186911420001013,0.06399936970284766,50.00494505494449,50.00494505494443
93420.0,1.203,0.261690518976779,0.261690518976779,0.0639747617901461,50.00494505494493,50.00494505494447
93480.0,1.203,0.2615122539395957,0.2615122539395957,0.06395021738753877,50.00494505494424,50.00494505494469
93540.0,1.203,0.2613343182084223,0.2613343182084223,0.0639257362873705,50.00494505494409,50.00494505494446
93600.0,1.203,0.2611567109061828,0.2611567109061828,0.06390131828266206,50.00494505494392,50.00494505494495
93660.0,1.203,0.2609794311587499,0.2609794311587499,0.06387696316711718,50.00494505494443,50.004945054944734
93720.0,1.203,0.2608024780949347,0.2608024780949347,0.06385267073512785,50.00494505494371,50.00494505494393
93780.0,1.203,0.2606258508464738,0.2606258508464738,0.06382844078178002,50.00494505494426,50.00494505494422
93840.0,1.203,0.26044954854802005,0.26044954854802005,0.06380427310285722,50.00494505494361,50.00494505494463
93900.0,1.203,0.26027357033712784,0.26027357033712784,0.06378016749484475,50.004945054943974,50.004945054944564
93960.0,1.203,0.2600979153542441,0.2600979153542441,0.06375612375493359,50.0049450549442,50.00494505494456
94020.0,1.203,0.25992258274269553,0.25992258274269553,0.06373214168102229,50.00494505494464,50.00494505494467
94080.0,1.203,0.25974757164867796,0.25974757164867796,0.06370822107172015,50.004945054944166,50.004945054944905
94140.0,1.203,0.2595728812212448,0.2595728812212448,0.0636843617263484,50.00494505494466,50.00494505494472
94200.0,1.203,0.25939851061229463,0.25939851061229463,0.06366056344494217,50.00494505494498,50.00494505494459
94260.0,1.203,0.2592244589765623,0.2592244589765623,0.06363682602825166,50.00494505494432,50.004945054944535
94320.0,1.203,0.2590507254716068,0.2590507254716068,0.06361314927774353,50.00494505494433,50.0049450549443
94380.0,1.203,0.2588773092577982,0.2588773092577982,0.06358953299560073,50.004945054944024,50.004945054944706
94440.0,1.203,0.2587042094983091,0.2587042094983091,0.06356597698472302,50.00494505494488,50.0049450549447
94500.0,1.203,0.25853142535910245,0.25853142535910245,0.06354248104872737,50.0049450549444,50.00494505494445
94560.0,1.203,0.2583589560089207,0.2583589560089207,0.06351904499194808,50.00494505494369,50.00494505494456
94620.0,1.203,0.2581868006192755,0.2581868006192755,0.06349566861943609,50.004945054945004,50.00494505494442
94680.0,1.203,0.25801495836443517,0.25801495836443517,0.06347235173695814,50.00494505494434,50.004945054944365
94740.0,1.203,0.2578434284214156,0.2578434284214156,0.06344909415099696,50.004945054944564,50.00494505494433
94800.0,1.203,0.2576722099699689,0.2576722099699689,0.06342589566875013,50.00494505494437,50.00494505494414
94860.0,1.203,0.25750130219257217,0.25750130219257217,0.06340275609812898,50.004945054943924,50.00494505494472
94920.0,1.203,0.25733070427441684,0.25733070427441684,0.06337967524775734,50.00494505494453,50.004945054944784
94980.0,1.203,0.2571604154033987,0.2571604154033987,0.06335665292697086,50.00494505494407,50.00494505494457
95040.0,1.203,0.25699043477010686,0.25699043477010686,0.06333368894581484,50.004945054945,50.004945054944486
95100.0,1.203,0.2568207615678134,0.2568207615678134,0.06331078311504407,50.004945054943775,50.004945054944656
95160.0,1.203,0.25665139499246203,0.25665139499246203,0.06328793524612049,50.00494505494382,50.00494505494517
95220.0,1.203,0.25648233424265904,0.25648233424265904,0.06326514515121087,50.00494505494421,50.00494505494518
95280.0,1.203,0.25631357851966147,0.25631357851966147,0.06324241264318683,50.00494505494439,50.0049450549452
95340.0,1.203,0.25614512702736725,0.25614512702736725,0.06321973753562181,50.00494505494479,50.00494505494477
95400.0,1.203,0.2559769789723055,0.2559769789723055,0.06319711964278986,50.00494505494446,50.00494505494523
95460.0,1.2029666666666667,0.25580912891629537,0.25580912891629537,0.06317473462612266,50.00494505494452,50.00494505494474
95520.0,1.2029333333333334,0.2556415714585964,0.2556415714585964,0.06315249625911311,50.004945054944756,50.00494505494414
95580.0,1.2029,0.25547430586208303,0.25547430586208303,0.06313033858679967,50.00494505494425,50.0049450549448
95640.0,1.2028666666666668,0.2553073313926138,0.2553073313926138,0.06310824920667707,50.00494505494474,50.00494505494506
95700.0,1.2028333333333334,0.2551406473183775,0.2551406473183775,0.06308622285892886,50.004945054944116,50.00494505494517
95760.0,1.2028,0.25497425290988307,0.25497425290988307,0.06306425668360512,50.00494505494517,50.0049450549454
95820.0,1.2027666666666668,0.2548081474399529,0.2548081474399529,0.06304234889456911,50.004945054945,50.004945054945296
95880.0,1.2027333333333334,0.2546423301837111,0.2546423301837111,0.06302049826720993,50.00494505494479,50.004945054945416
95940.0,1.2026999999999999,0.2544768004185766,0.2544768004185766,0.06299870390209206,50.00494505494576,50.00494505494518
96000.0,1.2026666666666666,0.2543115574242558,0.2543115574242558,0.06297696510236718,50.004945054945985,50.00494505494514
96060.0,1.2026333333333334,0.2541466004827328,0.2541466004827328,0.06295528130459555,50.00494505494592,50.00494505494475
96120.0,1.2026000000000001,0.253981928878259,0.253981928878259,0.06293365203711909,50.00494505494611,50.00494505494512
96180.0,1.2025666666666668,0.2538175418973492,0.2538175418973492,0.06291207689370767,50.00494505494565,50.00494505494528
96240.0,1.2025333333333335,0.2536534388287682,0.2536534388287682,0.06289055551617534,50.004945054945395,50.00494505494528
96300.0,1.2025000000000001,0.25348961896352545,0.25348961896352545,0.06286908758251208,50.004945054945914,50.00494505494481
96360.0,1.2024666666666666,0.253326081594866,0.253326081594866,0.06284767279854396,50.00494505494584,50.00494505494478
96420.0,1.2024333333333332,0.2531628260182622,0.2531628260182622,0.06282631089192448,50.0049450549452,50.0049450549446
96480.0,1.2024,0.2529998515314059,0.2529998515314059,0.06280500160771406,50.004945054945026,50.0049450549448
96540.0,1.2023666666666666,0.25283715743419843,0.25283715743419843,0.06278374470506286,50.0049450549441,50.004945054944415
96600.0,1.2023333333333335,0.25267474302874404,0.25267474302874404,0.06276253995468227,50.004945054944265,50.00494505494419
96660.0,1.2023,0.252512607619341,0.252512607619341,0.06274138713688697,50.004945054944166,50.00494505494514
96720.0,1.2022666666666666,0.2523507505124743,0.2523507505124743,0.06272028604005926,50.00494505494399,50.0049450549447
96780.0,1.2022333333333333,0.2521891710168067,0.2521891710168067,0.0626992364594306,50.00494505494465,50.00494505494512
96840.0,1.2022,0.2520278684431705,0.2520278684431705,0.06267823819610324,50.00494505494434,50.004945054944315
96900.0,1.2021666666666666,0.25186684210456034,0.25186684210456034,0.06265729105625716,50.00494505494459,50.004945054944606
96960.0,1.2021333333333333,0.2517060913161236,0.2517060913161236,0.06263639485050126,50.00494505494415,50.004945054944585
97020.0,1.2021,0.25154561539515385,0.25154561539515385,0.06261554939333912,50.00494505494418,50.0049450549453
97080.0,1.2020666666666666,0.2513854136610847,0.2513854136610847,0.06259475450272259,50.004945054944486,50.00494505494459
97140.0,1.2020333333333333,0.2512254854354762,0.2512254854354762,0.0625740099996815,50.00494505494497,50.004945054944535
97200.0,1.202,0.251065830042014,0.251065830042014,0.06255331570800826,50.004945054944265,50.00494505494463
97260.0,1.202,0.25090645122315997,0.25090645122315997,0.06253250259103915,50.00494505494471,50.004945054944834
97320.0,1.202,0.2507473526910863,0.2507473526910863,0.06251165349056864,50.00494505494424,50.004945054945
97380.0,1.202,0.25058853373073725,0.25058853373073725,0.062490831492518883,50.0049450549445,50.004945054945
97440.0,1.202,0.2504299936287611,0.2504299936287611,0.06247004796828275,50.004945054944145,50.00494505494537
97500.0,1.202,0.2502717316741194,0.2502717316741194,0.06244930751885605,50.004945054944436,50.00494505494512
97560.0,1.202,0.25011374715807394,0.25011374715807394,0.06242861248757855,50.00494505494458,50.00494505494526
97620.0,1.202,0.24995603937418054,0.24995603937418054,0.06240796421209354,50.004945054944756,50.00494505494504
97680.0,1.202,0.24979860761827966,0.24979860761827966,0.06238736350618899,50.004945054944784,50.004945054945665
97740.0,1.202,0.24964145118848788,0.24964145118848788,0.06236681088153266,50.00494505494516,50.00494505494552
97800.0,1.202,0.2494845693851898,0.2494845693851898,0.06234630666245102,50.00494505494556,50.00494505494575
97860.0,1.202,0.24932796151102593,0.24932796151102593,0.062325851050589506,50.00494505494497,50.00494505494542
97920.0,1.202,0.24917162687088854,0.24917162687088854,0.06230544416376219,50.004945054945125,50.004945054945175
97980.0,1.202,0.24901556477191095,0.24901556477191095,0.062285086060508574,50.00494505494591,50.00494505494539
98040.0,1.202,0.24885977452345798,0.24885977452345798,0.062264776756267126,50.00494505494555,50.00494505494551
98100.0,1.202,0.24870425543711902,0.24870425543711902,0.06224451623440191,50.004945054945466,50.00494505494579
98160.0,1.202,0.2485490068266992,0.2485490068266992,0.06222430445393515,50.00494505494512,50.00494505494492
98220.0,1.202,0.2483940280082107,0.2483940280082107,0.062204141355109745,50.00494505494553,50.00494505494503
98280.0,1.202,0.24823931829986334,0.24823931829986334,0.06218402686347392,50.00494505494629,50.00494505494486
98340.0,1.202,0.2480848770220581,0.2480848770220581,0.06216396089293751,50.00494505494597,50.00494505494485
98400.0,1.202,0.24793070349737756,0.24793070349737756,0.06214394334809797,50.004945054946205,50.004945054944784
98460.0,1.202,0.2477767970505781,0.2477767970505781,0.06212397412603619,50.00494505494632,50.00494505494458
98520.0,1.202,0.24762315700858076,0.24762315700858076,0.062104053117720354,50.00494505494495,50.004945054944805
98580.0,1.202,0.2474697827004639,0.2474697827004639,0.06208418020911725,50.004945054944756,50.00494505494573
98640.0,1.202,0.24731667345745464,0.24731667345745464,0.06206435528208036,50.00494505494519,50.00494505494518
98700.0,1.202,0.24716382861292083,0.24716382861292083,0.062044578215069174,50.0049450549449,50.004945054945374
98760.0,1.202,0.247011247502363,0.247011247502363,0.06202484888373252,50.004945054944756,50.00494505494512
98820.0,1.202,0.24685892946340493,0.24685892946340493,0.062005167161388625,50.00494505494519,50.00494505494482
98880.0,1.202,0.24670687383578838,0.24670687383578838,0.06198553291942342,50.00494505494544,50.00494505494493
98940.0,1.202,0.24655507996136142,0.24655507996136142,0.06196594602762025,50.0049450549447,50.00494505494555
99000.0,1.202,0.24640354718407395,0.24640354718407395,0.06194640635443728,50.004945054944386,50.00494505494435
99060.0,1.202,0.24625227484996715,0.24625227484996715,0.06192691376724219,50.00494505494488,50.00494505494433
99120.0,1.202,0.24610126230716747,0.24610126230716747,0.06190746813250944,50.00494505494526,50.00494505494467
99180.0,1.202,0.2459505089058776,0.2459505089058776,0.061888069315988795,50.00494505494501,50.00494505494525
99240.0,1.202,0.24580001399836765,0.24580001399836765,0.061868717182849864,50.00494505494517,50.004945054944905
99300.0,1.202,0.24564977693896994,0.24564977693896994,0.0618494115978068,50.00494505494576,50.0049450549457
99360.0,1.202,0.24549979708406972,0.24549979708406972,0.06183015242522418,50.00494505494555,50.00494505494548
99420.0,1.202,0.24535007379209675,0.24535007379209675,0.06181093952921046,50.004945054945274,50.00494505494589
99480.0,1.202,0.2452006064235185,0.2452006064235185,0.06179177277369825,50.00494505494584,50.0049450549453
99540.0,1.202,0.24505139434083242,0.24505139434083242,0.06177265202251453,50.00494505494537,50.00494505494562
99600.0,1.202,0.2449024369085579,0.2449024369085579,0.06175357713944157,50.004945054945516,50.004945054945715
99660.0,1.202,0.24475373349322932,0.24475373349322932,0.061734547988271105,50.00494505494575,50.00494505494555
99720.0,1.202,0.24460528346338697,0.24460528346338697,0.06171556443285196,50.00494505494575,50.00494505494567
99780.0,1.202,0.2444570861895727,0.2444570861895727,0.06169662633713049,50.00494505494581,50.00494505494529
99840.0,1.202,0.2443091410443171,0.2443091410443171,0.06167773356518887,50.00494505494558,50.00494505494555
99900.0,1.202,0.24416144740213763,0.24416144740213763,0.06165888598127609,50.004945054946255,50.00494505494541
99960.0,1.202,0.2440140046395276,0.2440140046395276,0.061640083449838026,50.00494505494539,50.004945054945566
100020.0,1.202,0.24386681213495023,0.24386681213495023,0.06162132583554242,50.00494505494512,50.00494505494588
100080.0,1.202,0.243719869268831,0.243719869268831,0.06160261300330104,50.00494505494553,50.00494505494548
100140.0,1.202,0.24357317542354875,0.24357317542354875,0.0615839448182915,50.00494505494658,50.00494505494562
100200.0,1.202,0.24342672998343132,0.24342672998343132,0.06156532114597364,50.00494505494565,50.004945054945566
100260.0,1.202,0.24328053233474636,0.24328053233474636,0.06154674185210692,50.004945054946084,50.00494505494558
100320.0,1.202,0.24313458186569403,0.24313458186569403,0.061528206802763344,50.00494505494643,50.004945054945125
100380.0,1.202,0.24298887796639893,0.24298887796639893,0.0615097158643422,50.004945054945885,50.00494505494585
100440.0,1.202,0.24284342002890666,0.24284342002890666,0.06149126890357945,50.0049450549459,50.00494505494565
100500.0,1.202,0.24269820744717185,0.24269820744717185,0.061472865787559436,50.00494505494572,50.004945054945274
100560.0,1.202,0.24255323961705402,0.24255323961705402,0.06145450638372346,50.00494505494603,50.004945054945054
100620.0,1.202,0.24240851593630966,0.24240851593630966,0.06143619055987834,50.004945054945516,50.004945054945104
100680.0,1.202,0.24226403580458478,0.24226403580458478,0.061417918184202835,50.00494505494518,50.004945054944926
100740.0,1.202,0.24211979862340938,0.24211979862340938,0.06139968912525534,50.004945054944805,50.00494505494512
100800.0,1.202,0.24197580379618766,0.24197580379618766,0.0613815032519787,50.004945054945104,50.004945054944805
100860.0,1.202,0.24183205072819314,0.24183205072819314,0.0613633604337061,50.00494505494503,50.00494505494491
100920.0,1.202,0.24168853882656158,0.24168853882656158,0.061345260540165175,50.004945054945416,50.00494505494487
100980.0,1.202,0.241545267500284,0.241545267500284,0.061327203441482216,50.00494505494482,50.00494505494509
101040.0,1.202,0.24140223616019807,0.24140223616019807,0.06130918900818637,50.00494505494476,50.00494505494489
101100.0,1.202,0.24125944421898457,0.24125944421898457,0.06129121711121158,50.004945054945125,50.004945054945374
101160.0,1.202,0.24111689109115622,0.24111689109115622,0.06127328762190025,50.0049450549448,50.00494505494521
101220.0,1.202,0.24097457619305487,0.24097457619305487,0.061255400412005966,50.004945054945225,50.00494505494517
101280.0,1.202,0.24083249894284356,0.24083249894284356,0.06123755535369445,50.00494505494473,50.00494505494499
101340.0,1.202,0.24069065876049764,0.24069065876049764,0.061219752319546655,50.004945054944656,50.00494505494504
101400.0,1.202,0.24054905506779983,0.24054905506779983,0.061201991182559784,50.00494505494546,50.00494505494536
101460.0,1.202,0.24040768728833503,0.24040768728833503,0.06118427181614796,50.00494505494593,50.00494505494466
101520.0,1.202,0.24026655484747986,0.24026655484747986,0.061166594094144516,50.004945054946035,50.00494505494473
101580.0,1.202,0.24012565717239998,0.24012565717239998,0.06114895789080256,50.00494505494543,50.004945054944855
101640.0,1.202,0.23998499369204015,0.23998499369204015,0.061131363080794615,50.004945054945175,50.00494505494556
101700.0,1.202,0.23984456383711972,0.23984456383711972,0.061113809539214116,50.00494505494546,50.00494505494514
101760.0,1.202,0.2397043670401254,0.2397043670401254,0.061096297141576515,50.004945054944976,50.00494505494525
101820.0,1.202,0.23956440273530524,0.23956440273530524,0.0610788257638174,50.00494505494555,50.004945054945274
101880.0,1.202,0.23942467035866097,0.23942467035866097,0.061061395282294595,50.00494505494572,50.00494505494541
101940.0,1.202,0.23928516934794203,0.23928516934794203,0.06104400557378681,50.00494505494523,50.00494505494531
102000.0,1.202,0.23914589914264034,0.23914589914264034,0.0610266565154946,50.004945054944635,50.0049450549454
102060.0,1.202,0.23900685918398176,0.23900685918398176,0.06100934798503896,50.0049450549449,50.00494505494478
102120.0,1.202,0.23886804891492106,0.23886804891492106,0.060992079860462185,50.00494505494568,50.00494505494563
102180.0,1.202,0.23872946778013504,0.23872946778013504,0.06097485202022632,50.00494505494601,50.004945054945
102240.0,1.202,0.23859111522601764,0.23859111522601764,0.06095766434321368,50.00494505494616,50.00494505494497
102300.0,1.202,0.23845299070067003,0.23845299070067003,0.060940516708725356,50.00494505494594,50.00494505494486
102360.0,1.202,0.2383150936538978,0.2383150936538978,0.06092340899648138,50.00494505494618,50.00494505494506
102420.0,1.202,0.2381774235372047,0.2381774235372047,0.06090634108661917,50.00494505494582,50.00494505494497
102480.0,1.202,0.23803997980378305,0.23803997980378305,0.06088931285969369,50.00494505494535,50.00494505494546
102540.0,1.202,0.2379027619085116,0.2379027619085116,0.06087232419667583,50.00494505494551,50.00494505494563
102600.0,1.202,0.23776576930794552,0.23776576930794552,0.06085537497895165,50.004945054945765,50.004945054945466
102660.0,1.202,0.23762900146031307,0.23762900146031307,0.06083846508832249,50.00494505494527,50.004945054945125
102720.0,1.202,0.23749245782550918,0.23749245782550918,0.06082159440700254,50.00494505494488,50.00494505494538
102780.0,1.202,0.23735613786508736,0.23735613786508736,0.06080476281761857,50.00494505494513,50.00494505494483
102840.0,1.202,0.23722004104225633,0.23722004104225633,0.06078797020320922,50.0049450549449,50.00494505494485
102900.0,1.202,0.23708416682187047,0.23708416682187047,0.06077121644722323,50.00494505494455,50.00494505494508
102960.0,1.202,0.23694851467042785,0.23694851467042785,0.060754501433518376,50.00494505494457,50.004945054944635
103020.0,1.202,0.23681308405606102,0.23681308405606102,0.06073782504636143,50.00494505494469,50.00494505494528
103080.0,1.202,0.23667787444853272,0.23667787444853272,0.06072118717042534,50.00494505494527,50.004945054945075
103140.0,1.202,0.23654288531922937,0.23654288531922937,0.06070458769078957,50.00494505494499,50.00494505494537
103200.0,1.202,0.23640811614115395,0.23640811614115395,0.06068802649293776,50.004945054945026,50.00494505494509
103260.0,1.202,0.2362735663889221,0.2362735663889221,0.06067150346275723,50.004945054944784,50.00494505494483
103320.0,1.202,0.2361392355387563,0.2361392355387563,0.06065501848653752,50.00494505494566,50.00494505494447
103380.0,1.202,0.236005123068478,0.236005123068478,0.06063857145096934,50.004945054945566,50.004945054944564
103440.0,1.202,0.2358712284575029,0.2358712284575029,0.06062216224314299,50.004945054945104,50.00494505494488
103500.0,1.202,0.23573755118683473,0.23573755118683473,0.06060579075054679,50.0049450549459,50.00494505494491
103560.0,1.202,0.23560409073906058,0.23560409073906058,0.06058945686106637,50.004945054944855,50.00494505494498
103620.0,1.202,0.2354708465983446,0.2354708465983446,0.06057316046298338,50.00494505494506,50.004945054944706
103680.0,1.202,0.2353378182504204,0.2353378182504204,0.060556901444974026,50.0049450549449,50.00494505494483
103740.0,1.202,0.23520500518258883,0.23520500518258883,0.06054067969610731,50.004945054945324,50.004945054944606
103800.0,1.202,0.23507240688370812,0.23507240688370812,0.0605244951058442,50.00494505494451,50.0049450549446
103860.0,1.202,0.2349400228441932,0.2349400228441932,0.06050834756403621,50.004945054944436,50.004945054945175
103920.0,1.202,0.23480785255600478,0.23480785255600478,0.06049223696092397,50.0049450549444,50.00494505494468
103980.0,1.202,0.2346758955126473,0.2346758955126473,0.0604761631871357,50.00494505494473,50.00494505494509
104040.0,1.202,0.2345441512091621,0.2345441512091621,0.0604601261336863,50.004945054944514,50.00494505494524
104100.0,1.202,0.23441261914212216,0.23441261914212216,0.06044412569197552,50.00494505494496,50.004945054944535
104160.0,1.202,0.23428129880962606,0.23428129880962606,0.06042816175378688,50.00494505494493,50.00494505494487
104220.0,1.202,0.23415018971129337,0.23415018971129337,0.060412234211285984,50.00494505494446,50.00494505494483
104280.0,1.202,0.23401929134825686,0.23401929134825686,0.060396342957019386,50.004945054945686,50.00494505494486
104340.0,1.202,0.23388860322315994,0.23388860322315994,0.060380487883913606,50.0049450549449,50.004945054945104
104400.0,1.202,0.23375812484014996,0.23375812484014996,0.06036466888527247,50.00494505494468,50.00494505494545
104460.0,1.2019666666666666,0.23362785209460477,0.23362785209460477,0.060349029322616134,50.00494505494442,50.00494505494519
104520.0,1.2019333333333333,0.2334977809076243,0.2334977809076243,0.060333497524141785,50.00494505494493,50.00494505494523
104580.0,1.2019,0.23336791082131064,0.23336791082131064,0.060318019269534416,50.00494505494519,50.0049450549454
104640.0,1.2018666666666666,0.23323824137959298,0.23323824137959298,0.06030258524606896,50.00494505494484,50.00494505494532
104700.0,1.2018333333333333,0.2331087721277214,0.2331087721277214,0.060287191624110927,50.0049450549447,50.004945054945395
104760.0,1.2018,0.23297950261226177,0.23297950261226177,0.06027183635697014,50.00494505494571,50.00494505494529
104820.0,1.2017666666666666,0.23285043238109165,0.23285043238109165,0.060256518184429717,50.004945054945615,50.004945054945445
104880.0,1.2017333333333333,0.2327215609833955,0.2327215609833955,0.06024123625391566,50.004945054945544,50.00494505494522
104940.0,1.2017,0.23259288796966018,0.23259288796966018,0.060225989947445664,50.004945054945814,50.004945054945
105000.0,1.2016666666666667,0.23246441289167058,0.23246441289167058,0.0602107787924978,50.00494505494572,50.004945054945075
105060.0,1.2016333333333333,0.23233613530250524,0.23233613530250524,0.06019560241197387,50.004945054944855,50.004945054945004
105120.0,1.2016,0.2322080547565309,0.2322080547565309,0.06018046049421247,50.00494505494551,50.004945054944976
105180.0,1.2015666666666667,0.23208017080940013,0.23208017080940013,0.06016535277406683,50.004945054945296,50.00494505494504
105240.0,1.2015333333333333,0.23195248301804533,0.23195248301804533,0.06015027902045455,50.00494505494463,50.004945054945054
105300.0,1.2015,0.2318249909406738,0.2318249909406738,0.06013523902787853,50.00494505494505,50.00494505494496
105360.0,1.2014666666666667,0.23169769413676508,0.23169769413676508,0.060120232610477026,50.00494505494495,50.00494505494519
105420.0,1.2014333333333334,0.2315705921670658,0.2315705921670658,0.06010525959774621,50.00494505494476,50.004945054945324
105480.0,1.2014,0.2314436845935839,0.2314436845935839,0.06009031983139622,50.00494505494507,50.004945054945
105540.0,1.2013666666666665,0.2313169709795873,0.2313169709795873,0.06007541316299488,50.00494505494482,50.00494505494504
105600.0,1.2013333333333331,0.2311904508895973,0.2311904508895973,0.06006053945217393,50.0049450549453,50.00494505494432
105660.0,1.2013,0.23106412388938435,0.23106412388938435,0.06004569856524194,50.00494505494516,50.00494505494432
105720.0,1.2012666666666667,0.23093798954596476,0.23093798954596476,0.060030890374096015,50.00494505494479,50.004945054945125
105780.0,1.2012333333333334,0.23081204742759606,0.23081204742759606,0.0600161147553598,50.004945054944976,50.004945054945225
105840.0,1.2012,0.2306862971037719,0.2306862971037719,0.060001371589692376,50.00494505494512,50.004945054945445
105900.0,1.2011666666666667,0.23056073814521946,0.23056073814521946,0.05998666076122731,50.00494505494554,50.004945054945196
105960.0,1.2011333333333334,0.2304353701238938,0.2304353701238938,0.05997198215711539,50.004945054945196,50.004945054945104
106020.0,1.2010999999999998,0.23031019261297483,0.23031019261297483,0.059957335667146776,50.0049450549456,50.00494505494544
106080.0,1.2010666666666665,0.23018520518686164,0.23018520518686164,0.05994272118343788,50.00494505494497,50.004945054944656
106140.0,1.2010333333333334,0.23006040742116998,0.23006040742116998,0.059928138600168386,50.00494505494554,50.004945054945054
106200.0,1.201,0.2299357988927261,0.2299357988927261,0.059913587813361105,50.00494505494479,50.004945054944855
106260.0,1.201,0.22981138263055548,0.22981138263055548,0.05989893054173931,50.0049450549443,50.0049450549443
106320.0,1.201,0.2296871616421794,0.2296871616421794,0.05988423585363137,50.00494505494446,50.004945054944656
106380.0,1.201,0.2295631354767144,0.2295631354767144,0.059869555820956585,50.00494505494445,50.004945054944926
106440.0,1.201,0.22943930368413676,0.22943930368413676,0.05985489908329643,50.00494505494487,50.0049450549447
106500.0,1.201,0.22931566581575702,0.22931566581575702,0.059840269063188886,50.004945054943946,50.004945054945026
106560.0,1.201,0.22919222142421575,0.22919222142421575,0.05982566749705839,50.004945054944606,50.00494505494488
106620.0,1.201,0.2290689700634786,0.2290689700634786,0.059811095379762515,50.004945054945054,50.00494505494523
106680.0,1.201,0.22894591128883218,0.22894591128883218,0.05979655332278801,50.004945054944706,50.004945054945395
106740.0,1.201,0.228823044656879,0.228823044656879,0.0597820417176275,50.00494505494536,50.004945054946155
106800.0,1.201,0.22870036972553157,0.22870036972553157,0.05976756081983062,50.00494505494538,50.00494505494552
106860.0,1.201,0.2285778860540104,0.2285778860540104,0.059753110796141144,50.00494505494623,50.004945054945956
106920.0,1.201,0.22845559320283723,0.22845559320283723,0.0597386917527193,50.00494505494613,50.00494505494557
106980.0,1.201,0.2283334907338306,0.2283334907338306,0.05972430375293249,50.00494505494681,50.00494505494597
107040.0,1.201,0.22821157821010266,0.22821157821010266,0.05970994682904819,50.00494505494615,50.004945054945836
107100.0,1.201,0.22808985519605268,0.22808985519605268,0.05969562099019,50.00494505494582,50.00494505494602
107160.0,1.201,0.22796832125736452,0.22796832125736452,0.059681326227909844,50.00494505494577,50.0049450549457
107220.0,1.201,0.22784697596099945,0.22784697596099945,0.05966706252019069,50.0049450549456,50.00494505494595
107280.0,1.201,0.22772581887519452,0.22772581887519452,0.05965282983438295,50.004945054945416,50.00494505494575
107340.0,1.201,0.22760484956945704,0.22760484956945704,0.059638628129400184,50.004945054945324,50.00494505494567
107400.0,1.201,0.22748406761455803,0.22748406761455803,0.05962445735738924,50.00494505494505,50.00494505494594
107460.0,1.201,0.2273634725825313,0.2273634725825313,0.05961031746501698,50.00494505494563,50.00494505494525
107520.0,1.201,0.22724306404666558,0.22724306404666558,0.05959620839447832,50.00494505494562,50.00494505494556
107580.0,1.201,0.22712284158150367,0.22712284158150367,0.059582130084291494,50.00494505494567,50.00494505494593
107640.0,1.201,0.22700280476283363,0.22700280476283363,0.059568082469935356,50.0049450549452,50.00494505494585
107700.0,1.201,0.2268829531676899,0.2268829531676899,0.05955406548436333,50.004945054946006,50.00494505494568
107760.0,1.201,0.22676328637434326,0.22676328637434326,0.05954007905842226,50.00494505494629,50.00494505494546
107820.0,1.201,0.22664380396230008,0.22664380396230008,0.05952612312119574,50.00494505494601,50.0049450549456
107880.0,1.201,0.22652450551229675,0.22652450551229675,0.05951219760028916,50.00494505494556,50.004945054945914
107940.0,1.201,0.22640539060629641,0.22640539060629641,0.05949830242206573,50.00494505494619,50.00494505494639
108000.0,1.201,0.2262864588274819,0.2262864588274819,0.05948443751184599,50.00494505494642,50.0049450549462
108060.0,1.201,0.22616770976025594,0.22616770976025594,0.059470602794074415,50.004945054947164,50.00494505494627
108120.0,1.201,0.22604914299023215,0.22604914299023215,0.05945679819246192,50.004945054946965,50.00494505494633
108180.0,1.201,0.22593075810423383,0.22593075810423383,0.05944302363010639,50.00494505494676,50.00494505494585
108240.0,1.201,0.2258125546902888,0.2258125546902888,0.05942927902959635,50.00494505494625,50.00494505494582
108300.0,1.201,0.22569453233762554,0.22569453233762554,0.05941556431309955,50.00494505494592,50.00494505494516
108360.0,1.201,0.22557669063666844,0.22557669063666844,0.059401879402440835,50.00494505494562,50.004945054945914
108420.0,1.201,0.22545902917903313,0.22545902917903313,0.059388224219166945,50.00494505494566,50.004945054945885
108480.0,1.201,0.22534154755752406,0.22534154755752406,0.05937459868460638,50.004945054945715,50.00494505494621
108540.0,1.201,0.22522424536612873,0.22522424536612873,0.05936100271991819,50.004945054945814,50.00494505494581
108600.0,1.201,0.22510712220001494,0.22510712220001494,0.059347436246137183,50.00494505494665,50.0049450549462
108660.0,1.201,0.2249901776555246,0.2249901776555246,0.059333899184212294,50.004945054946006,50.004945054945175
108720.0,1.201,0.22487341133017213,0.22487341133017213,0.05932039145504157,50.00494505494514,50.00494505494588
108780.0,1.201,0.22475682282263798,0.22475682282263798,0.059306912979500366,50.00494505494541,50.00494505494559
108840.0,1.201,0.22464041173276675,0.22464041173276675,0.05929346367847039,50.004945054945416,50.004945054945416
108900.0,1.201,0.22452417766156194,0.22452417766156194,0.05928004347286133,50.00494505494553,50.00494505494566
108960.0,1.201,0.22440812021118198,0.22440812021118198,0.05926665228363315,50.00494505494535,50.00494505494526
109020.0,1.201,0.22429223898493614,0.22429223898493614,0.05925329003181392,50.00494505494503,50.00494505494482
109080.0,1.201,0.2241765335872812,0.2241765335872812,0.059239956638517485,50.00494505494452,50.00494505494535
109140.0,1.201,0.224061003623816,0.224061003623816,0.059226652024956764,50.004945054944194,50.004945054945516
109200.0,1.201,0.22394564870127956,0.22394564870127956,0.059213376112458395,50.00494505494445,50.004945054945175
109260.0,1.201,0.22383046842754598,0.22383046842754598,0.059200128822474135,50.004945054945075,50.004945054945004
109320.0,1.201,0.22371546241161977,0.22371546241161977,0.05918691007659166,50.004945054945686,50.00494505494509
109380.0,1.201,0.22360063026363286,0.22360063026363286,0.05917371979654397,50.00494505494559,50.00494505494575
109440.0,1.201,0.2234859715948407,0.2234859715948407,0.059160557904217856,50.00494505494555,50.00494505494517
109500.0,1.201,0.22337148601761941,0.22337148601761941,0.05914742432166207,50.00494505494597,50.00494505494558
109560.0,1.201,0.22325717314545895,0.22325717314545895,0.05913431897109379,50.00494505494564,50.00494505494483
109620.0,1.201,0.22314303259296162,0.22314303259296162,0.05912124177490556,50.00494505494584,50.004945054945146
109680.0,1.201,0.2230290639758378,0.2230290639758378,0.05910819265567007,50.00494505494538,50.004945054944244
109740.0,1.201,0.2229152669109021,0.2229152669109021,0.05909517153614598,50.004945054944365,50.004945054944855
109800.0,1.201,0.22280164101606886,0.22280164101606886,0.05908217833928187,50.00494505494479,50.004945054945615
109860.0,1.201,0.22268818591034908,0.22268818591034908,0.05906921298822035,50.00494505494515,50.0049450549456
109920.0,1.201,0.22257490121384685,0.22257490121384685,0.05905627540630267,50.00494505494564,50.00494505494595
109980.0,1.201,0.22246178654775434,0.22246178654775434,0.059043365517070776,50.004945054945594,50.0049450549457
110040.0,1.201,0.22234884153434994,0.22234884153434994,0.059030483244271424,50.004945054945935,50.00494505494624
110100.0,1.201,0.22223606579699248,0.22223606579699248,0.059017628511858045,50.00494505494595,50.0049450549456
110160.0,1.201,0.22212345896011934,0.22212345896011934,0.059004801243993626,50.00494505494623,50.004945054946226
110220.0,1.201,0.22201102064924128,0.22201102064924128,0.05899200136505259,50.00494505494644,50.00494505494628
110280.0,1.201,0.2218987504909392,0.2218987504909392,0.05897922879962269,50.00494505494611,50.00494505494581
110340.0,1.201,0.22178664811286125,0.22178664811286125,0.058966483472507304,50.00494505494589,50.004945054946255
110400.0,1.201,0.22167471314371842,0.22167471314371842,0.058953765308725904,50.004945054946184,50.004945054945644
110460.0,1.201,0.2215629452132812,0.2215629452132812,0.05894107423351619,50.00494505494568,50.00494505494561
110520.0,1.201,0.22145134395237476,0.22145134395237476,0.058928410172335376,50.00494505494617,50.00494505494523
110580.0,1.201,0.22133990899287742,0.22133990899287742,0.058915773050860695,50.00494505494597,50.004945054945516
110640.0,1.201,0.22122863996771555,0.22122863996771555,0.05890316279499046,50.00494505494622,50.00494505494551
110700.0,1.201,0.22111753651086063,0.22111753651086063,0.05889057933084479,50.004945054946056,50.0049450549454
110760.0,1.201,0.22100659825732433,0.22100659825732433,0.05887802258476678,50.00494505494599,50.00494505494577
110820.0,1.201,0.2208958248431583,0.2208958248431583,0.05886549248332216,50.00494505494623,50.0049450549456
110880.0,1.201,0.22078521590544567,0.22078521590544567,0.05885298895330056,50.0049450549455,50.004945054945296
110940.0,1.201,0.22067477108230202,0.22067477108230202,0.058840511921715674,50.00494505494505,50.00494505494518
111000.0,1.201,0.22056449001286949,0.22056449001286949,0.05882806131580517,50.00494505494596,50.00494505494534
111060.0,1.201,0.22045437233731446,0.22045437233731446,0.0588156370630314,50.004945054944905,50.00494505494523
111120.0,1.201,0.22034441769682214,0.22034441769682214,0.05880323909108144,50.00494505494537,50.00494505494558
111180.0,1.201,0.22023462573359553,0.22023462573359553,0.058790867327866744,50.004945054946035,50.00494505494546
111240.0,1.201,0.22012499609085065,0.22012499609085065,0.058778521701523874,50.004945054945196,50.00494505494541
111300.0,1.201,0.2200155284128123,0.2200155284128123,0.05876620214041384,50.004945054945956,50.004945054945324
111360.0,1.201,0.21990622234471296,0.21990622234471296,0.05875390857312235,50.00494505494598,50.00494505494552
111420.0,1.201,0.21979707753278688,0.21979707753278688,0.05874164092845982,50.00494505494588,50.00494505494567
111480.0,1.201,0.21968809362426833,0.21968809362426833,0.05872939913546059,50.00494505494629,50.004945054945566
111540.0,1.201,0.2195792702673872,0.2195792702673872,0.058717183123383594,50.00494505494554,50.00494505494504
111600.0,1.201,0.2194706071113664,0.2194706071113664,0.05870499282171157,50.004945054944834,50.0049450549455
111660.0,1.201,0.21936210380641794,0.21936210380641794,0.058692828160150576,50.00494505494524,50.00494505494599
111720.0,1.201,0.21925376000373997,0.21925376000373997,0.05868068906862995,50.00494505494534,50.00494505494532
111780.0,1.201,0.21914557535551274,0.21914557535551274,0.05866857547730233,50.004945054945935,50.00494505494543
111840.0,1.201,0.21903754951489637,0.21903754951489637,0.05865648731654269,50.004945054945324,50.00494505494481
111900.0,1.201,0.2189296821360265,0.2189296821360265,0.058644424516948346,50.00494505494602,50.00494505494514
111960.0,1.201,0.21882197287401167,0.21882197287401167,0.058632387009338004,50.00494505494596,50.00494505494483
112020.0,1.201,0.21871442138492897,0.21871442138492897,0.05862037472475213,50.00494505494605,50.004945054944564
112080.0,1.201,0.21860702732582254,0.21860702732582254,0.05860838759445194,50.004945054945026,50.004945054945125
112140.0,1.201,0.21849979035469877,0.21849979035469877,0.05859642554991889,50.004945054944486,50.00494505494504
112200.0,1.201,0.21839271013052391,0.21839271013052391,0.05858448852285433,50.00494505494468,50.00494505494491
112260.0,1.201,0.21828578631321977,0.21828578631321977,0.05857257644517927,50.00494505494521,50.00494505494555
112320.0,1.201,0.21817901856366154,0.21817901856366154,0.058560689249033064,50.004945054944834,50.00494505494509
112380.0,1.201,0.2180724065436737,0.2180724065436737,0.05854882686677375,50.0049450549445,50.00494505494491
112440.0,1.201,0.21796594991602913,0.21796594991602913,0.058536989230977034,50.00494505494501,50.00494505494534
112500.0,1.201,0.2178596483444424,0.2178596483444424,0.058525176274435445,50.004945054945594,50.004945054945125
112560.0,1.201,0.2177535014935682,0.2177535014935682,0.05851338793015889,50.004945054945075,50.0049450549446
112620.0,1.201,0.2176475090289989,0.2176475090289989,0.058501624131372505,50.00494505494463,50.004945054944656
112680.0,1.201,0.217541670617261,0.217541670617261,0.058489884811517456,50.00494505494425,50.004945054944486
112740.0,1.201,0.21743598592581168,0.21743598592581168,0.058478169904249123,50.00494505494503,50.00494505494435
112800.0,1.201,0.2173304546230348,0.2173304546230348,0.05846647934343757,50.00494505494427,50.00494505494472
112860.0,1.201,0.21722507637823976,0.21722507637823976,0.05845481306316616,50.00494505494511,50.00494505494487
112920.0,1.201,0.21711985086165667,0.21711985086165667,0.058443170997731296,50.00494505494506,50.00494505494489
112980.0,1.201,0.21701477774443434,0.21701477774443434,0.058431553081641656,50.00494505494523,50.00494505494519
113040.0,1.201,0.21690985669863624,0.21690985669863624,0.05841995924961767,50.00494505494544,50.0049450549458
113100.0,1.201,0.21680508739723853,0.21680508739723853,0.058408389436590484,50.00494505494549,50.0049450549451
113160.0,1.201,0.21670046951412636,0.21670046951412636,0.058396843577702,50.00494505494508,50.00494505494508
113220.0,1.201,0.21659600272409046,0.21659600272409046,0.058385321608303835,50.00494505494542,50.00494505494519
113280.0,1.201,0.21649168670282434,0.21649168670282434,0.05837382346395619,50.004945054945814,50.00494505494536
113340.0,1.201,0.21638752112692222,0.21638752112692222,0.058362349080428,50.00494505494597,50.00494505494476
113400.0,1.201,0.21628350567387394,0.21628350567387394,0.05835089839369626,50.004945054946226,50.004945054945495
113460.0,1.201,0.21617964002206536,0.21617964002206536,0.05833947133994426,50.00494505494605,50.00494505494556
113520.0,1.201,0.2160759238507709,0.2160759238507709,0.05832806785556215,50.00494505494577,50.00494505494516
113580.0,1.201,0.21597235684015464,0.21597235684015464,0.05831668787714558,50.00494505494566,50.004945054944464
113640.0,1.201,0.21586893867126436,0.21586893867126436,0.05830533134149588,50.004945054944585,50.004945054945054
113700.0,1.201,0.21576566902603084,0.21576566902603084,0.05829399818561774,50.0049450549443,50.00494505494485
113760.0,1.201,0.21566254758726391,0.21566254758726391,0.05828268834672039,50.00494505494443,50.00494505494529
113820.0,1.201,0.2155595740386485,0.2155595740386485,0.058271401762215194,50.00494505494482,50.00494505494498
113880.0,1.201,0.2154567480647433,0.2154567480647433,0.05826013836971666,50.00494505494455,50.00494505494495
113940.0,1.201,0.21535406935097715,0.21535406935097715,0.058248898107040384,50.00494505494541,50.004945054944976
114000.0,1.201,0.21525153758364654,0.21525153758364654,0.05823768091220325,50.004945054945324,50.0049450549447
114060.0,1.201,0.2151491524499126,0.2151491524499126,0.05822648672342236,50.004945054945885,50.004945054944905
114120.0,1.201,0.21504691363779765,0.21504691363779765,0.05821531547911411,50.00494505494503,50.004945054945196
114180.0,1.201,0.21494482083618208,0.21494482083618208,0.05820416711789395,50.0049450549448,50.004945054945054
114240.0,1.201,0.21484287373480374,0.21484287373480374,0.05819304157857563,50.00494505494497,50.00494505494469
114300.0,1.201,0.21474107202425166,0.21474107202425166,0.05818193880017051,50.00494505494455,50.004945054944805
114360.0,1.201,0.2146394153959672,0.2146394153959672,0.05817085872188645,50.00494505494401,50.004945054945146
114420.0,1.201,0.214537903542237,0.214537903542237,0.058159801283127886,50.00494505494489,50.00494505494513
114480.0,1.201,0.21443653615619357,0.21443653615619357,0.05814876642349435,50.004945054945075,50.00494505494496
114540.0,1.201,0.214335312931811,0.214335312931811,0.05813775408278023,50.00494505494568,50.00494505494485
114600.0,1.201,0.21423423356390145,0.21423423356390145,0.05812676420097434,50.00494505494543,50.00494505494483
114660.0,1.201,0.21413329774811396,0.21413329774811396,0.05811579671825872,50.00494505494451,50.004945054945175
114720.0,1.201,0.21403250518093148,0.21403250518093148,0.05810485157500805,50.00494505494521,50.00494505494535
114780.0,1.201,0.21393185555966668,0.21393185555966668,0.05809392871178905,50.00494505494451,50.00494505494547
114840.0,1.201,0.21383134858246014,0.21383134858246014,0.058083028069359964,50.00494505494507,50.004945054945885
114900.0,1.201,0.21373098394827825,0.21373098394827825,0.058072149588669686,50.00494505494491,50.00494505494584
114960.0,1.201,0.21363076135690934,0.21363076135690934,0.05806129321085719,50.004945054944976,50.00494505494548
115020.0,1.201,0.21353068050896135,0.21353068050896135,0.058050458877250896,50.004945054944166,50.00494505494538
115080.0,1.201,0.21343074110585966,0.21343074110585966,0.05803964652936767,50.00494505494529,50.0049450549452
115140.0,1.201,0.21333094284984355,0.21333094284984355,0.058028856108912764,50.00494505494572,50.004945054945495
115200.0,1.201,0.21323128544396386,0.21323128544396386,0.05801808755777819,50.004945054945416,50.004945054945544
115260.0,1.201,0.21313176859208077,0.21313176859208077,0.058007340818043124,50.00494505494543,50.004945054945146
115320.0,1.201,0.21303239199886032,0.21303239199886032,0.057996615831972416,50.00494505494452,50.00494505494462
115380.0,1.201,0.2129331553697722,0.2129331553697722,0.05798591254201656,50.00494505494587,50.004945054944606
115440.0,1.201,0.21283405841108743,0.21283405841108743,0.05797523089081068,50.004945054945786,50.00494505494469
115500.0,1.201,0.21273510082987515,0.21273510082987515,0.05796457082117354,50.00494505494591,50.0049450549446
115560.0,1.201,0.2126362823339998,0.2126362823339998,0.05795393227610767,50.004945054946134,50.00494505494536
115620.0,1.201,0.21253760263211943,0.21253760263211943,0.05794331519879781,50.004945054945765,50.00494505494494
115680.0,1.201,0.21243906143368235,0.21243906143368235,0.05793271953261114,50.00494505494599,50.00494505494539
115740.0,1.201,0.21234065844892488,0.21234065844892488,0.05792214522109624,50.004945054945544,50.00494505494506
115800.0,1.201,0.21224239338886858,0.21224239338886858,0.057911592207982115,50.004945054945466,50.00494505494548
115860.0,1.201,0.2121442659653173,0.2121442659653173,0.05790106043717799,50.004945054945395,50.00494505494489
115920.0,1.201,0.2120462758908558,0.2120462758908558,0.05789054985277232,50.004945054944926,50.00494505494504
115980.0,1.201,0.2119484228788457,0.2119484228788457,0.05788006039903243,50.00494505494612,50.004945054944685
116040.0,1.201,0.21185070664342456,0.21185070664342456,0.05786959202040415,50.00494505494563,50.004945054944976
116100.0,1.201,0.21175312689950146,0.21175312689950146,0.05785914466151018,50.00494505494524,50.00494505494555
116160.0,1.201,0.21165568336275623,0.21165568336275623,0.057848718267150157,50.00494505494506,50.00494505494495
116220.0,1.201,0.21155837574963587,0.21155837574963587,0.057838312782300144,50.004945054945004,50.004945054945274
116280.0,1.201,0.21146120377735225,0.21146120377735225,0.057827928152111456,50.00494505494474,50.00494505494448
116340.0,1.201,0.2113641671638796,0.2113641671638796,0.05781756432191073,50.004945054944805,50.00494505494487
116400.0,1.201,0.21126726562795203,0.21126726562795203,0.05780722123719854,50.00494505494464,50.00494505494521
116460.0,1.201,0.2111704988890623,0.2111704988890623,0.057796898843648935,50.00494505494514,50.004945054945026
116520.0,1.201,0.21107386666745664,0.21107386666745664,0.05778659708710951,50.004945054945374,50.00494505494527
116580.0,1.201,0.2109773686841348,0.2109773686841348,0.057776315913599725,50.00494505494512,50.00494505494559
116640.0,1.201,0.21088100466084614,0.21088100466084614,0.05776605526931114,50.00494505494461,50.004945054945324
116700.0,1.201,0.21078477432008816,0.21078477432008816,0.057755815100606,50.00494505494517,50.004945054944564
116760.0,1.201,0.21068867738510316,0.21068867738510316,0.0577455953540177,50.004945054944606,50.004945054944784
116820.0,1.201,0.21059271357987658,0.21059271357987658,0.05773539597624892,50.00494505494501,50.0049450549448
116880.0,1.201,0.21049688262913396,0.21049688262913396,0.05772521691417199,50.00494505494502,50.0049450549445
116940.0,1.201,0.21040118425833929,0.21040118425833929,0.05771505811482789,50.0049450549447,50.00494505494483
117000.0,1.201,0.21030561819369126,0.21030561819369126,0.05770491952542514,50.00494505494403,50.004945054944415
117060.0,1.201,0.2102101841621229,0.2102101841621229,0.0576948010933404,50.00494505494444,50.00494505494503
117120.0,1.201,0.2101148818912979,0.2101148818912979,0.05768470276611634,50.00494505494494,50.00494505494463
117180.0,1.201,0.21001971110960746,0.21001971110960746,0.0576746244914627,50.00494505494438,50.004945054944805
117240.0,1.201,0.20992467154616962,0.20992467154616962,0.05766456621725409,50.00494505494398,50.00494505494436
117300.0,1.201,0.20982976293082595,0.20982976293082595,0.05765452789153073,50.00494505494433,50.00494505494439
117360.0,1.201,0.20973498499413964,0.20973498499413964,0.0576445094624967,50.004945054944834,50.004945054945196
117420.0,1.201,0.2096403374673932,0.2096403374673932,0.05763451087852008,50.00494505494495,50.00494505494505
117480.0,1.201,0.20954582008258488,0.20954582008258488,0.05762453208813235,50.00494505494488,50.00494505494555
117540.0,1.201,0.209451432572429,0.209451432572429,0.057614573040027095,50.0049450549453,50.00494505494459
117600.0,1.201,0.20935717467035014,0.20935717467035014,0.05760463368306052,50.004945054945125,50.00494505494534
117660.0,1.201,0.20926304611048402,0.20926304611048402,0.05759471396624991,50.004945054945296,50.00494505494501
117720.0,1.201,0.20916904662767388,0.20916904662767388,0.0575848138387734,50.004945054945175,50.00494505494507
117780.0,1.201,0.20907517595746783,0.20907517595746783,0.05757493324996971,50.004945054945175,50.00494505494583
117840.0,1.201,0.2089814338361165,0.2089814338361165,0.057565072149336524,50.004945054945274,50.00494505494574
117900.0,1.201,0.2088878200005719,0.2088878200005719,0.057555230486531335,50.00494505494542,50.00494505494565
117960.0,1.201,0.20879433418848445,0.20879433418848445,0.05754540821136966,50.004945054946276,50.004945054946226
118020.0,1.201,0.20870097613820096,0.20870097613820096,0.05753560527382506,50.004945054946184,50.00494505494593
118080.0,1.201,0.20860774558876238,0.20860774558876238,0.057525821624028556,50.00494505494558,50.00494505494594
118140.0,1.201,0.20851464227990005,0.20851464227990005,0.057516057212268254,50.00494505494514,50.00494505494647
118200.0,1.201,0.2084216659520366,0.2084216659520366,0.05750631198898773,50.004945054945374,50.00494505494637
118260.0,1.201,0.20832881634628128,0.20832881634628128,0.057496585904786804,50.004945054946255,50.00494505494591
118320.0,1.201,0.2082360932044277,0.2082360932044277,0.057486878910419856,50.004945054945686,50.00494505494568
118380.0,1.201,0.20814349626895357,0.20814349626895357,0.05747719095679665,50.004945054945836,50.00494505494587
118440.0,1.201,0.2080510252830172,0.2080510252830172,0.05746752199498017,50.00494505494607,50.00494505494671
118500.0,1.201,0.20795867999045498,0.20795867999045498,0.05745787197618669,50.00494505494593,50.004945054946276
118560.0,1.201,0.2078664601357798,0.2078664601357798,0.05744824085178573,50.004945054946866,50.004945054945864
118620.0,1.201,0.20777436546417824,0.20777436546417824,0.05743862857329915,50.00494505494651,50.004945054946106
118680.0,1.201,0.20768239572151032,0.20768239572151032,0.05742903509240009,50.00494505494663,50.00494505494551
118740.0,1.201,0.20759055065430468,0.20759055065430468,0.057419460360913326,50.004945054946056,50.00494505494583
118800.0,1.201,0.20749883000975866,0.20749883000975866,0.057409904330814124,50.00494505494594,50.00494505494526
118860.0,1.201,0.20740723353573443,0.20740723353573443,0.05740036695422766,50.004945054946155,50.004945054946035
118920.0,1.201,0.207315760980758,0.207315760980758,0.05739084818342886,50.00494505494629,50.00494505494571
118980.0,1.201,0.20722441209401707,0.20722441209401707,0.05738134797084153,50.00494505494558,50.00494505494569
119040.0,1.201,0.20713318662535884,0.20713318662535884,0.05737186626903792,50.00494505494613,50.004945054945644
119100.0,1.201,0.20704208432528648,0.20704208432528648,0.05736240303073803,50.0049450549458,50.00494505494542
119160.0,1.201,0.20695110494495908,0.20695110494495908,0.057352958208809764,50.004945054945786,50.004945054945715
119220.0,1.201,0.20686024823618898,0.20686024823618898,0.05734353175626721,50.00494505494573,50.00494505494488
119280.0,1.201,0.20676951395143947,0.20676951395143947,0.05733412362627146,50.00494505494586,50.00494505494516
119340.0,1.201,0.2066789018438221,0.2066789018438221,0.05732473377212892,50.004945054945445,50.00494505494579
119400.0,1.201,0.20658841166709552,0.20658841166709552,0.05731536214729117,50.00494505494505,50.00494505494529
119460.0,1.201,0.2064980431756633,0.2064980431756633,0.057306008705354836,50.00494505494536,50.00494505494528
119520.0,1.201,0.20640779612457194,0.20640779612457194,0.05729667340006091,50.00494505494572,50.00494505494525
119580.0,1.201,0.20631767026950723,0.20631767026950723,0.05728735618529344,50.004945054945274,50.004945054945566
119640.0,1.201,0.20622766536679588,0.20622766536679588,0.0572780570150801,50.00494505494518,50.004945054945864
119700.0,1.201,0.2061377811733991,0.2061377811733991,0.057268775843590816,50.00494505494514,50.00494505494449
119760.0,1.201,0.20604801744691414,0.20604801744691414,0.057259512625138474,50.00494505494519,50.00494505494462
119820.0,1.201,0.20595837394556998,0.20595837394556998,0.05725026731417685,50.004945054944564,50.0049450549449
119880.0,1.201,0.205868850428226,0.205868850428226,0.05724103986530109,50.00494505494443,50.004945054945786
119940.0,1.201,0.2057794466543714,0.2057794466543714,0.05723183023324634,50.004945054945004,50.00494505494461
120000.0,1.201,0.20569016238412086,0.20569016238412086,0.05722263837288899,50.00494505494522,50.00494505494495
120060.0,1.201,0.2056009973782139,0.2056009973782139,0.05721346423924436,50.00494505494531,50.00494505494497
120120.0,1.201,0.20551195139801323,0.20551195139801323,0.0572043077874666,50.00494505494466,50.004945054944976
120180.0,1.201,0.2054230242055014,0.2054230242055014,0.057195168972849174,50.004945054945246,50.00494505494519
120240.0,1.201,0.2053342155632805,0.2053342155632805,0.05718604775082251,50.004945054944855,50.00494505494471
120300.0,1.201,0.20524552523456874,0.20524552523456874,0.057176944076955935,50.0049450549451,50.00494505494532
120360.0,1.201,0.20515695298319933,0.20515695298319933,0.057167857906954896,50.004945054945345,50.00494505494568
120420.0,1.201,0.205068498573619,0.205068498573619,0.057158789196662,50.00494505494627,50.00494505494588
120480.0,1.201,0.20498016177088488,0.20498016177088488,0.05714973790205537,50.004945054945736,50.00494505494538
120540.0,1.201,0.20489194234066266,0.20489194234066266,0.05714070397924937,50.004945054945615,50.00494505494589
120600.0,1.201,0.20480384004922664,0.20480384004922664,0.057131687384493264,50.004945054945544,50.00494505494526
120660.0,1.201,0.20471585466345446,0.20471585466345446,0.057122688074170695,50.004945054944976,50.004945054944706
120720.0,1.201,0.20462798595082846,0.20462798595082846,0.05711370600480005,50.004945054945296,50.00494505494423
120780.0,1.201,0.2045402336794321,0.2045402336794321,0.057104741133032925,50.00494505494526,50.00494505494436
120840.0,1.201,0.20445259761794796,0.20445259761794796,0.05709579341565424,50.00494505494489,50.00494505494474
120900.0,1.201,0.20436507753565697,0.20436507753565697,0.05708686280958155,50.004945054945175,50.00494505494513
120960.0,1.201,0.2042776732024353,0.2042776732024353,0.057077949271864895,50.0049450549454,50.004945054945765
121020.0,1.201,0.2041903843887532,0.2041903843887532,0.05706905275968579,50.004945054945466,50.00494505494591
121080.0,1.201,0.20410321086567285,0.20410321086567285,0.057060173230357114,50.00494505494527,50.00494505494498
121140.0,1.201,0.2040161524048467,0.2040161524048467,0.057051310641322954,50.00494505494535,50.00494505494523
121200.0,1.201,0.20392920877851556,0.20392920877851556,0.05704246495015713,50.00494505494556,50.00494505494528
121260.0,1.201,0.20384237975950764,0.20384237975950764,0.05703363611456377,50.00494505494572,50.00494505494521
121320.0,1.201,0.20375566512123408,0.20375566512123408,0.0570248240923763,50.004945054945765,50.00494505494499
121380.0,1.201,0.2036690646376899,0.2036690646376899,0.05701602884155741,50.00494505494535,50.00494505494552
121440.0,1.201,0.2035825780834516,0.2035825780834516,0.05700725032019791,50.00494505494558,50.00494505494595
121500.0,1.201,0.20349620523367415,0.20349620523367415,0.05699848848651658,50.00494505494454,50.00494505494547
121560.0,1.201,0.20340994586408992,0.20340994586408992,0.05698974329886023,50.00494505494534,50.00494505494557
121620.0,1.201,0.20332379975100737,0.20332379975100737,0.05698101471570243,50.00494505494404,50.00494505494528
121680.0,1.201,0.20323776667130866,0.20323776667130866,0.056972302695643504,50.0049450549447,50.00494505494479
121740.0,1.201,0.20315184640244746,0.20315184640244746,0.05696360719741041,50.00494505494498,50.004945054945146
121800.0,1.201,0.2030660387224489,0.2030660387224489,0.05695492817985521,50.00494505494495,50.00494505494484
121860.0,1.201,0.202980343409905,0.202980343409905,0.056946265601955544,50.004945054945125,50.00494505494474
121920.0,1.201,0.20289476024397568,0.20289476024397568,0.05693761942281447,50.004945054943875,50.004945054945054
121980.0,1.201,0.20280928900438544,0.20280928900438544,0.05692898960165864,50.00494505494361,50.00494505494506
122040.0,1.201,0.202723929471422,0.202723929471422,0.056920376097839155,50.00494505494408,50.00494505494485
122100.0,1.201,0.20263868142593444,0.20263868142593444,0.056911778870830626,50.00494505494436,50.00494505494502
122160.0,1.201,0.2025535446493317,0.2025535446493317,0.056903197880230724,50.004945054944116,50.004945054944976
122220.0,1.201,0.20246851892358117,0.20246851892358117,0.056894633085760024,50.00494505494441,50.004945054945196
122280.0,1.201,0.20238360403120503,0.20238360403120503,0.056886084447261114,50.004945054944756,50.00494505494561
122340.0,1.201,0.2022987997552814,0.2022987997552814,0.05687755192469822,50.004945054945004,50.004945054944926
122400.0,1.201,0.20221410587944064,0.20221410587944064,0.056869035478157234,50.00494505494515,50.00494505494498
122460.0,1.201,0.20212952218786442,0.20212952218786442,0.05686053506784507,50.00494505494491,50.00494505494532
122520.0,1.201,0.20204504846528373,0.20204504846528373,0.056852050654088986,50.00494505494472,50.004945054945246
122580.0,1.201,0.20196068449697682,0.20196068449697682,0.05684358219733621,50.0049450549453,50.00494505494532
122640.0,1.201,0.2018764300687683,0.2018764300687683,0.05683512965815366,50.00494505494518,50.00494505494581
122700.0,1.201,0.20179228496702747,0.20179228496702747,0.05682669299722785,50.00494505494484,50.004945054945495
122760.0,1.201,0.20170824897866538,0.20170824897866538,0.05681827217536357,50.004945054944244,50.00494505494519
122820.0,1.201,0.20162432189113474,0.20162432189113474,0.0568098671534847,50.00494505494495,50.00494505494571
122880.0,1.201,0.2015405034924273,0.2015405034924273,0.05680147789263245,50.00494505494517,50.0049450549458
122940.0,1.201,0.20145679357107268,0.20145679357107268,0.05679310435396565,50.00494505494601,50.004945054945736
123000.0,1.201,0.20137319191613567,0.20137319191613567,0.05678474649876071,50.00494505494618,50.00494505494533
123060.0,1.201,0.20128969831721638,0.20128969831721638,0.05677640428841058,50.00494505494552,50.00494505494545
123120.0,1.201,0.20120631256444751,0.20120631256444751,0.05676807768442425,50.004945054945196,50.004945054945374
123180.0,1.201,0.20112303444849175,0.20112303444849175,0.05675976664842713,50.00494505494505,50.00494505494509
123240.0,1.201,0.20103986376054253,0.20103986376054253,0.05675147114215967,50.00494505494578,50.0049450549453
123300.0,1.201,0.2009568002923201,0.2009568002923201,0.05674319112747747,50.00494505494553,50.00494505494561
123360.0,1.201,0.2008738438360712,0.2008738438360712,0.05673492656635098,50.004945054945864,50.0049450549449
123420.0,1.201,0.2007909941845673,0.2007909941845673,0.05672667742086498,50.00494505494512,50.004945054945495
123480.0,1.201,0.2007082511311024,0.2007082511311024,0.056718443653218036,50.00494505494525,50.00494505494503
123540.0,1.201,0.20062561446949206,0.20062561446949206,0.05671022522572208,50.00494505494565,50.004945054945225
123600.0,1.201,0.2005430839940713,0.2005430839940713,0.05670202210080253,50.00494505494516,50.00494505494572
123660.0,1.201,0.20046065949969363,0.20046065949969363,0.056693834240996825,50.004945054946056,50.00494505494571
123720.0,1.201,0.20037834078172936,0.20037834078172936,0.056685661608955176,50.00494505494583,50.004945054945765
123780.0,1.201,0.2002961276360628,0.2002961276360628,0.05667750416743965,50.0049450549464,50.004945054946205
123840.0,1.201,0.20021401985909254,0.20021401985909254,0.05666936187932365,50.004945054945786,50.00494505494571
123900.0,1.201,0.20013201724772856,0.20013201724772856,0.05666123470759176,50.004945054945075,50.004945054945885
123960.0,1.201,0.2000501195993919,0.2000501195993919,0.05665312261533932,50.0049450549455,50.00494505494535
124020.0,1.201,0.19996832671201045,0.19996832671201045,0.056645025565771966,50.0049450549455,50.00494505494534
124080.0,1.201,0.19988663838402126,0.19988663838402126,0.056636943522205434,50.00494505494521,50.00494505494574
124140.0,1.201,0.19980505441436547,0.19980505441436547,0.05662887644806486,50.0049450549448,50.00494505494542
124200.0,1.201,0.19972357460248988,0.19972357460248988,0.056620824306884324,50.004945054945274,50.00494505494506
124260.0,1.2009666666666667,0.19964219649085022,0.19964219649085022,0.056612883406013094,50.00494505494518,50.004945054945324
124320.0,1.2009333333333334,0.19956091763460057,0.19956091763460057,0.05660500437566167,50.004945054944606,50.00494505494545
124380.0,1.2009,0.19947973785121603,0.19947973785121603,0.05659715036796363,50.004945054944905,50.00494505494495
124440.0,1.2008666666666665,0.19939865695892015,0.19939865695892015,0.05658931598768306,50.00494505494501,50.00494505494502
124500.0,1.2008333333333332,0.1993176747763702,0.1993176747763702,0.05658149911338539,50.004945054944734,50.004945054944606
124560.0,1.2007999999999999,0.19923679112265602,0.19923679112265602,0.056573698631055346,50.00494505494521,50.004945054945075
124620.0,1.2007666666666665,0.19915600581729828,0.19915600581729828,0.056565913865057924,50.004945054945445,50.00494505494541
124680.0,1.2007333333333334,0.19907531868024733,0.19907531868024733,0.05655814436560528,50.00494505494574,50.00494505494539
124740.0,1.2007,0.1989947295318819,0.1989947295318819,0.056550389812439,50.00494505494549,50.004945054945395
124800.0,1.2006666666666668,0.19891423819300794,0.19891423819300794,0.056542649965443906,50.00494505494552,50.004945054944706
124860.0,1.2006333333333334,0.1988338444848585,0.1988338444848585,0.05653492463700044,50.004945054944564,50.00494505494509
124920.0,1.2006,0.19875354822908955,0.19875354822908955,0.056527213675443624,50.00494505494417,50.004945054944905
124980.0,1.2005666666666666,0.19867334924778227,0.19867334924778227,0.05651951695463781,50.004945054944905,50.0049450549454
125040.0,1.2005333333333332,0.1985932473634393,0.1985932473634393,0.05651183436712084,50.00494505494481,50.004945054945466
125100.0,1.2005,0.19851324239898469,0.19851324239898469,0.0565041658194365,50.00494505494519,50.004945054945225
125160.0,1.2004666666666668,0.1984333341777626,0.1984333341777626,0.056496511228860825,50.004945054945864,50.00494505494518
125220.0,1.2004333333333335,0.19835352252353572,0.19835352252353572,0.0564888705210479,50.00494505494495,50.00494505494545
125280.0,1.2004000000000001,0.19827380726048469,0.19827380726048469,0.05648124362829927,50.00494505494471,50.00494505494597
125340.0,1.2003666666666666,0.1981941882132053,0.1981941882132053,0.056473630488267416,50.004945054945594,50.004945054945765
125400.0,1.2003333333333333,0.19811466520671048,0.19811466520671048,0.05646603104296817,50.00494505494504,50.00494505494512
125460.0,1.2003,0.1980352380664246,0.1980352380664246,0.05645844523801698,50.00494505494514,50.00494505494475
125520.0,1.2002666666666666,0.19795590661818735,0.19795590661818735,0.05645087302203011,50.00494505494482,50.00494505494501
125580.0,1.2002333333333333,0.1978766706882478,0.1978766706882478,0.05644331434614933,50.00494505494598,50.00494505494579
125640.0,1.2002000000000002,0.19779753010326703,0.19779753010326703,0.0564357691636613,50.00494505494577,50.004945054945786
125700.0,1.2001666666666668,0.1977184846903142,0.1977184846903142,0.05642823742968921,50.00494505494554,50.004945054945836
125760.0,1.2001333333333335,0.1976395342768667,0.1976395342768667,0.05642071910094027,50.00494505494578,50.00494505494509
125820.0,1.2001,0.19756067869080987,0.19756067869080987,0.056413214135498456,50.004945054945495,50.00494505494498
125880.0,1.2000666666666666,0.19748191776043378,0.19748191776043378,0.05640572249265087,50.004945054945296,50.00494505494514
125940.0,1.2000333333333333,0.19740325131443237,0.19740325131443237,0.05639824413274405,50.00494505494552,50.00494505494521
126000.0,1.2,0.19732467918190447,0.19732467918190447,0.05639077901706192,50.00494505494492,50.004945054944756
126060.0,1.2,0.19724620337122908,0.19724620337122908,0.05638323372900868,50.00494505494472,50.00494505494495
126120.0,1.2,0.19716782587960874,0.19716782587960874,0.05637565614991717,50.00494505494569,50.004945054944855
126180.0,1.2,0.19708954652168256,0.19708954652168256,0.056368081934768666,50.00494505494452,50.00494505494494
126240.0,1.2,0.1970113651122437,0.1970113651122437,0.056360516182983426,50.004945054944805,50.00494505494458
126300.0,1.2,0.19693328146654343,0.19693328146654343,0.05635296085286097,50.00494505494497,50.00494505494415
126360.0,1.2,0.19685529540028673,0.19685529540028673,0.05634541694028707,50.00494505494482,50.00494505494419
126420.0,1.2,0.1967774067296328,0.1967774067296328,0.056337885022794264,50.00494505494486,50.004945054944905
126480.0,1.2,0.19669961527119242,0.19669961527119242,0.056330365462604205,50.00494505494363,50.00494505494479
126540.0,1.2,0.1966219208420282,0.1966219208420282,0.05632285849862446,50.00494505494467,50.00494505494532
126600.0,1.2,0.1965443232596521,0.1965443232596521,0.05631536429360915,50.004945054944784,50.00494505494521
126660.0,1.2,0.19646682234202345,0.19646682234202345,0.056307882960554334,50.00494505494481,50.004945054944926
126720.0,1.2,0.19638941790754968,0.19638941790754968,0.056300414578484545,50.00494505494475,50.004945054945104
126780.0,1.2,0.19631210977508276,0.19631210977508276,0.05629295920239806,50.004945054944535,50.00494505494515
126840.0,1.2,0.19623489776391975,0.19623489776391975,0.05628551686980235,50.004945054945395,50.00494505494542
126900.0,1.2,0.1961577816938005,0.1961577816938005,0.05627808760516141,50.00494505494551,50.004945054945765
126960.0,1.2,0.1960807613849054,0.1960807613849054,0.05627067142301122,50.00494505494532,50.004945054945956
127020.0,1.2,0.1960038366578562,0.1960038366578562,0.05626326833019778,50.00494505494493,50.00494505494597
127080.0,1.2,0.19592700733371313,0.19592700733371313,0.05625587832752083,50.004945054945196,50.00494505494581
127140.0,1.2,0.19585027323397408,0.19585027323397408,0.056248501410962354,50.004945054945935,50.00494505494521
127200.0,1.2,0.19577363418057367,0.19577363418057367,0.0562411375726222,50.004945054945146,50.004945054944976
127260.0,1.2,0.1956970899958809,0.1956970899958809,0.056233786801439894,50.00494505494518,50.00494505494514
127320.0,1.2,0.19562064050269862,0.19562064050269862,0.056226449083758234,50.00494505494557,50.00494505494533
127380.0,1.2,0.195544285524263,0.195544285524263,0.05621912440377124,50.00494505494552,50.004945054945445
127440.0,1.2,0.19546802488423992,0.19546802488423992,0.056211812743880686,50.00494505494519,50.00494505494575
127500.0,1.2,0.19539185840672665,0.19539185840672665,0.05620451408498602,50.00494505494524,50.00494505494582
127560.0,1.2,0.1953157859162478,0.1953157859162478,0.0561972284067188,50.00494505494477,50.00494505494545
127620.0,1.2,0.19523980723775594,0.19523980723775594,0.056189955687636975,50.0049450549447,50.00494505494537
127680.0,1.2,0.19516392219662904,0.19516392219662904,0.05618269590538428,50.004945054944365,50.00494505494565
127740.0,1.2,0.19508813061867147,0.19508813061867147,0.056175449036824164,50.00494505494455,50.00494505494545
127800.0,1.2,0.1950124323301093,0.1950124323301093,0.05616821505815157,50.00494505494578,50.00494505494545
127860.0,1.2,0.1949368271575918,0.1949368271575918,0.05616099394498779,50.00494505494445,50.00494505494559
127920.0,1.2,0.19486131492818948,0.19486131492818948,0.05615378567246038,50.004945054944386,50.004945054945786
127980.0,1.2,0.19478589546939182,0.19478589546939182,0.05614659021527183,50.004945054945544,50.00494505494587
128040.0,1.2,0.19471056860910735,0.19471056860910735,0.056139407547757904,50.00494505494576,50.004945054945765
128100.0,1.2,0.19463533417566184,0.19463533417566184,0.05613223764393833,50.004945054946354,50.004945054945225
128160.0,1.2,0.1945601919977972,0.1945601919977972,0.056125080477560325,50.00494505494586,50.00494505494541
128220.0,1.2,0.19448514190467012,0.19448514190467012,0.05611793602213649,50.00494505494593,50.00494505494531
128280.0,1.2,0.19441018372585098,0.19441018372585098,0.05611080425097789,50.004945054945225,50.00494505494563
128340.0,1.2,0.19433531729132228,0.19433531729132228,0.05610368513722245,50.00494505494576,50.00494505494579
128400.0,1.2,0.19426054243147794,0.19426054243147794,0.0560965786538611,50.004945054945985,50.004945054946326
128460.0,1.2,0.19418585897712212,0.19418585897712212,0.05608948477375899,50.004945054946305,50.00494505494598
128520.0,1.2,0.19411126675946747,0.19411126675946747,0.056082403469675704,50.00494505494624,50.004945054946404
128580.0,1.2,0.1940367656101337,0.1940367656101337,0.05607533471428283,50.0049450549463,50.0049450549467
128640.0,1.2,0.19396235536114736,0.19396235536114736,0.05606827848017831,50.00494505494701,50.00494505494628
128700.0,1.2,0.1938880358449403,0.1938880358449403,0.05606123473990163,50.004945054946674,50.00494505494597
128760.0,1.2,0.19381380689434846,0.19381380689434846,0.05605420346594477,50.00494505494653,50.004945054946184
128820.0,1.2,0.19373966834260994,0.19373966834260994,0.05604718463076353,50.00494505494678,50.00494505494581
128880.0,1.2,0.19366562002336474,0.19366562002336474,0.05604017820678732,50.00494505494657,50.00494505494577
128940.0,1.2,0.19359166177065365,0.19359166177065365,0.056033184166428,50.00494505494658,50.004945054945836
129000.0,1.2,0.19351779341891548,0.19351779341891548,0.05602620248208735,50.00494505494634,50.00494505494642
129060.0,1.2,0.19344401480298873,0.19344401480298873,0.05601923312616448,50.004945054946305,50.00494505494621
129120.0,1.2,0.19337032575810797,0.19337032575810797,0.05601227607106197,50.0049450549461,50.004945054946205
129180.0,1.2,0.19329672611990334,0.19329672611990334,0.05600533128919173,50.00494505494647,50.00494505494577
129240.0,1.2,0.19322321572440007,0.19322321572440007,0.0559983987529805,50.004945054946475,50.004945054946056
129300.0,1.2,0.19314979440801644,0.19314979440801644,0.05599147843487383,50.00494505494638,50.00494505494599
129360.0,1.2,0.19307646200756323,0.19307646200756323,0.05598457030734103,50.004945054946,50.00494505494594
129420.0,1.2,0.19300321836024192,0.19300321836024192,0.05597767434287849,50.00494505494583,50.004945054945985
129480.0,1.2,0.1929300633036445,0.1929300633036445,0.05597079051401337,50.00494505494544,50.004945054945345
129540.0,1.2,0.19285699667575193,0.19285699667575193,0.05596391879330752,50.00494505494672,50.004945054945956
129600.0,1.2,0.19278401831493214,0.19278401831493214,0.055957059153359016,50.00494505494576,50.004945054945594
129660.0,1.2,0.19271112805994042,0.19271112805994042,0.05595021156680599,50.00494505494571,50.00494505494581
129720.0,1.2,0.1926383257499167,0.1926383257499167,0.05594337600632818,50.00494505494567,50.00494505494569
129780.0,1.2,0.1925656112243861,0.1925656112243861,0.05593655244464987,50.00494505494517,50.00494505494524
129840.0,1.2,0.19249298432325615,0.19249298432325615,0.055929740854541755,50.00494505494542,50.00494505494592
129900.0,1.2,0.1924204448868174,0.1924204448868174,0.055922941208822075,50.00494505494529,50.004945054945786
129960.0,1.2,0.1923479927557402,0.1923479927557402,0.05591615348035886,50.004945054945466,50.00494505494534
130020.0,1.2,0.19227562777107565,0.19227562777107565,0.0559093776420719,50.004945054945416,50.004945054945026
130080.0,1.2,0.19220334977425324,0.19220334977425324,0.0559026136669332,50.00494505494565,50.00494505494554
130140.0,1.2,0.19213115860708047,0.19213115860708047,0.05589586152796895,50.00494505494562,50.0049450549454
130200.0,1.2,0.19205905411174098,0.19205905411174098,0.05588912119826021,50.004945054944685,50.00494505494535
130260.0,1.2,0.19198703613079438,0.19198703613079438,0.05588239265094453,50.004945054944805,50.00494505494546
130320.0,1.2,0.1919151045071741,0.1919151045071741,0.055875675859216226,50.0049450549454,50.00494505494542
130380.0,1.2,0.19184325908418673,0.19184325908418673,0.055868970796328174,50.0049450549453,50.004945054945516
130440.0,1.2,0.19177149970551247,0.19177149970551247,0.05586227743559156,50.004945054945445,50.00494505494566
130500.0,1.2,0.1916998262152008,0.1916998262152008,0.055855595750377615,50.004945054945765,50.00494505494568
130560.0,1.2,0.19162823845767218,0.19162823845767218,0.05584892571411774,50.004945054945765,50.00494505494612
130620.0,1.2,0.19155673627771622,0.19155673627771622,0.055842267300304047,50.00494505494644,50.004945054946184
130680.0,1.2,0.19148531952049033,0.19148531952049033,0.05583562048249028,50.00494505494589,50.0049450549459
130740.0,1.2,0.19141398803151852,0.19141398803151852,0.05582898523429229,50.00494505494618,50.004945054945814
130800.0,1.2,0.19134274165669074,0.19134274165669074,0.05582236152938814,50.00494505494621,50.00494505494573
130860.0,1.2,0.1912715802422615,0.1912715802422615,0.055815749341518735,50.004945054945644,50.004945054945736
130920.0,1.2,0.19120050363484964,0.19120050363484964,0.05580914864448846,50.00494505494512,50.00494505494551
130980.0,1.2,0.1911295116814355,0.1911295116814355,0.05580255941216492,50.004945054945146,50.00494505494542
131040.0,1.2,0.1910586042293625,0.1910586042293625,0.05579598161848017,50.004945054945864,50.004945054945125
131100.0,1.2,0.1909877811263335,0.1909877811263335,0.05578941523742986,50.00494505494579,50.00494505494572
131160.0,1.2,0.19091704222041064,0.19091704222041064,0.05578286024307422,50.00494505494658,50.004945054945956
131220.0,1.2,0.19084638736001583,0.19084638736001583,0.05577631660953816,50.0049450549453,50.00494505494609
131280.0,1.2,0.1907758163939274,0.1907758163939274,0.05576978431101105,50.00494505494565,50.00494505494564
131340.0,1.2,0.19070532917128014,0.19070532917128014,0.05576326332174786,50.00494505494549,50.004945054945566
131400.0,1.2,0.19063492554156453,0.19063492554156453,0.05575675361606823,50.00494505494577,50.00494505494557
131460.0,1.2,0.1905646053546256,0.1905646053546256,0.0557502551683572,50.00494505494576,50.0049450549455
131520.0,1.2,0.19049436846066076,0.19049436846066076,0.055743767953064904,50.00494505494547,50.00494505494565
131580.0,1.2,0.19042421471022106,0.19042421471022106,0.05573729194470743,50.00494505494577,50.004945054945914
131640.0,1.2,0.19035414395420827,0.19035414395420827,0.05573082711786582,50.00494505494503,50.00494505494599
131700.0,1.2,0.1902841560438739,0.1902841560438739,0.05572437344718674,50.00494505494611,50.004945054945615
131760.0,1.2,0.19021425083081978,0.19021425083081978,0.055717930907382654,50.00494505494644,50.004945054945736
131820.0,1.2,0.19014442816699578,0.19014442816699578,0.055711499473231625,50.00494505494681,50.0049450549457
131880.0,1.2,0.1900746879046984,0.1900746879046984,0.055705079119577096,50.00494505494711,50.004945054946184
131940.0,1.2,0.19000502989657125,0.19000502989657125,0.055698669821328144,50.004945054946596,50.00494505494573
132000.0,1.2,0.18993545399560294,0.18993545399560294,0.05569227155345973,50.00494505494623,50.00494505494572
132060.0,1.2,0.18986596005512615,0.18986596005512615,0.05568588429101241,50.00494505494587,50.004945054945864
132120.0,1.2,0.1897965479288173,0.1897965479288173,0.055679508009091896,50.00494505494594,50.00494505494537
132180.0,1.2,0.18972721747069554,0.18972721747069554,0.055673142682869756,50.00494505494558,50.004945054945516
132240.0,1.2,0.18965796853512076,0.18965796853512076,0.05566678828758277,50.004945054945836,50.0049450549453
132300.0,1.2,0.18958880097679318,0.18958880097679318,0.0556604447985335,50.004945054945416,50.0049450549455
132360.0,1.2,0.18951971465075265,0.18951971465075265,0.05565411219108949,50.0049450549452,50.00494505494565
132420.0,1.2,0.18945070941237854,0.18945070941237854,0.05564779044068356,50.004945054945104,50.00494505494601
132480.0,1.2,0.1893817851173858,0.1893817851173858,0.05564147952281395,50.00494505494582,50.00494505494614
132540.0,1.2,0.18931294162182755,0.18931294162182755,0.05563517941304374,50.00494505494652,50.00494505494581
132600.0,1.2,0.1892441787820915,0.1892441787820915,0.055628890087001205,50.00494505494663,50.004945054945416
132660.0,1.2,0.18917549645490064,0.18917549645490064,0.05562261152037978,50.004945054946255,50.00494505494624
132720.0,1.2,0.18910689449731116,0.18910689449731116,0.05561634368893679,50.004945054945935,50.00494505494557
132780.0,1.2,0.18903837276671212,0.18903837276671212,0.0556100865684955,50.0049450549465,50.00494505494569
132840.0,1.2,0.18896993112082497,0.18896993112082497,0.055603840134942836,50.00494505494658,50.00494505494601
132900.0,1.2,0.18890156941770125,0.18890156941770125,0.05559760436423084,50.00494505494675,50.004945054946596
132960.0,1.2,0.18883328751572265,0.18883328751572265,0.05559137923237521,50.00494505494651,50.00494505494592
133020.0,1.2,0.18876508527359945,0.18876508527359945,0.05558516471545654,50.00494505494655,50.00494505494589
133080.0,1.2,0.1886969625503713,0.1886969625503713,0.055578960789619346,50.00494505494658,50.00494505494532
133140.0,1.2,0.18862891920540334,0.18862891920540334,0.055572767431072,50.004945054946624,50.00494505494578
133200.0,1.2,0.18856095509838744,0.18856095509838744,0.055566584616086954,50.00494505494592,50.00494505494603
133260.0,1.2,0.18849307008934071,0.18849307008934071,0.05556041232099989,50.00494505494547,50.00494505494598
133320.0,1.2,0.1884252640386058,0.1884252640386058,0.055554250522210705,50.0049450549458,50.00494505494601
133380.0,1.2,0.18835753680684653,0.18835753680684653,0.05554809919618245,50.00494505494588,50.00494505494584
133440.0,1.2,0.1882898882550508,0.1882898882550508,0.0555419583194416,50.00494505494594,50.00494505494562
133500.0,1.2,0.18822231824452798,0.18822231824452798,0.055535827868577414,50.00494505494602,50.004945054945885
133560.0,1.2,0.1881548266369078,0.1881548266369078,0.05552970782024246,50.004945054945544,50.00494505494582
133620.0,1.2,0.18808741329413936,0.18808741329413936,0.05552359815115228,50.004945054945765,50.00494505494605
133680.0,1.2,0.18802007807849128,0.18802007807849128,0.0555174988380849,50.004945054946,50.00494505494613
133740.0,1.2,0.18795282085255016,0.18795282085255016,0.05551140985788075,50.00494505494658,50.00494505494631
133800.0,1.2,0.18788564147921955,0.18788564147921955,0.055505331187443316,50.00494505494621,50.004945054946404
133860.0,1.2,0.18781853982171862,0.18781853982171862,0.05549926280373746,50.004945054946546,50.00494505494616
133920.0,1.2,0.1877515157435822,0.1877515157435822,0.055493204683790945,50.00494505494681,50.00494505494629
133980.0,1.2,0.18768456910865947,0.18768456910865947,0.05548715680469304,50.004945054947015,50.00494505494614
134040.0,1.2,0.18761769978111406,0.18761769978111406,0.05548111914359473,50.00494505494628,50.004945054945765
134100.0,1.2,0.18755090762542054,0.18755090762542054,0.05547509167770902,50.00494505494671,50.00494505494627
134160.0,1.2,0.1874841925063665,0.1874841925063665,0.055469074384309744,50.004945054946454,50.00494505494614
134220.0,1.2,0.1874175542890499,0.1874175542890499,0.055463067240732696,50.00494505494682,50.004945054945956
134280.0,1.2,0.18735099283887874,0.18735099283887874,0.055457070224374426,50.0049450549464,50.004945054945715
134340.0,1.2,0.18728450802157037,0.18728450802157037,0.05545108331269262,50.00494505494593,50.0049450549464
134400.0,1.2,0.18721809970315031,0.18721809970315031,0.055445106483205546,50.004945054946006,50.00494505494574
134460.0,1.2,0.18715176774995038,0.18715176774995038,0.055439139713492416,50.00494505494604,50.00494505494594
134520.0,1.2,0.187085512028611,0.187085512028611,0.055433182981192694,50.004945054946276,50.00494505494573
134580.0,1.2,0.18701933240607668,0.18701933240607668,0.05542723626400618,50.00494505494588,50.0049450549466
134640.0,1.2,0.18695322874959774,0.18695322874959774,0.0554212995396928,50.00494505494601,50.00494505494558
134700.0,1.2,0.1868872009267272,0.1868872009267272,0.055415372786072836,50.004945054946226,50.00494505494585
134760.0,1.2,0.18682124880532275,0.18682124880532275,0.055409455981025736,50.00494505494602,50.004945054946035
134820.0,1.2,0.1867553722535425,0.1867553722535425,0.05540354910249106,50.004945054945615,50.00494505494558
134880.0,1.2,0.18668957113984777,0.18668957113984777,0.05539765212846785,50.00494505494542,50.004945054946376
134940.0,1.2,0.18662384533299908,0.18662384533299908,0.05539176503701401,50.00494505494601,50.00494505494508
135000.0,1.2,0.18655819470205753,0.18655819470205753,0.05538588780624717,50.00494505494539,50.004945054945026
135060.0,1.2,0.18649261911638315,0.18649261911638315,0.05538002041434363,50.0049450549455,50.00494505494494
135120.0,1.2,0.18642711844563298,0.18642711844563298,0.055374162839538575,50.004945054945054,50.00494505494515
135180.0,1.2,0.18636169255976254,0.18636169255976254,0.055368315060125656,50.004945054944606,50.004945054945246
135240.0,1.2,0.18629634132902284,0.18629634132902284,0.05536247705445721,50.004945054944926,50.00494505494514
135300.0,1.2,0.1862310646239608,0.1862310646239608,0.055356648800943764,50.00494505494475,50.00494505494529
135360.0,1.2,0.1861658623154182,0.1861658623154182,0.05535083027805389,50.00494505494483,50.00494505494533
135420.0,1.2,0.1861007342745306,0.1861007342745306,0.055345021464314366,50.00494505494501,50.00494505494528
135480.0,1.2,0.18603568037272689,0.18603568037272689,0.05533922233830953,50.004945054945,50.004945054944756
135540.0,1.2,0.1859707004817279,0.1859707004817279,0.05533343287868175,50.004945054944464,50.00494505494507
135600.0,1.2,0.18590579447354555,0.18590579447354555,0.05532765306413017,50.00494505494506,50.00494505494525
135660.0,1.2,0.18584096222048327,0.18584096222048327,0.05532188287341159,50.00494505494557,50.00494505494513
135720.0,1.2,0.18577620359513383,0.18577620359513383,0.055316122285340226,50.00494505494534,50.00494505494492
135780.0,1.2,0.18571151847037953,0.18571151847037953,0.05531037127878669,50.00494505494498,50.00494505494543
135840.0,1.2,0.18564690671939027,0.18564690671939027,0.055304629832678864,50.004945054945544,50.004945054945594
135900.0,1.2,0.1855823682156239,0.1855823682156239,0.055298897926000956,50.004945054945246,50.004945054945885
135960.0,1.2,0.18551790283282435,0.18551790283282435,0.05529317553779351,50.00494505494579,50.00494505494602
136020.0,1.2,0.18545351044502187,0.18545351044502187,0.05528746264715371,50.00494505494569,50.004945054945985
136080.0,1.2,0.1853891909265317,0.1853891909265317,0.055281759233234494,50.004945054945814,50.00494505494593
136140.0,1.2,0.18532494415195297,0.18532494415195297,0.05527606527524502,50.00494505494678,50.004945054945146
136200.0,1.2,0.1852607699961688,0.1852607699961688,0.055270380752450186,50.00494505494609,50.004945054945345
136260.0,1.2,0.1851966683343449,0.1851966683343449,0.05526470564417052,50.0049450549459,50.00494505494548
136320.0,1.2,0.18513263904192845,0.18513263904192845,0.05525903992978181,50.004945054945274,50.00494505494531
136380.0,1.2,0.18506868199464815,0.18506868199464815,0.0552533835887152,50.00494505494586,50.004945054945516
136440.0,1.2,0.1850047970685131,0.1850047970685131,0.05524773660045699,50.00494505494562,50.004945054945594
136500.0,1.2,0.18494098413981175,0.18494098413981175,0.055242098944548346,50.004945054945715,50.00494505494586
136560.0,1.2,0.1848772430851113,0.1848772430851113,0.055236470600585626,50.004945054945395,50.004945054945765
136620.0,1.2,0.1848135737812573,0.1848135737812573,0.055230851548218975,50.004945054945416,50.00494505494484
136680.0,1.2,0.18474997610537242,0.18474997610537242,0.05522524176715373,50.00494505494554,50.00494505494508
136740.0,1.2,0.18468644993485583,0.18468644993485583,0.055219641237149356,50.00494505494512,50.00494505494465
136800.0,1.2,0.18462299514738204,0.18462299514738204,0.055214049938019275,50.00494505494451,50.00494505494447
136860.0,1.2,0.18455961162090148,0.18455961162090148,0.055208467849630974,50.0049450549449,50.00494505494513
136920.0,1.2,0.18449629923363753,0.18449629923363753,0.05520289495190581,50.00494505494512,50.00494505494509
136980.0,1.2,0.1844330578640879,0.1844330578640879,0.05519733122481836,50.00494505494505,50.004945054944784
137040.0,1.2,0.18436988739102295,0.18436988739102295,0.055191776648397244,50.00494505494503,50.00494505494498
137100.0,1.2,0.1843067876934851,0.1843067876934851,0.055186231202724235,50.004945054945374,50.00494505494525
137160.0,1.2,0.18424375865078732,0.18424375865078732,0.05518069486793402,50.004945054945026,50.00494505494555
137220.0,1.2,0.18418080014251403,0.18418080014251403,0.055175167624214295,50.00494505494512,50.004945054945395
137280.0,1.2,0.18411791204851835,0.18411791204851835,0.05516964945180593,50.004945054945665,50.004945054945466
137340.0,1.2,0.18405509424892327,0.18405509424892327,0.055164140331001976,50.004945054944876,50.004945054945274
137400.0,1.2,0.18399234662411917,0.18399234662411917,0.055158640242148615,50.00494505494535,50.004945054945125
137460.0,1.2,0.18392966905476452,0.18392966905476452,0.055153149165643685,50.0049450549452,50.00494505494514
137520.0,1.2,0.183867061421785,0.183867061421785,0.055147667081937725,50.00494505494486,50.00494505494556
137580.0,1.2,0.183804523606371,0.183804523606371,0.055142193971533124,50.00494505494515,50.00494505494521
137640.0,1.2,0.1837420554899798,0.1837420554899798,0.055136729814983916,50.00494505494539,50.004945054945225
137700.0,1.2,0.18367965695433197,0.18367965695433197,0.05513127459289624,50.004945054944706,50.00494505494501
137760.0,1.2,0.18361732788141258,0.18361732788141258,0.05512582828592768,50.004945054945004,50.004945054945
137820.0,1.2,0.18355506815346986,0.18355506815346986,0.05512039087478695,50.00494505494504,50.00494505494518
137880.0,1.2,0.18349287765301436,0.18349287765301436,0.05511496234023429,50.00494505494472,50.004945054945594
137940.0,1.2,0.18343075626281796,0.18343075626281796,0.0551095426630808,50.00494505494465,50.00494505494573
138000.0,1.2,0.18336870386591445,0.18336870386591445,0.055104131824188586,50.004945054945395,50.00494505494476
138060.0,1.2,0.18330672034559656,0.18330672034559656,0.05509872980447085,50.00494505494494,50.004945054944905
138120.0,1.2,0.1832448055854182,0.1832448055854182,0.05509333658489102,50.004945054945345,50.004945054944365
138180.0,1.2,0.183182959469191,0.183182959469191,0.05508795214646304,50.004945054944955,50.00494505494425
138240.0,1.2,0.18312118188098517,0.18312118188098517,0.055082576470251284,50.004945054945054,50.0049450549453
138300.0,1.2,0.1830594727051284,0.1830594727051284,0.05507720953737034,50.00494505494486,50.004945054944486
138360.0,1.2,0.1829978318262049,0.1829978318262049,0.0550718513289844,50.00494505494483,50.00494505494517
138420.0,1.2,0.1829362591290549,0.1829362591290549,0.05506650182630796,50.00494505494511,50.0049450549449
138480.0,1.2,0.1828747544987744,0.1828747544987744,0.05506116101060475,50.004945054945004,50.00494505494462
138540.0,1.2,0.18281331782071408,0.18281331782071408,0.05505582886318859,50.004945054944784,50.00494505494501
138600.0,1.2,0.18275194898047742,0.18275194898047742,0.05505050536542244,50.00494505494384,50.004945054945345
138660.0,1.2,0.18269064786392342,0.18269064786392342,0.05504519049871827,50.004945054944265,50.00494505494484
138720.0,1.2,0.18262941435716157,0.18262941435716157,0.05503988424453738,50.00494505494456,50.00494505494527
138780.0,1.2,0.18256824834655397,0.18256824834655397,0.05503458658439006,50.0049450549445,50.004945054945345
138840.0,1.2,0.18250714971871426,0.18250714971871426,0.05502929749983538,50.00494505494562,50.004945054945516
138900.0,1.2,0.18244611836050662,0.18244611836050662,0.055024016972480924,50.004945054946035,50.00494505494563
138960.0,1.2,0.1823851541590451,0.1823851541590451,0.055018744983982765,50.004945054946184,50.00494505494594
139020.0,1.2,0.18232425700169194,0.18232425700169194,0.05501348151604524,50.00494505494591,50.00494505494593
139080.0,1.2,0.1822634267760591,0.1822634267760591,0.055008226550421126,50.004945054945395,50.004945054945416
139140.0,1.2,0.1822026633700059,0.1822026633700059,0.05500298006891124,50.00494505494537,50.004945054945914
139200.0,1.2,0.18214196667163973,0.18214196667163973,0.05499774205336407,50.00494505494544,50.004945054946084
139260.0,1.2,0.18208133656931302,0.18208133656931302,0.05499251248567587,50.004945054946575,50.00494505494555
139320.0,1.2,0.1820207729516243,0.1820207729516243,0.05498729134779094,50.004945054946035,50.0049450549462
139380.0,1.2,0.18196027570741843,0.18196027570741843,0.05498207862170044,50.00494505494587,50.004945054946226
139440.0,1.2,0.18189984472578355,0.18189984472578355,0.054976874289443284,50.00494505494635,50.00494505494577
139500.0,1.2,0.18183947989605265,0.18183947989605265,0.0549716783331052,50.00494505494646,50.004945054945146
139560.0,1.2,0.18177918110780078,0.18177918110780078,0.05496649073481934,50.004945054946006,50.00494505494559
139620.0,1.2,0.18171894825084664,0.18171894825084664,0.05496131147676541,50.004945054945935,50.00494505494548
139680.0,1.2,0.1816587812152503,0.1816587812152503,0.05495614054117007,50.00494505494579,50.00494505494557
139740.0,1.2,0.18159867989131326,0.18159867989131326,0.05495097791030637,50.00494505494538,50.004945054945054
139800.0,1.2,0.18153864416957716,0.18153864416957716,0.05494582356649406,50.004945054944756,50.004945054945246
139860.0,1.2,0.18147867394082415,0.18147867394082415,0.05494067749209911,50.00494505494508,50.00494505494569
139920.0,1.2,0.18141876909607507,0.18141876909607507,0.05493553966953351,50.00494505494456,50.00494505494555
139980.0,1.2,0.18135892952659025,0.18135892952659025,0.05493041008125561,50.00494505494464,50.00494505494542
140040.0,1.2,0.18129915512386752,0.18129915512386752,0.05492528870976915,50.00494505494479,50.004945054945665
140100.0,1.2,0.18123944577964204,0.18123944577964204,0.05492017553762412,50.00494505494537,50.004945054945566
140160.0,1.2,0.18117980138588557,0.18117980138588557,0.054915070547415984,50.00494505494529,50.004945054945615
140220.0,1.2,0.18112022183480622,0.18112022183480622,0.05490997372178537,50.00494505494569,50.004945054945615
140280.0,1.2,0.1810607070188479,0.1810607070188479,0.05490488504341876,50.00494505494568,50.004945054945445
140340.0,1.2,0.1810012568306887,0.1810012568306887,0.05489980449504744,50.00494505494554,50.00494505494541
140400.0,1.2,0.18094187116324187,0.18094187116324187,0.054894732059447705,50.00494505494516,50.00494505494503
140460.0,1.2,0.18088254990965294,0.18088254990965294,0.05488966771944121,50.00494505494494,50.00494505494546
140520.0,1.2,0.18082329296330132,0.18082329296330132,0.05488461145789403,50.004945054945445,50.00494505494553
140580.0,1.2,0.18076410021779818,0.18076410021779818,0.05487956325771672,50.00494505494506,50.00494505494506
140640.0,1.2,0.18070497156698734,0.18070497156698734,0.0548745231018648,50.00494505494542,50.004945054945985
140700.0,1.2,0.18064590690494267,0.18064590690494267,0.054869490973337966,50.00494505494589,50.00494505494574
140760.0,1.2,0.1805869061259692,0.1805869061259692,0.054864466855180115,50.004945054945374,50.00494505494537
140820.0,1.2,0.1805279691246017,0.1805279691246017,0.05485945073047919,50.004945054945814,50.004945054945225
140880.0,1.2,0.1804690957956036,0.1804690957956036,0.05485444258236725,50.004945054945175,50.004945054944855
140940.0,1.2,0.18041028603396783,0.18041028603396783,0.05484944239402025,50.00494505494532,50.004945054945715
141000.0,1.2,0.18035153973491483,0.18035153973491483,0.054844450148657554,50.00494505494485,50.00494505494506
141060.0,1.2,0.18029285679389276,0.18029285679389276,0.05483946582954236,50.004945054945104,50.00494505494547
141120.0,1.2,0.18023423710657646,0.18023423710657646,0.05483448941998109,50.00494505494567,50.00494505494555
141180.0,1.2,0.1801756805688663,0.1801756805688663,0.0548295209033239,50.00494505494557,50.00494505494564
141240.0,1.2,0.1801171870768901,0.1801171870768901,0.054824560262963486,50.004945054945445,50.00494505494571
141300.0,1.2,0.18005875652699874,0.18005875652699874,0.054819607482336025,50.004945054945054,50.00494505494554
141360.0,1.2,0.1800003888157683,0.1800003888157683,0.054814662544920484,50.00494505494478,50.00494505494563
141420.0,1.2,0.1799420838399992,0.1799420838399992,0.05480972543423847,50.00494505494561,50.0049450549457
141480.0,1.2,0.1798838414967143,0.1798838414967143,0.054804796133854417,50.0049450549449,50.00494505494497
141540.0,1.2,0.17982566168315903,0.17982566168315903,0.05479987462737553,50.004945054944955,50.00494505494512
141600.0,1.2,0.17976754429680153,0.17976754429680153,0.0547949608984508,50.00494505494465,50.00494505494497
141660.0,1.2,0.17970948923533106,0.17970948923533106,0.054790054930772145,50.00494505494477,50.004945054945175
141720.0,1.2,0.1796514963966579,0.1796514963966579,0.054785156708073116,50.004945054944905,50.00494505494471
141780.0,1.2,0.179593565678912,0.179593565678912,0.05478026621412943,50.00494505494516,50.004945054945445
141840.0,1.2,0.1795356969804439,0.1795356969804439,0.05477538343275846,50.004945054945104,50.00494505494541
141900.0,1.2,0.17947789019982258,0.17947789019982258,0.05477050834781995,50.00494505494501,50.004945054945104
141960.0,1.2,0.17942014523583577,0.17942014523583577,0.05476564094321465,50.004945054945615,50.00494505494524
142020.0,1.2,0.17936246198748895,0.17936246198748895,0.05476078120288506,50.00494505494515,50.00494505494537
142080.0,1.2,0.17930484035400593,0.17930484035400593,0.05475592911081512,50.00494505494491,50.00494505494531
142140.0,1.2,0.17924728023482597,0.17924728023482597,0.05475108465102995,50.00494505494427,50.004945054945765
142200.0,1.2,0.17918978152960582,0.17918978152960582,0.054746247807595634,50.004945054944926,50.004945054945594
142260.0,1.2,0.1791323441382166,0.1791323441382166,0.05474141856461963,50.00494505494435,50.00494505494529
142320.0,1.2,0.1790749679607458,0.1790749679607458,0.05473659690624987,50.004945054945246,50.0049450549452
142380.0,1.2,0.1790176528974945,0.1790176528974945,0.05473178281667523,50.00494505494588,50.004945054944876
142440.0,1.2,0.1789603988489782,0.1789603988489782,0.054726976280125454,50.004945054945495,50.004945054945225
142500.0,1.2,0.17890320571592555,0.17890320571592555,0.05472217728087024,50.00494505494549,50.004945054945544
142560.0,1.2,0.1788460733992788,0.1788460733992788,0.05471738580322008,50.00494505494545,50.00494505494531
142620.0,1.2,0.178789001800191,0.178789001800191,0.05471260183152567,50.00494505494493,50.004945054945615
142680.0,1.2,0.178731990820029,0.178731990820029,0.05470782535017767,50.00494505494474,50.004945054945104
142740.0,1.2,0.17867504036036833,0.17867504036036833,0.05470305634360708,50.00494505494473,50.00494505494544
142800.0,1.2,0.17861815032299738,0.17861815032299738,0.0546982947962845,50.00494505494544,50.0049450549453
142860.0,1.2,0.17856132060991314,0.17856132060991314,0.05469354069272046,50.00494505494496,50.004945054945814
142920.0,1.2,0.17850455112332267,0.17850455112332267,0.05468879401746503,50.00494505494594,50.004945054946106
142980.0,1.2,0.17844784176564185,0.17844784176564185,0.05468405475510796,50.004945054945686,50.004945054945566
143040.0,1.2,0.17839119243949522,0.17839119243949522,0.05467932289027842,50.004945054946006,50.0049450549453
143100.0,1.2,0.17833460304771506,0.17833460304771506,0.05467459840764494,50.00494505494595,50.00494505494591
143160.0,1.2,0.17827807349334118,0.17827807349334118,0.054669881291914794,50.0049450549457,50.00494505494546
143220.0,1.2,0.17822160367961903,0.17822160367961903,0.05466517152783487,50.004945054945026,50.0049450549459
143280.0,1.2,0.17816519351000204,0.17816519351000204,0.054660469100190796,50.004945054945956,50.00494505494544
143340.0,1.2,0.17810884288814816,0.17810884288814816,0.05465577399380693,50.00494505494593,50.00494505494548
143400.0,1.2,0.17805255171792042,0.17805255171792042,0.05465108619354648,50.00494505494579,50.004945054945395
143460.0,1.2,0.1779963199033868,0.1779963199033868,0.054646405684311214,50.00494505494592,50.00494505494569
143520.0,1.2,0.1779401473488201,0.1779401473488201,0.054641732451041314,50.00494505494633,50.00494505494506
143580.0,1.2,0.17788403395869606,0.17788403395869606,0.05463706647871549,50.00494505494644,50.00494505494559
143640.0,1.2,0.17782797963769245,0.17782797963769245,0.05463240775235071,50.00494505494634,50.004945054945736
143700.0,1.2,0.1777719842906909,0.1777719842906909,0.054627756257001656,50.00494505494536,50.00494505494545
143760.0,1.2,0.1777160478227748,0.1777160478227748,0.054623111977761686,50.0049450549459,50.00494505494546
143820.0,1.2,0.17766017013922833,0.17766017013922833,0.05461847489976165,50.00494505494581,50.00494505494545
143880.0,1.2,0.17760435114553705,0.17760435114553705,0.05461384500817015,50.00494505494571,50.0049450549458
143940.0,1.2,0.1775485907473871,0.1775485907473871,0.05460922228819363,50.0049450549451,50.00494505494575
144000.0,1.2,0.17749288885066405,0.17749288885066405,0.05460460672507618,50.00494505494556,50.00494505494524
144060.0,1.2,0.17743724536145294,0.17743724536145294,0.054599998304099236,50.00494505494635,50.00494505494583
144120.0,1.2,0.1773816601860379,0.1773816601860379,0.054595397010581616,50.004945054946205,50.004945054945686
144180.0,1.2,0.1773261332309008,0.1773261332309008,0.05459080282987925,50.00494505494585,50.00494505494619
144240.0,1.2,0.17727066440272188,0.17727066440272188,0.05458621574738533,50.00494505494561,50.004945054945765
144300.0,1.2,0.17721525360837848,0.17721525360837848,0.05458163574852992,50.00494505494537,50.00494505494603
144360.0,1.2,0.17715990075494428,0.17715990075494428,0.054577062818780275,50.00494505494513,50.004945054945544
144420.0,1.2,0.17710460574969009,0.17710460574969009,0.05457249694364023,50.004945054945466,50.00494505494555
144480.0,1.2,0.1770493685000821,0.1770493685000821,0.054567938108650266,50.004945054946326,50.004945054946106
144540.0,1.2,0.1769941889137812,0.1769941889137812,0.054563386299387444,50.00494505494665,50.00494505494622
144600.0,1.2,0.1769390668986433,0.1769390668986433,0.054558841501465324,50.00494505494556,50.004945054946
144660.0,1.2,0.17688400236271992,0.17688400236271992,0.05455430370053381,50.004945054946006,50.00494505494604
144720.0,1.2,0.17682899521425374,0.17682899521425374,0.05454977288227913,50.00494505494616,50.004945054945786
144780.0,1.2,0.17677404536168254,0.17677404536168254,0.05454524903242368,50.00494505494617,50.00494505494556
144840.0,1.2,0.17671915271363609,0.17671915271363609,0.054540732136725716,50.00494505494589,50.00494505494561
144900.0,1.2,0.17666431717893738,0.17666431717893738,0.05453622218097948,50.004945054944905,50.00494505494592
144960.0,1.2,0.17660953866659954,0.17660953866659954,0.05453171915101511,50.00494505494541,50.0049450549456
145020.0,1.2,0.17655481708582796,0.17655481708582796,0.0545272230326984,50.004945054945715,50.004945054945416
145080.0,1.2,0.17650015234601846,0.17650015234601846,0.05452273381193068,50.00494505494562,50.00494505494529
145140.0,1.2,0.17644554435675755,0.17644554435675755,0.05451825147464888,50.00494505494539,50.00494505494566
145200.0,1.2,0.1763909930278211,0.1763909930278211,0.0545137760068252,50.00494505494593,50.004945054945495
145260.0,1.2,0.17633649826917455,0.17633649826917455,0.0545093073944673,50.00494505494572,50.00494505494554
145320.0,1.2,0.17628205999097163,0.17628205999097163,0.05450484562361801,50.0049450549453,50.00494505494527
145380.0,1.2,0.17622767810355477,0.17622767810355477,0.054500390680354976,50.00494505494545,50.00494505494489
145440.0,1.2,0.17617335251745397,0.17617335251745397,0.05449594255079117,50.0049450549453,50.0049450549454
145500.0,1.2,0.17611908314338692,0.17611908314338692,0.054491501221074205,50.00494505494572,50.00494505494545
145560.0,1.2,0.1760648698922578,0.1760648698922578,0.054487066677386536,50.004945054945566,50.00494505494557
145620.0,1.2,0.17601071267515733,0.17601071267515733,0.05448263890594526,50.00494505494535,50.004945054945466
145680.0,1.2,0.17595661140336213,0.17595661140336213,0.05447821789300211,50.00494505494586,50.004945054946084
145740.0,1.2,0.17590256598833406,0.17590256598833406,0.05447380362484296,50.0049450549462,50.00494505494556
145800.0,1.2,0.17584857634172038,0.17584857634172038,0.054469396087788724,50.0049450549459,50.00494505494512
145860.0,1.2,0.17579464237535222,0.17579464237535222,0.05446499526819383,50.00494505494692,50.004945054945644
145920.0,1.2,0.17574076400124483,0.17574076400124483,0.05446060115244731,50.00494505494626,50.00494505494591
145980.0,1.2,0.17568694113159725,0.17568694113159725,0.054456213726972034,50.00494505494626,50.00494505494571
146040.0,1.2,0.17563317367879158,0.17563317367879158,0.054451832978224965,50.00494505494567,50.00494505494598
146100.0,1.2,0.17557946155539203,0.17557946155539203,0.05444745889269692,50.00494505494607,50.00494505494603
146160.0,1.2,0.1755258046741456,0.1755258046741456,0.05444309145691234,50.00494505494583,50.00494505494619
146220.0,1.2,0.17547220294798022,0.17547220294798022,0.054438730657429386,50.004945054945466,50.004945054945914
146280.0,1.2,0.1754186562900056,0.1754186562900056,0.054434376480839895,50.00494505494651,50.004945054946326
146340.0,1.2,0.1753651646135121,0.1753651646135121,0.05443002891376884,50.00494505494677,50.00494505494613
146400.0,1.2,0.17531172783196955,0.17531172783196955,0.05442568794287491,50.00494505494669,50.004945054946035
146460.0,1.2,0.17525834585902864,0.17525834585902864,0.054421353554849804,50.00494505494641,50.00494505494555
146520.0,1.2,0.1752050186085191,0.1752050186085191,0.05441702573641854,50.00494505494647,50.00494505494614
146580.0,1.2,0.17515174599444894,0.17515174599444894,0.054412704474339164,50.004945054946894,50.00494505494636
146640.0,1.2,0.17509852793100536,0.17509852793100536,0.054408389755402596,50.00494505494598,50.00494505494594
146700.0,1.2,0.17504536433255297,0.17504536433255297,0.05440408156643285,50.00494505494557,50.00494505494639
146760.0,1.2,0.17499225511363428,0.17499225511363428,0.054399779894286314,50.00494505494611,50.004945054945935
146820.0,1.2,0.17493920018896864,0.17493920018896864,0.054395484725852435,50.004945054946525,50.00494505494583
146880.0,1.2,0.17488619947345208,0.17488619947345208,0.054391196048053043,50.00494505494566,50.00494505494649
146940.0,1.2,0.1748332528821565,0.1748332528821565,0.05438691384784255,50.00494505494572,50.004945054945914
147000.0,1.2,0.17478036033033026,0.17478036033033026,0.054382638112207754,50.00494505494626,50.00494505494609
147060.0,1.2,0.17472752173339617,0.17472752173339617,0.054378368828167545,50.00494505494575,50.00494505494607
147120.0,1.2,0.17467473700695219,0.17467473700695219,0.054374105982773265,50.004945054945736,50.00494505494548
147180.0,1.2,0.17462200606677122,0.17462200606677122,0.05436984956310824,50.00494505494548,50.00494505494555
147240.0,1.2,0.1745693288287985,0.1745693288287985,0.054365599556288,50.00494505494601,50.004945054945544
147300.0,1.2,0.17451670520915485,0.17451670520915485,0.054361355949459865,50.00494505494588,50.00494505494583
147360.0,1.2,0.17446413512413256,0.17446413512413256,0.054357118729802624,50.004945054946134,50.0049450549455
147420.0,1.2,0.17441161849019735,0.17441161849019735,0.05435288788452732,50.00494505494627,50.004945054946
147480.0,1.2,0.17435915522398604,0.17435915522398604,0.054348663400876476,50.00494505494636,50.004945054945495
147540.0,1.2,0.1743067452423092,0.1743067452423092,0.05434444526612405,50.00494505494703,50.00494505494528
147600.0,1.2,0.17425438846214675,0.17425438846214675,0.05434023346757547,50.00494505494642,50.00494505494525
147660.0,1.2,0.17420208480065008,0.17420208480065008,0.05433602799256772,50.004945054945715,50.00494505494534
147720.0,1.2,0.17414983417514146,0.17414983417514146,0.054331828828468695,50.00494505494626,50.00494505494558
147780.0,1.2,0.17409763650311333,0.17409763650311333,0.05432763596267814,50.00494505494611,50.00494505494586
147840.0,1.2,0.17404549170222622,0.17404549170222622,0.05432344938262593,50.00494505494575,50.004945054946
147900.0,1.2,0.17399339969031186,0.17399339969031186,0.05431926907577362,50.00494505494578,50.00494505494589
147960.0,1.2,0.1739413603853688,0.1739413603853688,0.05431509502961371,50.0049450549458,50.004945054946155
148020.0,1.2,0.17388937370556523,0.17388937370556523,0.05431092723166895,50.00494505494587,50.004945054946205
148080.0,1.2,0.17383743956923625,0.17383743956923625,0.054306765669493405,50.00494505494568,50.004945054946184
148140.0,1.2,0.17378555789488515,0.17378555789488515,0.05430261033067142,50.004945054946035,50.0049450549462
148200.0,1.2,0.1737337286011827,0.1737337286011827,0.054298461202818116,50.00494505494605,50.00494505494605
148260.0,1.2,0.17368195160696467,0.17368195160696467,0.05429431827357885,50.00494505494651,50.004945054945914
148320.0,1.2,0.17363022683123427,0.17363022683123427,0.05429018153062957,50.00494505494623,50.00494505494641
148380.0,1.2,0.17357855419315973,0.17357855419315973,0.054286050961676456,50.004945054945026,50.00494505494643
148440.0,1.2,0.17352693361207547,0.17352693361207547,0.054281926554455726,50.004945054945566,50.004945054946624
148500.0,1.2,0.17347536500748031,0.17347536500748031,0.0542778082967338,50.00494505494573,50.00494505494615
148560.0,1.2,0.17342384829903731,0.17342384829903731,0.054273696176307284,50.00494505494677,50.00494505494632
148620.0,1.2,0.17337238340657418,0.17337238340657418,0.05426959018100233,50.00494505494674,50.00494505494567
148680.0,1.2,0.1733209702500824,0.1733209702500824,0.054265490298675424,50.00494505494692,50.004945054945836
148740.0,1.2,0.17326960874971592,0.17326960874971592,0.05426139651721255,50.004945054946035,50.00494505494593
148800.0,1.2,0.1732182988257921,0.1732182988257921,0.054257308824529206,50.00494505494582,50.004945054945814
148860.0,1.2,0.17316704039879127,0.17316704039879127,0.054253227208570766,50.004945054945914,50.00494505494643
148920.0,1.2,0.17311583338935493,0.17311583338935493,0.05424915165731191,50.00494505494608,50.004945054945935
148980.0,1.2,0.17306467771828707,0.17306467771828707,0.05424508215875684,50.004945054945445,50.004945054946
149040.0,1.2,0.17301357330655173,0.17301357330655173,0.05424101870093919,50.00494505494522,50.004945054945985
149100.0,1.2,0.1729625200752751,0.1729625200752751,0.0542369612719214,50.00494505494554,50.00494505494554
149160.0,1.2,0.1729115179457429,0.1729115179457429,0.05423290985979576,50.00494505494549,50.00494505494579
149220.0,1.2,0.1728605668394015,0.1728605668394015,0.05422886445268307,50.004945054945935,50.00494505494566
149280.0,1.2,0.17280966667785616,0.17280966667785616,0.05422482503873332,50.0049450549456,50.00494505494561
149340.0,1.2,0.17275881738287227,0.17275881738287227,0.054220791606125515,50.00494505494599,50.0049450549457
149400.0,1.2,0.17270801887637316,0.17270801887637316,0.0542167641430672,50.00494505494564,50.004945054945594
149460.0,1.2,0.1726572710804415,0.1726572710804415,0.054212742637795006,50.00494505494506,50.004945054945544
149520.0,1.2,0.17260657391731743,0.17260657391731743,0.05420872707857413,50.0049450549456,50.00494505494578
149580.0,1.2,0.17255592730939887,0.17255592730939887,0.05420471745369801,50.00494505494605,50.004945054945786
149640.0,1.2,0.172505331179241,0.172505331179241,0.05420071375148902,50.004945054945644,50.00494505494566
149700.0,1.2,0.17245478544955586,0.17245478544955586,0.05419671596029781,50.004945054945594,50.004945054946035
149760.0,1.2,0.17240429004321212,0.17240429004321212,0.05419272406850324,50.00494505494608,50.0049450549457
149820.0,1.2,0.17235384488323402,0.17235384488323402,0.05418873806451245,50.004945054945786,50.004945054945175
149880.0,1.2,0.1723034498928023,0.1723034498928023,0.05418475793676108,50.00494505494543,50.00494505494559
149940.0,1.2,0.17225310499525226,0.17225310499525226,0.0541807836737124,50.00494505494525,50.00494505494521
150000.0,1.2,0.17220281011407435,0.17220281011407435,0.054176815263857876,50.004945054945246,50.00494505494557
150060.0,1.2,0.17215256517291413,0.17215256517291413,0.054172852695717,50.004945054944805,50.00494505494531
150120.0,1.2,0.1721023700955704,0.1721023700955704,0.05416889595783692,50.00494505494514,50.004945054946205
150180.0,1.2,0.17205222480599666,0.17205222480599666,0.05416494503879273,50.004945054944955,50.00494505494564
150240.0,1.2,0.17200212922829877,0.17200212922829877,0.05416099992718703,50.00494505494534,50.00494505494563
150300.0,1.2,0.17195208328673667,0.17195208328673667,0.05415706061165011,50.004945054945125,50.00494505494589
150360.0,1.2,0.17190208690572178,0.17190208690572178,0.054153127080839844,50.004945054945836,50.00494505494494
150420.0,1.2,0.1718521400098187,0.1718521400098187,0.054149199323441755,50.00494505494548,50.00494505494577
150480.0,1.2,0.1718022425237435,0.1718022425237435,0.05414527732816811,50.00494505494512,50.004945054945765
150540.0,1.2,0.17175239437236414,0.17175239437236414,0.0541413610837591,50.00494505494574,50.004945054945466
150600.0,1.2,0.17170259548069916,0.17170259548069916,0.05413745057898162,50.004945054945416,50.004945054945175
150660.0,1.2,0.17165284577391787,0.17165284577391787,0.054133545802630315,50.00494505494508,50.00494505494521
150720.0,1.2,0.1716031451773405,0.1716031451773405,0.05412964674352654,50.00494505494569,50.00494505494547
150780.0,1.2,0.17155349361643682,0.17155349361643682,0.05412575339051842,50.00494505494577,50.00494505494608
150840.0,1.2,0.17150389101682623,0.17150389101682623,0.05412186573248131,50.00494505494631,50.004945054945786
150900.0,1.2,0.1714543373042778,0.1714543373042778,0.05411798375831719,50.004945054945594,50.004945054945885
150960.0,1.2,0.17140483240470888,0.17140483240470888,0.05411410745695512,50.00494505494536,50.004945054946084
151020.0,1.2,0.17135537624418604,0.17135537624418604,0.05411023681735034,50.004945054945075,50.00494505494568
151080.0,1.2,0.17130596874892337,0.17130596874892337,0.05410637182848513,50.00494505494563,50.00494505494521
151140.0,1.2,0.17125660984528335,0.17125660984528335,0.054102512479368134,50.00494505494555,50.004945054945544
151200.0,1.2,0.17120729945977534,0.17120729945977534,0.05409865875903429,50.00494505494599,50.00494505494563
151260.0,1.2,0.1711580375190559,0.1711580375190559,0.05409481065654513,50.004945054946035,50.00494505494541
151320.0,1.2,0.17110882394992877,0.17110882394992877,0.0540909681609884,50.004945054945544,50.004945054945544
151380.0,1.2,0.17105965867934325,0.17105965867934325,0.05408713126147823,50.00494505494582,50.00494505494598
151440.0,1.2,0.17101054163439527,0.17101054163439527,0.05408329994715451,50.004945054945814,50.004945054945395
151500.0,1.2,0.17096147274232598,0.17096147274232598,0.05407947420718352,50.00494505494578,50.0049450549452
151560.0,1.2,0.1709124519305222,0.1709124519305222,0.05407565403075745,50.00494505494577,50.00494505494568
151620.0,1.2,0.17086347912651512,0.17086347912651512,0.05407183940709441,50.00494505494543,50.00494505494597
151680.0,1.2,0.17081455425798103,0.17081455425798103,0.05406803032543846,50.00494505494576,50.00494505494568
151740.0,1.2,0.17076567725273978,0.17076567725273978,0.05406422677505926,50.00494505494608,50.00494505494573
151800.0,1.2,0.17071684803875575,0.17071684803875575,0.05406042874525229,50.004945054945786,50.00494505494595
151860.0,1.2,0.17066806654413666,0.17066806654413666,0.0540566362253387,50.00494505494568,50.00494505494586
151920.0,1.2,0.17061933269713248,0.17061933269713248,0.05405284920466499,50.00494505494566,50.00494505494538
151980.0,1.2,0.17057064642613723,0.17057064642613723,0.05404906767260344,50.004945054945495,50.00494505494571
152040.0,1.2,0.17052200765968675,0.17052200765968675,0.05404529161855157,50.0049450549453,50.004945054945544
152100.0,1.2,0.1704734163264594,0.1704734163264594,0.05404152103193225,50.00494505494455,50.00494505494495
152160.0,1.2,0.17042487235527431,0.17042487235527431,0.05403775590219374,50.00494505494593,50.00494505494484
152220.0,1.2,0.17037637567509284,0.17037637567509284,0.05403399621880932,50.00494505494579,50.00494505494518
152280.0,1.2,0.17032792621501744,0.17032792621501744,0.05403024197127758,50.00494505494492,50.004945054945
152340.0,1.2,0.17027952390429102,0.17027952390429102,0.05402649314912209,50.004945054944365,50.00494505494551
152400.0,1.2,0.17023116867229623,0.17023116867229623,0.0540227497418914,50.00494505494404,50.00494505494568
152460.0,1.2,0.1701828604485569,0.1701828604485569,0.05401901173915879,50.00494505494414,50.004945054945715
152520.0,1.2,0.1701345991627359,0.1701345991627359,0.0540152791305228,50.00494505494463,50.00494505494532
152580.0,1.2,0.17008638474463514,0.17008638474463514,0.05401155190560648,50.0049450549449,50.00494505494572
152640.0,1.2,0.17003821712419634,0.17003821712419634,0.054007830054057446,50.00494505494512,50.004945054945104
152700.0,1.2,0.16999009623149872,0.16999009623149872,0.054004113565548316,50.004945054945274,50.00494505494503
152760.0,1.2,0.1699420219967612,0.1699420219967612,0.05400040242977607,50.00494505494502,50.00494505494529
152820.0,1.2,0.16989399435033964,0.16989399435033964,0.05399669663646217,50.00494505494512,50.004945054945544
152880.0,1.2,0.16984601322272821,0.16984601322272821,0.05399299617535262,50.00494505494534,50.004945054945395
152940.0,1.2,0.16979807854455797,0.16979807854455797,0.053989301036217546,50.00494505494522,50.00494505494545
153000.0,1.2,0.1697501902465968,0.1697501902465968,0.05398561120885167,50.004945054945374,50.00494505494506
153060.0,1.2,0.1697023482597495,0.1697023482597495,0.05398192668307378,50.00494505494572,50.00494505494529
153120.0,1.2,0.16965455251505762,0.16965455251505762,0.05397824744872691,50.004945054945765,50.00494505494565
153180.0,1.2,0.16960680294369787,0.16960680294369787,0.053974573495678,50.00494505494548,50.004945054945615
153240.0,1.2,0.16955909947698253,0.16955909947698253,0.05397090481381806,50.004945054945374,50.0049450549453
153300.0,1.2,0.16951144204636026,0.16951144204636026,0.05396724139306216,50.004945054945736,50.00494505494573
153360.0,1.2,0.1694638305834141,0.1694638305834141,0.053963583223349286,50.004945054945146,50.004945054945516
153420.0,1.2,0.16941626501986112,0.16941626501986112,0.053959930294642196,50.0049450549449,50.00494505494526
153480.0,1.2,0.1693687452875541,0.1693687452875541,0.0539562825969273,50.0049450549454,50.0049450549451
153540.0,1.2,0.16932127131847827,0.16932127131847827,0.05395264012021463,50.004945054945644,50.00494505494522
153600.0,1.2,0.16927384304475387,0.16927384304475387,0.05394900285453817,50.00494505494588,50.004945054945544
153660.0,1.2,0.16922646039863362,0.16922646039863362,0.05394537078995518,50.00494505494544,50.004945054945786
153720.0,1.2,0.16917912331250393,0.16917912331250393,0.05394174391654659,50.004945054945736,50.00494505494591
153780.0,1.2,0.16913183171888319,0.16913183171888319,0.053938122224416386,50.00494505494568,50.004945054946205
153840.0,1.2,0.16908458555042338,0.16908458555042338,0.05393450570369236,50.00494505494543,50.00494505494615
153900.0,1.2,0.16903738473990684,0.16903738473990684,0.053930894344525394,50.00494505494568,50.00494505494613
153960.0,1.2,0.16899022922024903,0.16899022922024903,0.05392728813708943,50.00494505494566,50.00494505494552
154020.0,1.2,0.1689431189244962,0.1689431189244962,0.053923687071582044,50.00494505494608,50.004945054946525
154080.0,1.2,0.16889605378582676,0.16889605378582676,0.05392009113822347,50.00494505494598,50.004945054946496
154140.0,1.2,0.16884903373754864,0.16884903373754864,0.05391650032725706,50.00494505494611,50.004945054946496
154200.0,1.2,0.16880205871310025,0.16880205871310025,0.053912914628949156,50.00494505494564,50.00494505494613
154260.0,1.2,0.16875512864605108,0.16875512864605108,0.053909334033589065,50.00494505494527,50.00494505494574
154320.0,1.2,0.1687082434700999,0.1687082434700999,0.05390575853148893,50.00494505494654,50.004945054945416
154380.0,1.2,0.16866140311907554,0.16866140311907554,0.053902188112983564,50.00494505494624,50.00494505494529
154440.0,1.2,0.16861460752693516,0.16861460752693516,0.05389862276843077,50.004945054946255,50.004945054945686
154500.0,1.2,0.16856785662776566,0.16856785662776566,0.0538950624882106,50.004945054945786,50.00494505494572
154560.0,1.2,0.16852115035578222,0.16852115035578222,0.053891507262725874,50.004945054945416,50.004945054945274
154620.0,1.2,0.1684744886453287,0.1684744886453287,0.053887957082402065,50.0049450549463,50.00494505494542
154680.0,1.2,0.16842787143087645,0.16842787143087645,0.053884411937687025,50.004945054946184,50.00494505494582
154740.0,1.2,0.1683812986470242,0.1683812986470242,0.05388087181905089,50.0049450549457,50.00494505494573
154800.0,1.2,0.16833477022849913,0.16833477022849913,0.05387733671698609,50.004945054945686,50.00494505494566
154860.0,1.2,0.1682882861101548,0.1682882861101548,0.05387380662200757,50.004945054945615,50.004945054945544
154920.0,1.2,0.16824184622697175,0.16824184622697175,0.05387028152465241,50.0049450549458,50.00494505494608
154980.0,1.2,0.16819545051405652,0.16819545051405652,0.05386676141547963,50.0049450549458,50.0049450549458
155040.0,1.2,0.16814909890664248,0.16814909890664248,0.053863246285070665,50.00494505494543,50.004945054945786
155100.0,1.2,0.16810279134008896,0.16810279134008896,0.053859736124028716,50.00494505494583,50.004945054946106
155160.0,1.2,0.16805652774987964,0.16805652774987964,0.05385623092297904,50.00494505494572,50.00494505494557
155220.0,1.2,0.16801030807162495,0.16801030807162495,0.053852730672568995,50.00494505494604,50.00494505494569
155280.0,1.2,0.1679641322410591,0.1679641322410591,0.05384923536346741,50.00494505494609,50.00494505494628
155340.0,1.2,0.16791800019404163,0.16791800019404163,0.053845744986365005,50.004945054946155,50.00494505494587
155400.0,1.2,0.16787191186655667,0.16787191186655667,0.05384225953197454,50.00494505494638,50.004945054946
155460.0,1.2,0.16782586719471207,0.16782586719471207,0.05383877899103019,50.00494505494636,50.004945054945864
155520.0,1.2,0.16777986611473872,0.16777986611473872,0.053835303354287586,50.00494505494636,50.0049450549463
155580.0,1.2,0.16773390856299203,0.16773390856299203,0.05383183261252412,50.00494505494612,50.00494505494629
155640.0,1.2,0.1676879944759502,0.1676879944759502,0.05382836675653861,50.004945054946624,50.00494505494625
155700.0,1.2,0.16764212379021443,0.16764212379021443,0.053824905777151405,50.004945054946205,50.00494505494632
155760.0,1.2,0.1675962964425082,0.1675962964425082,0.05382144966520402,50.00494505494583,50.004945054945814
155820.0,1.2,0.16755051236967816,0.16755051236967816,0.05381799841155936,50.00494505494582,50.00494505494612
155880.0,1.2,0.1675047715086919,0.1675047715086919,0.05381455200710158,50.00494505494594,50.00494505494613
155940.0,1.2,0.16745907379663869,0.16745907379663869,0.05381111044273621,50.004945054945544,50.004945054946006
156000.0,1.2,0.16741341917073035,0.16741341917073035,0.05380767370938956,50.00494505494649,50.004945054946496
156060.0,1.2,0.16736780756829922,0.16736780756829922,0.053804241798009335,50.00494505494638,50.0049450549464
156120.0,1.2,0.16732223892679773,0.16732223892679773,0.05380081469956403,50.004945054946546,50.00494505494587
156180.0,1.2,0.16727671318380008,0.16727671318380008,0.053797392405043096,50.00494505494672,50.004945054946006
156240.0,1.2,0.16723123027700051,0.16723123027700051,0.0537939749054573,50.00494505494647,50.00494505494625
156300.0,1.2,0.16718579014421248,0.16718579014421248,0.05379056219183752,50.004945054946944,50.004945054945495
156360.0,1.2,0.16714039272336978,0.16714039272336978,0.053787154255236086,50.0049450549465,50.004945054946155
156420.0,1.2,0.16709503795252564,0.16709503795252564,0.05378375108672573,50.00494505494694,50.00494505494634
156480.0,1.2,0.1670497257698525,0.1670497257698525,0.05378035267739988,50.00494505494595,50.00494505494586
156540.0,1.2,0.1670044561136411,0.1670044561136411,0.05377695901837256,50.00494505494568,50.00494505494579
156600.0,1.2,0.1669592289223007,0.1669592289223007,0.053773570100778705,50.004945054945914,50.004945054945615
156660.0,1.2,0.16691404413436017,0.16691404413436017,0.05377018591577322,50.00494505494526,50.00494505494546
156720.0,1.2,0.1668689016884648,0.1668689016884648,0.053766806454531586,50.00494505494586,50.00494505494604
156780.0,1.2,0.16682380152337867,0.16682380152337867,0.05376343170825002,50.00494505494554,50.00494505494573
156840.0,1.2,0.1667787435779828,0.1667787435779828,0.05376006166814473,50.00494505494606,50.00494505494645
156900.0,1.2,0.1667337277912756,0.1667337277912756,0.05375669632545226,50.00494505494665,50.004945054946084
156960.0,1.2,0.16668875410237208,0.16668875410237208,0.05375333567142953,50.00494505494646,50.00494505494605
157020.0,1.2,0.16664382245050452,0.16664382245050452,0.05374997969735344,50.00494505494605,50.00494505494608
157080.0,1.2,0.16659893277502058,0.16659893277502058,0.053746628394521025,50.00494505494669,50.004945054945956
157140.0,1.2,0.16655408501538482,0.16655408501538482,0.053743281754249465,50.00494505494653,50.00494505494572
157200.0,1.2,0.1665092791111774,0.1665092791111774,0.05373993976787614,50.00494505494608,50.00494505494604
157260.0,1.2,0.16646451500209353,0.16646451500209353,0.05373660242675777,50.00494505494644,50.004945054945715
157320.0,1.2,0.1664197926279442,0.1664197926279442,0.053733269722271604,50.004945054946226,50.00494505494524
157380.0,1.2,0.16637511192865576,0.16637511192865576,0.0537299416458144,50.004945054947726,50.00494505494577
157440.0,1.2,0.166330472844268,0.166330472844268,0.05372661818880281,50.00494505494686,50.004945054946475
157500.0,1.2,0.16628587531493655,0.16628587531493655,0.05372329934267305,50.0049450549468,50.00494505494558
157560.0,1.2,0.16624131928092997,0.16624131928092997,0.053719985098881276,50.00494505494629,50.004945054945814
157620.0,1.2,0.16619680468263154,0.16619680468263154,0.053716675448903066,50.00494505494686,50.00494505494649
157680.0,1.2,0.16615233146053793,0.16615233146053793,0.05371337038423376,50.00494505494663,50.00494505494642
157740.0,1.2,0.16610789955525934,0.16610789955525934,0.053710069896387845,50.00494505494632,50.00494505494622
157800.0,1.2,0.16606350890751878,0.16606350890751878,0.05370677397689957,50.00494505494683,50.00494505494605
157860.0,1.2,0.16601915945815224,0.16601915945815224,0.05370348261732272,50.00494505494705,50.004945054946255
157920.0,1.2,0.16597485114810823,0.16597485114810823,0.05370019580923008,50.00494505494692,50.00494505494631
157980.0,1.2,0.16593058391844734,0.16593058391844734,0.0536969135442141,50.004945054946575,50.00494505494622
158040.0,1.2,0.16588635771034316,0.16588635771034316,0.05369363581388601,50.00494505494703,50.004945054945914
158100.0,1.2,0.16584217246507987,0.16584217246507987,0.05369036260987679,50.00494505494637,50.0049450549454
158160.0,1.2,0.16579802812405353,0.16579802812405353,0.05368709392383624,50.00494505494604,50.004945054945864
158220.0,1.2,0.16575392462877164,0.16575392462877164,0.05368382974743336,50.00494505494588,50.00494505494578
158280.0,1.2,0.16570986192085307,0.16570986192085307,0.05368057007235606,50.004945054945786,50.00494505494594
158340.0,1.2,0.16566583994202677,0.16566583994202677,0.05367731489031141,50.00494505494552,50.00494505494603
158400.0,1.2,0.16562185863413242,0.16562185863413242,0.05367406419302528,50.004945054945466,50.00494505494578
158460.0,1.2,0.16557791793911972,0.16557791793911972,0.05367081797224248,50.00494505494555,50.00494505494524
158520.0,1.2,0.1655340177990484,0.1655340177990484,0.05366757621972677,50.00494505494566,50.004945054944955
158580.0,1.2,0.16549015815608797,0.16549015815608797,0.0536643389272607,50.00494505494618,50.00494505494584
158640.0,1.2,0.16544633895251767,0.16544633895251767,0.053661106086645385,50.00494505494627,50.004945054945225
158700.0,1.2,0.16540256013072552,0.16540256013072552,0.05365787768970053,50.00494505494678,50.00494505494549
158760.0,1.2,0.1653588216332085,0.1653588216332085,0.05365465372826487,50.004945054945956,50.00494505494579
158820.0,1.2,0.16531512340257262,0.16531512340257262,0.053651434194195546,50.004945054945864,50.004945054945615
158880.0,1.2,0.16527146538153206,0.16527146538153206,0.05364821907936809,50.004945054945416,50.00494505494583
158940.0,1.2,0.16522784751290906,0.16522784751290906,0.05364500837567661,50.00494505494599,50.004945054945516
159000.0,1.2,0.16518426973963415,0.16518426973963415,0.053641802075033676,50.004945054945864,50.0049450549456
159060.0,1.2,0.16514073200474494,0.16514073200474494,0.05363860016937033,50.00494505494552,50.004945054945914
159120.0,1.2,0.16509723425138706,0.16509723425138706,0.0536354026506357,50.00494505494585,50.00494505494579
159180.0,1.2,0.16505377642281308,0.16505377642281308,0.053632209510797495,50.00494505494551,50.00494505494562
159240.0,1.2,0.1650103584623823,0.1650103584623823,0.05362902074184147,50.00494505494504,50.00494505494601
159300.0,1.2,0.16496698031356102,0.16496698031356102,0.05362583633577156,50.00494505494594,50.00494505494564
159360.0,1.2,0.16492364191992168,0.16492364191992168,0.05362265628460988,50.004945054946575,50.004945054945956
159420.0,1.2,0.16488034322514333,0.16488034322514333,0.05361948058039684,50.004945054945736,50.00494505494581
159480.0,1.2,0.16483708417301018,0.16483708417301018,0.05361630921519052,50.00494505494537,50.00494505494595
159540.0,1.2,0.16479386470741317,0.16479386470741317,0.05361314218106734,50.004945054945175,50.004945054945914
159600.0,1.2,0.16475068477234758,0.16475068477234758,0.05360997947012142,50.00494505494546,50.004945054945296
159660.0,1.2,0.16470754431191456,0.16470754431191456,0.05360682107446472,50.00494505494503,50.004945054945765
159720.0,1.2,0.16466444327032023,0.16466444327032023,0.05360366698622742,50.00494505494522,50.00494505494584
159780.0,1.2,0.16462138159187537,0.16462138159187537,0.053600517197557145,50.004945054944955,50.00494505494565
159840.0,1.2,0.16457835922099487,0.16457835922099487,0.053597371700619505,50.00494505494517,50.00494505494588
159900.0,1.2,0.1645353761021978,0.1645353761021978,0.05359423048759764,50.00494505494641,50.00494505494641
159960.0,1.2,0.16449243218010773,0.16449243218010773,0.05359109355069236,50.00494505494564,50.00494505494605
160020.0,1.2,0.16444952739945187,0.16444952739945187,0.05358796088212214,50.00494505494574,50.00494505494575
160080.0,1.2,0.1644066617050609,0.1644066617050609,0.05358483247412312,50.00494505494533,50.00494505494601
160140.0,1.2,0.16436383504186805,0.16436383504186805,0.05358170831894891,50.00494505494553,50.004945054945665
160200.0,1.2,0.1643210473549107,0.1643210473549107,0.05357858840887041,50.00494505494573,50.0049450549452
160260.0,1.2,0.16427829858932863,0.16427829858932863,0.053575472736176084,50.00494505494623,50.0049450549453
160320.0,1.2,0.16423558869036328,0.16423558869036328,0.05357236129317181,50.00494505494623,50.00494505494515
160380.0,1.2,0.16419291760335983,0.16419291760335983,0.05356925407218065,50.00494505494548,50.00494505494473
160440.0,1.2,0.16415028527376457,0.16415028527376457,0.05356615106554316,50.00494505494585,50.004945054944756
160500.0,1.2,0.164107691647126,0.164107691647126,0.053563052265616896,50.00494505494511,50.00494505494532
160560.0,1.2,0.16406513666909406,0.16406513666909406,0.05355995766477685,50.00494505494513,50.004945054945566
160620.0,1.2,0.1640226202854204,0.1640226202854204,0.05355686725541503,50.004945054945615,50.00494505494588
160680.0,1.2,0.16398014244195716,0.16398014244195716,0.05355378102994045,50.00494505494507,50.00494505494566
160740.0,1.2,0.16393770308465785,0.16393770308465785,0.05355069898077921,50.00494505494567,50.00494505494555
160800.0,1.2,0.1638953021595765,0.1638953021595765,0.05354762110037461,50.004945054944955,50.00494505494541
160860.0,1.2,0.16385293961286804,0.16385293961286804,0.05354454738118676,50.00494505494521,50.004945054945146
160920.0,1.2,0.1638106153907868,0.1638106153907868,0.053541477815692726,50.00494505494518,50.00494505494517
160980.0,1.2,0.1637683294396876,0.1637683294396876,0.053538412396386535,50.00494505494459,50.00494505494544
161040.0,1.2,0.1637260817060251,0.1637260817060251,0.05353535111577886,50.00494505494406,50.00494505494574
161100.0,1.2,0.16368387213635302,0.16368387213635302,0.05353229396639702,50.0049450549444,50.00494505494557
161160.0,1.2,0.16364170067732509,0.16364170067732509,0.05352924094078563,50.00494505494474,50.00494505494566
161220.0,1.2,0.16359956727569322,0.16359956727569322,0.0535261920315055,50.0049450549455,50.00494505494584
161280.0,1.2,0.16355747187830885,0.16355747187830885,0.053523147231134174,50.00494505494565,50.00494505494556
161340.0,1.2,0.1635154144321213,0.1635154144321213,0.05352010653226599,50.00494505494556,50.004945054945175
161400.0,1.2,0.16347339488417945,0.16347339488417945,0.05351706992751179,50.00494505494536,50.00494505494587
161460.0,1.2,0.16343141318162943,0.16343141318162943,0.05351403740949874,50.00494505494513,50.004945054945715
161520.0,1.2,0.1633894692717152,0.1633894692717152,0.05351100897087072,50.0049450549455,50.004945054945495
161580.0,1.2,0.1633475631017789,0.1633475631017789,0.053507984604287816,50.00494505494553,50.00494505494548
161640.0,1.2,0.16330569461926026,0.16330569461926026,0.0535049643024268,50.00494505494563,50.004945054945985
161700.0,1.2,0.163263863771696,0.163263863771696,0.05350194805798048,50.00494505494524,50.00494505494585
161760.0,1.2,0.16322207050671925,0.16322207050671925,0.05349893586365818,50.00494505494582,50.004945054946305
161820.0,1.2,0.16318031477206124,0.16318031477206124,0.05349592771218527,50.004945054945146,50.00494505494546
161880.0,1.2,0.1631385965155491,0.1631385965155491,0.05349292359630356,50.00494505494548,50.00494505494525
161940.0,1.2,0.16309691568510631,0.16309691568510631,0.053489923508770944,50.004945054945246,50.00494505494478
162000.0,1.2,0.16305527222875263,0.16305527222875263,0.05348692744236124,50.004945054945374,50.00494505494525
162060.0,1.2,0.1630136660946035,0.1630136660946035,0.053483935389864755,50.004945054945416,50.004945054945594
162120.0,1.2,0.16297209723087086,0.16297209723087086,0.053480947344087565,50.004945054946155,50.00494505494565
162180.0,1.2,0.16293056558586105,0.16293056558586105,0.05347796329785176,50.00494505494582,50.004945054946134
162240.0,1.2,0.1628890711079767,0.1628890711079767,0.05347498324399547,50.0049450549461,50.00494505494546
162300.0,1.2,0.1628476137457145,0.1628476137457145,0.05347200717537257,50.00494505494559,50.00494505494502
162360.0,1.2,0.16280619344766684,0.16280619344766684,0.053469035084853025,50.00494505494567,50.00494505494501
162420.0,1.2,0.16276481016252034,0.16276481016252034,0.05346606696532272,50.004945054945125,50.00494505494462
162480.0,1.2,0.16272346383905634,0.16272346383905634,0.05346310280968296,50.00494505494537,50.00494505494527
162540.0,1.2,0.16268215442615017,0.16268215442615017,0.053460142610851066,50.004945054945175,50.0049450549454
162600.0,1.2,0.16264088187277095,0.16264088187277095,0.05345718636176001,50.004945054945644,50.00494505494558
162660.0,1.2,0.162599646127982,0.162599646127982,0.05345423405535832,50.004945054945466,50.004945054946106
162720.0,1.2,0.16255844714094017,0.16255844714094017,0.053451285684610335,50.004945054945495,50.00494505494626
162780.0,1.2,0.1625172848608954,0.1625172848608954,0.053448341242495735,50.0049450549463,50.00494505494584
162840.0,1.2,0.1624761592371904,0.1624761592371904,0.05344540072201019,50.00494505494551,50.00494505494606
162900.0,1.2,0.16243507021926162,0.16243507021926162,0.053442464116164254,50.00494505494638,50.004945054946496
162960.0,1.2,0.16239401775663814,0.16239401775663814,0.05343953141798449,50.00494505494711,50.00494505494556
163020.0,1.2,0.16235300179894085,0.16235300179894085,0.05343660262051254,50.004945054946845,50.00494505494607
163080.0,1.2,0.16231202229588373,0.16231202229588373,0.05343367771680556,50.0049450549467,50.00494505494638
163140.0,1.2,0.16227107919727213,0.16227107919727213,0.053430756699936036,50.004945054946376,50.004945054946134
163200.0,1.2,0.16223017245300408,0.16223017245300408,0.053427839562991755,50.004945054946965,50.004945054946106
163260.0,1.2,0.16218930201306836,0.16218930201306836,0.05342492629907586,50.00494505494647,50.00494505494628
163320.0,1.2,0.1621484678275461,0.1621484678275461,0.053422016901306386,50.004945054945885,50.004945054945644
163380.0,1.2,0.16210766984660951,0.16210766984660951,0.053419111362816823,50.00494505494622,50.0049450549453
163440.0,1.2,0.16206690802052132,0.16206690802052132,0.05341620967675572,50.00494505494647,50.004945054945196
163500.0,1.2,0.16202618229963547,0.16202618229963547,0.05341331183628711,50.00494505494575,50.004945054945615
163560.0,1.2,0.1619854926343964,0.1619854926343964,0.0534104178345893,50.004945054946305,50.00494505494567
163620.0,1.2,0.1619448389753389,0.1619448389753389,0.05340752766485612,50.004945054946035,50.00494505494533
163680.0,1.2,0.16190422127308887,0.16190422127308887,0.05340464132029645,50.00494505494563,50.00494505494615
163740.0,1.2,0.16186363947836083,0.16186363947836083,0.053401758794133974,50.00494505494539,50.0049450549458
163800.0,1.2,0.1618230935419603,0.1618230935419603,0.053398880079607046,50.00494505494541,50.00494505494539
163860.0,1.2,0.1617825834147823,0.1617825834147823,0.05339600516996919,50.00494505494597,50.00494505494531
163920.0,1.2,0.16174210904780995,0.16174210904780995,0.053393134058488834,50.00494505494537,50.00494505494504
163980.0,1.2,0.16170167039211747,0.16170167039211747,0.05339026673844895,50.00494505494504,50.004945054945104
164040.0,1.2,0.16166126739886644,0.16166126739886644,0.053387403203147304,50.0049450549451,50.00494505494557
164100.0,1.2,0.16162090001930893,0.16162090001930893,0.053384543445896486,50.004945054945495,50.004945054945445
164160.0,1.2,0.16158056820478428,0.16158056820478428,0.05338168746002372,50.00494505494534,50.004945054945665
164220.0,1.2,0.16154027190672068,0.16154027190672068,0.053378835238870666,50.00494505494525,50.004945054945615
164280.0,1.2,0.16150001107663475,0.16150001107663475,0.05337598677579379,50.00494505494558,50.00494505494533
164340.0,1.2,0.16145978566613073,0.16145978566613073,0.05337314206416418,50.00494505494549,50.00494505494488
164400.0,1.2,0.16141959562690134,0.16141959562690134,0.05337030109736717,50.00494505494544,50.00494505494545
164460.0,1.2,0.16137944091072626,0.16137944091072626,0.05336746386880289,50.00494505494557,50.004945054945715
164520.0,1.2,0.16133932146947283,0.16133932146947283,0.05336463037188569,50.00494505494593,50.00494505494546
164580.0,1.2,0.16129923725509587,0.16129923725509587,0.05336180060004437,50.00494505494545,50.00494505494575
164640.0,1.2,0.16125918821963678,0.16125918821963678,0.053358974546722206,50.004945054945786,50.00494505494576
164700.0,1.2,0.16121917431522406,0.16121917431522406,0.0533561522053766,50.00494505494482,50.00494505494544
164760.0,1.2,0.16117919549407278,0.16117919549407278,0.05335333356947944,50.00494505494619,50.004945054945146
164820.0,1.2,0.1611392517084851,0.1611392517084851,0.05335051863251682,50.00494505494627,50.004945054944955
164880.0,1.2,0.1610993429108483,0.1610993429108483,0.05334770738798896,50.00494505494567,50.004945054945686
164940.0,1.2,0.16105946905363697,0.16105946905363697,0.05334489982941055,50.004945054945644,50.00494505494573
165000.0,1.2,0.16101963008941045,0.16101963008941045,0.05334209595031003,50.00494505494648,50.004945054946155
165060.0,1.2,0.1609798259708143,0.1609798259708143,0.05333929574423022,50.004945054945956,50.004945054945935
165120.0,1.2,0.16094005665057998,0.16094005665057998,0.053336499204727834,50.00494505494543,50.00494505494589
165180.0,1.2,0.16090032208152344,0.16090032208152344,0.05333370632537376,50.00494505494606,50.00494505494558
165240.0,1.2,0.1608606222165458,0.1608606222165458,0.05333091709975283,50.00494505494484,50.004945054945296
165300.0,1.2,0.160820957008634,0.160820957008634,0.053328131521464,50.00494505494484,50.00494505494512
165360.0,1.2,0.16078132641085918,0.16078132641085918,0.05332534958411986,50.00494505494556,50.00494505494526
165420.0,1.2,0.16074173037637662,0.16074173037637662,0.05332257128134708,50.00494505494536,50.004945054945594
165480.0,1.2,0.16070216885842645,0.16070216885842645,0.05331979660678619,50.00494505494615,50.00494505494551
165540.0,1.2,0.16066264181033305,0.16066264181033305,0.05331702555409158,50.00494505494589,50.00494505494533
165600.0,1.2,0.16062314918550435,0.16062314918550435,0.0533142581169311,50.00494505494581,50.004945054945416
165660.0,1.2,0.16058369093743238,0.16058369093743238,0.053311494288986905,50.004945054945836,50.00494505494506
165720.0,1.2,0.160544267019693,0.160544267019693,0.05330873406395444,50.004945054946056,50.00494505494613
165780.0,1.2,0.16050487738594466,0.16050487738594466,0.053305977435542856,50.00494505494558,50.004945054946006
165840.0,1.2,0.16046552198993028,0.16046552198993028,0.05330322439747509,50.004945054945814,50.00494505494598
165900.0,1.2,0.16042620078547515,0.16042620078547515,0.053300474943487705,50.00494505494563,50.00494505494564
165960.0,1.2,0.16038691372648672,0.16038691372648672,0.05329772906733057,50.00494505494651,50.00494505494614
166020.0,1.2,0.1603476607669565,0.1603476607669565,0.05329498676276741,50.00494505494626,50.00494505494529
166080.0,1.2,0.16030844186095755,0.16030844186095755,0.05329224802357547,50.004945054946184,50.004945054945544
166140.0,1.2,0.16026925696264555,0.16026925696264555,0.053289512843545106,50.004945054946404,50.00494505494573
166200.0,1.2,0.16023010602625876,0.16023010602625876,0.05328678121648047,50.00494505494678,50.00494505494545
166260.0,1.2,0.1601909890061165,0.1601909890061165,0.05328405313619898,50.00494505494678,50.00494505494595
166320.0,1.2,0.16015190585662054,0.16015190585662054,0.053281328596531265,50.00494505494721,50.00494505494592
166380.0,1.2,0.1601128565322541,0.1601128565322541,0.053278607591321546,50.0049450549472,50.00494505494616
166440.0,1.2,0.16007384098758143,0.16007384098758143,0.053275890114427155,50.0049450549468,50.00494505494608
166500.0,1.2,0.16003485917724855,0.16003485917724855,0.0532731761597189,50.004945054946354,50.00494505494606
166560.0,1.2,0.15999591105598215,0.15999591105598215,0.053270465721080566,50.004945054946475,50.0049450549458
166620.0,1.2,0.15995699657859028,0.15995699657859028,0.0532677587924092,50.00494505494659,50.00494505494574
166680.0,1.2,0.15991811569996095,0.15991811569996095,0.05326505536761517,50.00494505494681,50.00494505494625
166740.0,1.2,0.1598792683750634,0.1598792683750634,0.053262355440621564,50.00494505494653,50.00494505494582
166800.0,1.2,0.15984045455894674,0.15984045455894674,0.0532596590053653,50.004945054946745,50.00494505494606
166860.0,1.2,0.15980167420674027,0.15980167420674027,0.05325696605579557,50.004945054946894,50.00494505494621
166920.0,1.2,0.15976292727365418,0.15976292727365418,0.05325427658587501,50.004945054946695,50.0049450549456
166980.0,1.2,0.15972421371497694,0.15972421371497694,0.05325159058957916,50.004945054945956,50.004945054945274
167040.0,1.2,0.15968553348607747,0.15968553348607747,0.0532489080608966,50.004945054946184,50.00494505494561
167100.0,1.2,0.15964688654240422,0.15964688654240422,0.053246228993828734,50.004945054946,50.004945054945445
167160.0,1.2,0.15960827283948525,0.15960827283948525,0.05324355338238989,50.00494505494558,50.00494505494607
167220.0,1.2,0.1595696923329267,0.1595696923329267,0.05324088122060731,50.004945054945246,50.00494505494606
167280.0,1.2,0.15953114497841456,0.15953114497841456,0.053238212502520706,50.00494505494593,50.004945054945495
167340.0,1.2,0.15949263073171283,0.15949263073171283,0.05323554722218319,50.00494505494619,50.004945054945715
167400.0,1.2,0.15945414954866477,0.15945414954866477,0.05323288537366045,50.00494505494597,50.00494505494589
167460.0,1.2,0.15941570138519165,0.15941570138519165,0.05323022695103041,50.00494505494607,50.00494505494528
167520.0,1.2,0.15937728619729302,0.15937728619729302,0.05322757194838428,50.00494505494646,50.0049450549462
167580.0,1.2,0.15933890394104688,0.15933890394104688,0.05322492035982579,50.004945054946226,50.00494505494574
167640.0,1.2,0.15930055457260864,0.15930055457260864,0.05322227217947117,50.00494505494544,50.00494505494595
167700.0,1.2,0.1592622380482119,0.1592622380482119,0.053219627401449254,50.00494505494617,50.00494505494614
167760.0,1.2,0.1592239543241674,0.1592239543241674,0.05321698601990152,50.00494505494536,50.004945054945765
167820.0,1.2,0.15918570335686338,0.15918570335686338,0.05321434802898212,50.004945054945175,50.00494505494628
167880.0,1.2,0.1591474851027657,0.1591474851027657,0.05321171342285744,50.00494505494516,50.00494505494545
167940.0,1.2,0.1591092995184162,0.1591092995184162,0.05320908219570639,50.00494505494501,50.004945054945935
168000.0,1.2,0.15907114656043472,0.15907114656043472,0.05320645434172051,50.00494505494487,50.00494505494546
168060.0,1.2,0.15903302618551754,0.15903302618551754,0.05320382985510374,50.00494505494581,50.004945054945544
168120.0,1.2,0.15899493835043735,0.15899493835043735,0.053201208730072044,50.0049450549451,50.00494505494586
168180.0,1.2,0.15895688301204303,0.15895688301204303,0.05319859096085415,50.00494505494584,50.004945054945324
168240.0,1.2,0.1589188601272597,0.1589188601272597,0.053195976541690816,50.00494505494598,50.00494505494579
168300.0,1.2,0.15888086965308895,0.15888086965308895,0.053193365466835375,50.004945054946056,50.004945054945736
168360.0,1.2,0.15884291154660832,0.15884291154660832,0.05319075773055306,50.004945054945935,50.00494505494581
168420.0,1.2,0.15880498576496968,0.15880498576496968,0.05318815332712163,50.00494505494574,50.00494505494665
168480.0,1.2,0.15876709226540248,0.15876709226540248,0.05318555225083071,50.004945054946795,50.004945054946184
168540.0,1.2,0.1587292310052102,0.1587292310052102,0.053182954495982385,50.00494505494681,50.00494505494579
168600.0,1.2,0.1586914019417716,0.1586914019417716,0.05318036005689094,50.004945054947235,50.004945054945914
168660.0,1.2,0.15865360503254095,0.15865360503254095,0.053177768927882396,50.00494505494676,50.00494505494571
168720.0,1.2,0.1586158402350474,0.1586158402350474,0.05317518110329504,50.00494505494668,50.00494505494495
168780.0,1.2,0.15857810750689455,0.15857810750689455,0.053172596577479324,50.00494505494532,50.00494505494555
168840.0,1.2,0.15854040680576062,0.15854040680576062,0.053170015344797456,50.00494505494532,50.004945054946084
168900.0,1.2,0.15850273808939863,0.15850273808939863,0.05316743739962381,50.004945054945466,50.00494505494587
168960.0,1.2,0.1584651013156349,0.1584651013156349,0.05316486273634448,50.0049450549457,50.00494505494547
169020.0,1.2,0.1584274964423709,0.1584274964423709,0.05316229134935776,50.00494505494543,50.00494505494522
169080.0,1.2,0.1583899234275815,0.1583899234275815,0.05315972323307377,50.00494505494499,50.00494505494528
169140.0,1.2,0.15835238222931478,0.15835238222931478,0.05315715838191418,50.004945054945026,50.00494505494523
169200.0,1.2,0.1583148728056937,0.1583148728056937,0.05315459679031286,50.004945054945466,50.004945054945004
169260.0,1.2,0.15827739511491365,0.15827739511491365,0.053152038452715475,50.00494505494536,50.004945054945125
169320.0,1.2,0.15823994911524364,0.15823994911524364,0.05314948336357914,50.00494505494533,50.00494505494491
169380.0,1.2,0.15820253476502572,0.15820253476502572,0.05314693151737283,50.004945054944756,50.00494505494501
169440.0,1.2,0.1581651520226746,0.1581651520226746,0.05314438290857753,50.00494505494481,50.00494505494541
169500.0,1.2,0.158127800846679,0.158127800846679,0.0531418375316855,50.004945054944635,50.00494505494537
169560.0,1.2,0.1580904811955987,0.1580904811955987,0.05313929538120079,50.00494505494463,50.00494505494605
169620.0,1.2,0.15805319302806672,0.15805319302806672,0.05313675645163925,50.004945054945274,50.00494505494583
169680.0,1.2,0.15801593630278843,0.15801593630278843,0.053134220737527896,50.004945054944955,50.00494505494597
169740.0,1.2,0.15797871097854144,0.15797871097854144,0.053131688233405756,50.004945054944784,50.00494505494569
169800.0,1.2,0.15794151701417522,0.15794151701417522,0.053129158933823126,50.00494505494568,50.00494505494613
169860.0,1.2,0.1579043543686109,0.1579043543686109,0.053126632833341896,50.004945054945196,50.00494505494558
169920.0,1.2,0.1578672230008417,0.1578672230008417,0.05312410992653541,50.00494505494564,50.004945054945686
169980.0,1.2,0.157830122869932,0.157830122869932,0.053121590207988414,50.004945054945594,50.004945054945665
170040.0,1.2,0.15779305393501775,0.15779305393501775,0.053119073672297394,50.00494505494559,50.00494505494558
170100.0,1.2,0.15775601615530685,0.15775601615530685,0.053116560314069514,50.00494505494555,50.004945054945274
170160.0,1.2,0.15771900949007667,0.15771900949007667,0.05311405012792413,50.004945054945914,50.00494505494589
170220.0,1.2,0.15768203389867716,0.15768203389867716,0.05311154310849133,50.004945054945686,50.00494505494587
170280.0,1.2,0.15764508934052826,0.15764508934052826,0.0531090392504127,50.00494505494618,50.00494505494606
170340.0,1.2,0.15760817577512048,0.15760817577512048,0.0531065385483412,50.00494505494585,50.0049450549461
170400.0,1.2,0.15757129316201465,0.15757129316201465,0.05310404099694078,50.0049450549466,50.00494505494637
170460.0,1.2,0.15753444146084253,0.15753444146084253,0.05310154659088686,50.004945054947,50.00494505494635
170520.0,1.2,0.15749762063130568,0.15749762063130568,0.05309905532486597,50.00494505494689,50.00494505494546
170580.0,1.2,0.1574608306331759,0.1574608306331759,0.05309656719357591,50.004945054947314,50.004945054946035
170640.0,1.2,0.15742407142629455,0.15742407142629455,0.05309408219172533,50.00494505494674,50.00494505494572
170700.0,1.2,0.15738734297057294,0.15738734297057294,0.05309160031403434,50.00494505494611,50.004945054946326
170760.0,1.2,0.15735064522599196,0.15735064522599196,0.0530891215552337,50.00494505494641,50.004945054946354
170820.0,1.2,0.1573139781526021,0.1573139781526021,0.0530866459100656,50.004945054946475,50.00494505494612
170880.0,1.2,0.15727734171052213,0.15727734171052213,0.053084173373283125,50.00494505494616,50.00494505494573
170940.0,1.2,0.15724073585994103,0.15724073585994103,0.053081703939650386,50.004945054946575,50.00494505494558
171000.0,1.2,0.1572041605611164,0.1572041605611164,0.05307923760394231,50.00494505494644,50.004945054945566
171060.0,1.2,0.157167615774375,0.157167615774375,0.05307677436094511,50.0049450549456,50.00494505494615
171120.0,1.2,0.15713110146011158,0.15713110146011158,0.05307431420545527,50.004945054945864,50.004945054945274
171180.0,1.2,0.15709461757878979,0.15709461757878979,0.053071857132280936,50.0049450549448,50.00494505494526
171240.0,1.2,0.15705816409094156,0.15705816409094156,0.05306940313624077,50.004945054944834,50.00494505494468
171300.0,1.2,0.15702174095716764,0.15702174095716764,0.053066952212164044,50.004945054944926,50.00494505494459
171360.0,1.2,0.1569853481381364,0.1569853481381364,0.05306450435489113,50.00494505494496,50.00494505494525
171420.0,1.2,0.15694898559458306,0.15694898559458306,0.053062059559273046,50.00494505494467,50.004945054945296
171480.0,1.2,0.15691265328731246,0.15691265328731246,0.05305961782017176,50.00494505494561,50.00494505494524
171540.0,1.2,0.1568763511771967,0.1568763511771967,0.05305717913245975,50.00494505494587,50.00494505494537
171600.0,1.2,0.1568400792251745,0.1568400792251745,0.05305474349102013,50.00494505494584,50.004945054945736
171660.0,1.2,0.15680383739225273,0.15680383739225273,0.05305231089074686,50.00494505494501,50.004945054945445
171720.0,1.2,0.15676762563950522,0.15676762563950522,0.053049881326544555,50.00494505494487,50.00494505494537
171780.0,1.2,0.15673144392807287,0.15673144392807287,0.05304745479332849,50.004945054945175,50.00494505494547
171840.0,1.2,0.15669529221916367,0.15669529221916367,0.053045031286024155,50.00494505494519,50.004945054945466
171900.0,1.2,0.15665917047405237,0.15665917047405237,0.05304261079956822,50.00494505494508,50.004945054945395
171960.0,1.2,0.15662307865407984,0.15662307865407984,0.053040193328907276,50.00494505494599,50.004945054944976
172020.0,1.2,0.1565870167206543,0.1565870167206543,0.05303777886899889,50.0049450549457,50.00494505494486
172080.0,1.2,0.1565509846352501,0.1565509846352501,0.05303536741481094,50.00494505494566,50.004945054944805
172140.0,1.2,0.15651498235940728,0.15651498235940728,0.05303295896132164,50.004945054945615,50.00494505494459
172200.0,1.2,0.1564790098547325,0.1564790098547325,0.05303055350351994,50.004945054945615,50.00494505494531
172260.0,1.2,0.15644306708289826,0.15644306708289826,0.053028151036404965,50.00494505494542,50.004945054945736
172320.0,1.2,0.15640715400564248,0.15640715400564248,0.05302575155498626,50.00494505494633,50.00494505494557
172380.0,1.2,0.15637127058476982,0.15637127058476982,0.0530233550542838,50.004945054946084,50.004945054946035
172440.0,1.2,0.15633541678214927,0.15633541678214927,0.053020961529327844,50.00494505494583,50.004945054945416
172500.0,1.2,0.15629959255971557,0.15629959255971557,0.053018570975158955,50.00494505494615,50.00494505494603
172560.0,1.2,0.15626379787946867,0.15626379787946867,0.05301618338682805,50.004945054946475,50.00494505494546
172620.0,1.2,0.15622803270347402,0.15622803270347402,0.05301379875939613,50.00494505494595,50.00494505494565
172680.0,1.2,0.15619229699386178,0.15619229699386178,0.053011417087934644,50.0049450549462,50.00494505494558
172740.0,1.2,0.15615659071282692,0.15615659071282692,0.05300903836752521,50.0049450549455,50.00494505494496
172800.0,1.2,0.15612091382262924,0.15612091382262924,0.05300666259325955,50.004945054945516,50.004945054945175
172860.0,1.2,0.15608526628559313,0.15608526628559313,0.05300428976023941,50.00494505494644,50.00494505494476
172920.0,1.2,0.1560496480641069,0.1560496480641069,0.05300191986357713,50.00494505494586,50.00494505494526
172980.0,1.2,0.1560140591206234,0.1560140591206234,0.05299955289839461,50.0049450549455,50.00494505494557
173040.0,1.2,0.15597849941766,0.15597849941766,0.052997188859824025,50.004945054944734,50.00494505494608
173100.0,1.2,0.15594296891779766,0.15594296891779766,0.05299482774300776,50.00494505494522,50.00494505494563
173160.0,1.2,0.1559074675836814,0.1559074675836814,0.05299246954309807,50.00494505494514,50.00494505494547
173220.0,1.2,0.15587199537801996,0.15587199537801996,0.05299011425525733,50.004945054945814,50.004945054945374
173280.0,1.2,0.15583655226358578,0.15583655226358578,0.052987761874657854,50.004945054945544,50.00494505494481
173340.0,1.2,0.1558011382032146,0.1558011382032146,0.05298541239648186,50.00494505494562,50.00494505494516
173400.0,1.2,0.15576575315980554,0.15576575315980554,0.05298306581592156,50.004945054945544,50.00494505494509
173460.0,1.2,0.1557303970963205,0.1557303970963205,0.05298072212817913,50.0049450549446,50.00494505494544
173520.0,1.2,0.15569506997578583,0.15569506997578583,0.052978381328466495,50.0049450549457,50.0049450549456
173580.0,1.2,0.1556597717612893,0.1556597717612893,0.05297604341200541,50.004945054945175,50.00494505494538
173640.0,1.2,0.15562450241598216,0.15562450241598216,0.052973708374027706,50.00494505494545,50.00494505494555
173700.0,1.2,0.1555892619030779,0.1555892619030779,0.05297137620977486,50.004945054945814,50.0049450549451
173760.0,1.2,0.15555405018585333,0.15555405018585333,0.05296904691449814,50.004945054945246,50.0049450549449
173820.0,1.2,0.15551886722764702,0.15551886722764702,0.05296672048345856,50.004945054945395,50.004945054945274
173880.0,1.2,0.15548371299186037,0.15548371299186037,0.052964396911927045,50.00494505494548,50.00494505494525
173940.0,1.2,0.15544858744195617,0.15544858744195617,0.05296207619518404,50.00494505494551,50.00494505494559
174000.0,1.2,0.1554134905414598,0.1554134905414598,0.05295975832851973,50.004945054945196,50.00494505494584
174060.0,1.2,0.15537842225395834,0.15537842225395834,0.05295744330723405,50.004945054944905,50.004945054945686
174120.0,1.2,0.15534338254310073,0.15534338254310073,0.05295513112663663,50.0049450549451,50.00494505494586
174180.0,1.2,0.15530837137259754,0.15530837137259754,0.05295282178204641,50.00494505494556,50.00494505494579
174240.0,1.2,0.15527338870622032,0.15527338870622032,0.05295051526879214,50.004945054946255,50.00494505494566
174300.0,1.2,0.15523843450780303,0.15523843450780303,0.052948211582212294,50.00494505494628,50.00494505494541
174360.0,1.2,0.15520350874123978,0.15520350874123978,0.05294591071765475,50.00494505494646,50.00494505494607
174420.0,1.2,0.15516861137048638,0.15516861137048638,0.052943612670476696,50.00494505494649,50.00494505494569
174480.0,1.2,0.15513374235955973,0.15513374235955973,0.05294131743604535,50.00494505494649,50.004945054945885
174540.0,1.2,0.15509890167253704,0.15509890167253704,0.05293902500973695,50.004945054946155,50.004945054945274
174600.0,1.2,0.1550640892735569,0.1550640892735569,0.052936735386937474,50.004945054946,50.00494505494568
174660.0,1.2,0.15502930512681787,0.15502930512681787,0.052934448563041886,50.00494505494612,50.004945054945715
174720.0,1.2,0.1549945491965793,0.1549945491965793,0.05293216453345529,50.00494505494618,50.004945054945885
174780.0,1.2,0.15495982144716103,0.15495982144716103,0.05292988329359155,50.00494505494602,50.0049450549456
174840.0,1.2,0.15492512184294277,0.15492512184294277,0.052927604838874195,50.004945054946006,50.00494505494566
174900.0,1.2,0.15489045034836454,0.15489045034836454,0.052925329164736176,50.00494505494549,50.0049450549457
174960.0,1.2,0.15485580692792644,0.15485580692792644,0.05292305626661937,50.00494505494554,50.00494505494562
175020.0,1.2,0.15482119154618806,0.15482119154618806,0.05292078613997543,50.00494505494505,50.0049450549455
175080.0,1.2,0.15478660416776885,0.15478660416776885,0.052918518780265024,50.004945054945956,50.00494505494583
175140.0,1.2,0.1547520447573483,0.1547520447573483,0.05291625418295789,50.00494505494527,50.004945054945104
175200.0,1.2,0.1547175132796645,0.1547175132796645,0.052913992343533445,50.00494505494512,50.00494505494556
175260.0,1.2,0.15468300969951565,0.15468300969951565,0.05291173325748022,50.00494505494512,50.00494505494564
175320.0,1.2,0.15464853398175873,0.15464853398175873,0.052909476920295594,50.00494505494565,50.004945054945914
175380.0,1.2,0.15461408609131003,0.15461408609131003,0.0529072233274865,50.004945054946,50.004945054946496
175440.0,1.2,0.15457966599314468,0.15457966599314468,0.05290497247456851,50.00494505494639,50.004945054945566
175500.0,1.2,0.15454527365229684,0.15454527365229684,0.05290272435706695,50.00494505494695,50.00494505494561
175560.0,1.2,0.15451090903385956,0.15451090903385956,0.052900478970515884,50.004945054946134,50.00494505494533
175620.0,1.2,0.15447657210298352,0.15447657210298352,0.05289823631045855,50.00494505494576,50.00494505494501
175680.0,1.2,0.15444226282487888,0.15444226282487888,0.05289599637244715,50.00494505494581,50.004945054945104
175740.0,1.2,0.15440798116481438,0.15440798116481438,0.05289375915204304,50.00494505494581,50.004945054945445
175800.0,1.2,0.15437372708811561,0.15437372708811561,0.05289152464481647,50.00494505494579,50.00494505494602
175860.0,1.2,0.15433950056016757,0.15433950056016757,0.05288929284634668,50.00494505494574,50.00494505494585
175920.0,1.2,0.15430530154641278,0.15430530154641278,0.05288706375222204,50.00494505494561,50.0049450549458
175980.0,1.2,0.15427113001235182,0.15427113001235182,0.052884837358039664,50.004945054945665,50.0049450549457
176040.0,1.2,0.15423698592354287,0.15423698592354287,0.05288261365940578,50.004945054945836,50.00494505494559
176100.0,1.2,0.15420286924560148,0.15420286924560148,0.052880392651935275,50.00494505494597,50.004945054945026
176160.0,1.2,0.15416877994420167,0.15416877994420167,0.052878174331252165,50.00494505494565,50.004945054945004
176220.0,1.2,0.15413471798507355,0.15413471798507355,0.052875958692989306,50.00494505494525,50.00494505494502
176280.0,1.2,0.15410068333400534,0.15410068333400534,0.052873745732788274,50.0049450549454,50.004945054944876
176340.0,1.2,0.15406667595684267,0.15406667595684267,0.05287153544629934,50.00494505494491,50.004945054945175
176400.0,1.2,0.15403269581948748,0.15403269581948748,0.05286932782918183,50.004945054946,50.00494505494506
176460.0,1.2,0.1539987428878986,0.1539987428878986,0.05286712287710386,50.00494505494558,50.00494505494552
176520.0,1.2,0.1539648171280926,0.1539648171280926,0.05286492058574197,50.004945054944756,50.004945054945466
176580.0,1.2,0.15393091850614155,0.15393091850614155,0.05286272095078177,50.00494505494448,50.00494505494563
176640.0,1.2,0.1538970469881752,0.1538970469881752,0.052860523967917544,50.00494505494456,50.00494505494549
176700.0,1.2,0.1538632025403791,0.1538632025403791,0.052858329632851975,50.004945054945054,50.004945054945765
176760.0,1.2,0.15382938512899488,0.15382938512899488,0.052856137941296844,50.00494505494487,50.00494505494568
176820.0,1.2,0.15379559472032134,0.15379559472032134,0.05285394888897213,50.004945054944685,50.004945054945225
176880.0,1.2,0.15376183128071264,0.15376183128071264,0.05285176247160683,50.00494505494512,50.00494505494583
176940.0,1.2,0.1537280947765791,0.1537280947765791,0.052849578684938406,50.00494505494523,50.00494505494535
177000.0,1.2,0.15369438517438688,0.15369438517438688,0.05284739752471282,50.00494505494515,50.00494505494508
177060.0,1.2,0.15366070244065824,0.15366070244065824,0.0528452189866848,50.004945054945594,50.00494505494575
177120.0,1.2,0.15362704654197068,0.15362704654197068,0.05284304306661735,50.00494505494566,50.00494505494517
177180.0,1.2,0.15359341744495716,0.15359341744495716,0.052840869760282176,50.00494505494556,50.004945054944855
177240.0,1.2,0.15355981511630615,0.15355981511630615,0.052838699063459484,50.004945054945,50.00494505494534
177300.0,1.2,0.15352623952276184,0.15352623952276184,0.05283653097193796,50.00494505494507,50.004945054945225
177360.0,1.2,0.15349269063112334,0.15349269063112334,0.05283436548151466,50.004945054945175,50.0049450549455
177420.0,1.2,0.15345916840824456,0.15345916840824456,0.05283220258799525,50.004945054946184,50.004945054945686
177480.0,1.2,0.15342567282103473,0.15342567282103473,0.05283004228719352,50.00494505494544,50.004945054945566
177540.0,1.2,0.15339220383645788,0.15339220383645788,0.05282788457493215,50.00494505494574,50.00494505494554
177600.0,1.2,0.15335876142153243,0.15335876142153243,0.052825729447041794,50.004945054945665,50.00494505494578
177660.0,1.2,0.15332534554333155,0.15332534554333155,0.052823576899361464,50.004945054945736,50.004945054945495
177720.0,1.2,0.15329195616898375,0.15329195616898375,0.052821426927738876,50.00494505494499,50.004945054945594
177780.0,1.2,0.15325859326567048,0.15325859326567048,0.052819279528029776,50.0049450549448,50.00494505494559
177840.0,1.2,0.15322525680062848,0.15322525680062848,0.05281713469609829,50.004945054945175,50.00494505494578
177900.0,1.2,0.15319194674114808,0.15319194674114808,0.05281499242781657,50.00494505494517,50.00494505494522
177960.0,1.2,0.1531586630545746,0.1531586630545746,0.05281285271906558,50.00494505494527,50.004945054945225
178020.0,1.2,0.15312540570830632,0.15312540570830632,0.05281071556573421,50.0049450549446,50.00494505494553
178080.0,1.2,0.15309217466979605,0.15309217466979605,0.05280858096371941,50.00494505494495,50.00494505494548
178140.0,1.2,0.15305896990654977,0.15305896990654977,0.052806448908926704,50.004945054944805,50.00494505494571
178200.0,1.2,0.1530257913861274,0.1530257913861274,0.05280431939726962,50.004945054944756,50.00494505494538
178260.0,1.2,0.15299263907614216,0.15299263907614216,0.05280219242466961,50.004945054944834,50.00494505494544
178320.0,1.2,0.1529595129442611,0.1529595129442611,0.05280006798705673,50.004945054944685,50.004945054945246
178380.0,1.2,0.15292641295820456,0.15292641295820456,0.052797946080368856,50.00494505494453,50.004945054945296
178440.0,1.2,0.152893339085745,0.152893339085745,0.05279582670055215,50.00494505494501,50.004945054945274
178500.0,1.2,0.15286029129470932,0.15286029129470932,0.05279370984356082,50.00494505494577,50.00494505494561
178560.0,1.2,0.1528272695529768,0.1528272695529768,0.052791595505356975,50.00494505494558,50.00494505494554
178620.0,1.2,0.15279427382847943,0.15279427382847943,0.05278948368191086,50.004945054945715,50.00494505494519
178680.0,1.2,0.15276130408920208,0.15276130408920208,0.05278737436920088,50.00494505494558,50.00494505494543
178740.0,1.2,0.1527283603031824,0.1527283603031824,0.05278526756321339,50.00494505494566,50.00494505494606
178800.0,1.2,0.15269544243851066,0.15269544243851066,0.0527831632599426,50.00494505494544,50.004945054946184
178860.0,1.2,0.1526625504633294,0.1526625504633294,0.05278106145539084,50.00494505494559,50.0049450549456
178920.0,1.2,0.15262968434583313,0.15262968434583313,0.0527789621455684,50.0049450549453,50.00494505494541
178980.0,1.2,0.15259684405426913,0.15259684405426913,0.05277686532649351,50.00494505494474,50.00494505494549
179040.0,1.2,0.15256402955693635,0.15256402955693635,0.052774770994192366,50.00494505494559,50.00494505494531
179100.0,1.2,0.15253124082218628,0.15253124082218628,0.052772679144698784,50.00494505494559,50.00494505494601
179160.0,1.2,0.15249847781842168,0.15249847781842168,0.05277058977405463,50.00494505494568,50.00494505494558
179220.0,1.2,0.15246574051409725,0.15246574051409725,0.052768502878309725,50.00494505494617,50.00494505494572
179280.0,1.2,0.1524330288777201,0.1524330288777201,0.0527664184535217,50.00494505494662,50.004945054946056
179340.0,1.2,0.152400342877848,0.152400342877848,0.052764336495755806,50.00494505494587,50.00494505494591
179400.0,1.2,0.15236768248309052,0.15236768248309052,0.05276225700108538,50.00494505494608,50.00494505494571
179460.0,1.2,0.15233504766210862,0.15233504766210862,0.05276017996559153,50.004945054946226,50.004945054946
179520.0,1.2,0.15230243838361476,0.15230243838361476,0.052758105385362804,50.00494505494645,50.004945054945594
179580.0,1.2,0.15226985461637227,0.15226985461637227,0.05275603325649592,50.00494505494596,50.004945054945715
179640.0,1.2,0.1522372963291955,0.1522372963291955,0.05275396357509511,50.00494505494569,50.004945054945615
179700.0,1.2,0.15220476349094983,0.15220476349094983,0.05275189633727235,50.00494505494579,50.00494505494571
179760.0,1.2,0.15217225607055154,0.15217225607055154,0.052749831539147134,50.004945054945615,50.00494505494596
179820.0,1.2,0.15213977403696768,0.15213977403696768,0.05274776917684699,50.00494505494665,50.00494505494559
179880.0,1.2,0.152107317359216,0.152107317359216,0.05274570924650689,50.00494505494621,50.0049450549459
179940.0,1.2,0.15207488600636418,0.15207488600636418,0.052743651744269655,50.00494505494603,50.00494505494598
180000.0,1.2,0.1520424799475319,0.1520424799475319,0.05274159666628517,50.0049450549459,50.004945054946035
180060.0,1.2,0.15201009915188732,0.15201009915188732,0.05273954400871161,50.00494505494598,50.00494505494602
180120.0,1.2,0.1519777435886499,0.1519777435886499,0.052737493767714326,50.00494505494576,50.00494505494532
180180.0,1.2,0.15194541322708874,0.15194541322708874,0.05273544593946637,50.0049450549464,50.00494505494478
180240.0,1.2,0.15191310803652402,0.15191310803652402,0.0527334005201484,50.00494505494559,50.00494505494514
180300.0,1.2,0.15188082798632405,0.15188082798632405,0.05273135750594856,50.004945054945445,50.004945054945246
180360.0,1.2,0.1518485730459087,0.1518485730459087,0.05272931689306233,50.00494505494528,50.00494505494517
180420.0,1.2,0.1518163431847468,0.1518163431847468,0.05272727867769298,50.00494505494441,50.00494505494505
180480.0,1.2,0.15178413837235638,0.15178413837235638,0.05272524285605112,50.0049450549454,50.004945054944976
180540.0,1.2,0.15175195857830578,0.15175195857830578,0.052723209424354794,50.004945054945274,50.00494505494534
180600.0,1.2,0.15171980377221272,0.15171980377221272,0.05272117837882962,50.00494505494496,50.00494505494547
180660.0,1.2,0.15168767392374388,0.15168767392374388,0.05271914971570846,50.0049450549457,50.00494505494517
180720.0,1.2,0.1516555690026151,0.1516555690026151,0.05271712343123177,50.004945054945644,50.00494505494522
180780.0,1.2,0.1516234889785917,0.1516234889785917,0.052715099521647255,50.00494505494549,50.004945054945345
180840.0,1.2,0.15159143382148765,0.15159143382148765,0.05271307798321002,50.004945054945544,50.004945054945345
180900.0,1.2,0.15155940350116656,0.15155940350116656,0.05271105881218266,50.00494505494546,50.004945054945054
180960.0,1.2,0.15152739798754042,0.15152739798754042,0.05270904200483514,50.00494505494547,50.00494505494561
181020.0,1.2,0.15149541725056972,0.15149541725056972,0.05270702755744444,50.004945054946035,50.004945054945466
181080.0,1.2,0.15146346126026367,0.15146346126026367,0.052705015466294934,50.00494505494512,50.004945054945544
181140.0,1.2,0.15143152998668047,0.15143152998668047,0.05270300572767865,50.004945054944514,50.00494505494565
181200.0,1.2,0.15139962339992663,0.15139962339992663,0.05270099833789458,50.00494505494494,50.00494505494566
181260.0,1.2,0.15136774147015655,0.15136774147015655,0.05269899329324894,50.00494505494468,50.00494505494514
181320.0,1.2,0.15133588416757315,0.15133588416757315,0.0526969905900553,50.004945054945466,50.004945054944955
181380.0,1.2,0.1513040514624277,0.1513040514624277,0.05269499022463443,50.00494505494448,50.004945054944834
181440.0,1.2,0.15127224332501935,0.15127224332501935,0.052692992193314254,50.004945054944734,50.00494505494512
181500.0,1.2,0.15124045972569528,0.15124045972569528,0.05269099649243006,50.004945054945225,50.004945054945146
181560.0,1.2,0.15120870063485,0.15120870063485,0.05268900311832426,50.00494505494491,50.00494505494494
181620.0,1.2,0.15117696602292727,0.15117696602292727,0.05268701206734593,50.00494505494532,50.00494505494513
181680.0,1.2,0.1511452558604166,0.1511452558604166,0.052685023335852114,50.0049450549457,50.00494505494486
181740.0,1.2,0.1511135701178563,0.1511135701178563,0.05268303692020648,50.004945054945935,50.004945054945146
181800.0,1.2,0.15108190876583183,0.15108190876583183,0.05268105281677979,50.00494505494559,50.00494505494578
181860.0,1.2,0.1510502717749763,0.1510502717749763,0.05267907102194996,50.00494505494511,50.00494505494575
181920.0,1.2,0.1510186591159696,0.1510186591159696,0.052677091532102115,50.0049450549453,50.00494505494505
181980.0,1.2,0.1509870707595397,0.1509870707595397,0.05267511434362828,50.00494505494542,50.00494505494558
182040.0,1.2,0.1509555066764607,0.1509555066764607,0.05267313945292754,50.00494505494479,50.00494505494573
182100.0,1.2,0.15092396683755396,0.15092396683755396,0.0526711668564061,50.00494505494481,50.00494505494544
182160.0,1.2,0.15089245121368794,0.15089245121368794,0.05266919655047716,50.0049450549454,50.00494505494517
182220.0,1.2,0.15086095977577785,0.15086095977577785,0.052667228531560736,50.00494505494616,50.00494505494548
182280.0,1.2,0.1508294924947857,0.1508294924947857,0.052665262796083995,50.004945054945935,50.00494505494589
182340.0,1.2,0.1507980493417203,0.1507980493417203,0.05266329934048103,50.00494505494526,50.00494505494559
182400.0,1.2,0.15076663028763668,0.15076663028763668,0.052661338161192915,50.00494505494633,50.004945054945495
182460.0,1.2,0.15073523530363614,0.15073523530363614,0.05265937925466748,50.00494505494589,50.00494505494616
182520.0,1.2,0.15070386436086688,0.15070386436086688,0.05265742261735948,50.004945054946006,50.0049450549453
182580.0,1.2,0.15067251743052346,0.15067251743052346,0.05265546824573085,50.004945054945715,50.004945054945445
182640.0,1.2,0.15064119448384564,0.15064119448384564,0.05265351613625015,50.004945054946575,50.00494505494542
182700.0,1.2,0.1506098954921202,0.1506098954921202,0.05265156628539297,50.00494505494647,50.00494505494584
182760.0,1.2,0.15057862042667958,0.15057862042667958,0.05264961868964153,50.00494505494665,50.004945054946134
182820.0,1.2,0.15054736925890222,0.15054736925890222,0.052647673345484994,50.004945054946496,50.004945054945765
182880.0,1.2,0.15051614196021207,0.15051614196021207,0.052645730249419306,50.00494505494602,50.00494505494524
182940.0,1.2,0.1504849385020792,0.1504849385020792,0.052643789397947394,50.00494505494591,50.00494505494575
183000.0,1.2,0.15045375885601886,0.15045375885601886,0.052641850787578694,50.004945054946226,50.00494505494607
183060.0,1.2,0.15042260299359259,0.15042260299359259,0.05263991441482952,50.00494505494603,50.0049450549462
183120.0,1.2,0.1503914708864066,0.1503914708864066,0.05263798027622302,50.00494505494595,50.00494505494606
183180.0,1.2,0.15036036250611257,0.15036036250611257,0.052636048368288994,50.00494505494653,50.00494505494626
183240.0,1.2,0.1503292778244077,0.1503292778244077,0.052634118687563985,50.004945054946674,50.004945054945914
183300.0,1.2,0.1502982168130345,0.1502982168130345,0.052632191230591326,50.004945054946774,50.004945054945836
183360.0,1.2,0.15026717944377982,0.15026717944377982,0.052630265993920726,50.00494505494719,50.00494505494548
183420.0,1.2,0.1502361656884765,0.1502361656884765,0.05262834297410896,50.00494505494642,50.004945054945324
183480.0,1.2,0.15020517551900173,0.15020517551900173,0.05262642216771936,50.00494505494692,50.004945054945566
183540.0,1.2,0.15017420890727742,0.15017420890727742,0.05262450357132171,50.004945054946745,50.00494505494581
183600.0,1.2,0.1501432658252706,0.1501432658252706,0.05262258718149261,50.00494505494609,50.00494505494583
183660.0,1.2,0.15011234624499256,0.15011234624499256,0.05262067299481513,50.00494505494623,50.004945054945345
183720.0,1.2,0.15008145013849922,0.15008145013849922,0.05261876100787901,50.00494505494635,50.00494505494542
183780.0,1.2,0.15005057747789102,0.15005057747789102,0.052616851217280804,50.004945054945495,50.004945054945864
183840.0,1.2,0.15001972823531295,0.15001972823531295,0.05261494361962322,50.00494505494645,50.00494505494556
183879.0,1.2,0.14999968877238076,0.14999968877238076,0.05261370485550386,50.00494505494654,50.00494505494546
