time_s,time_h,moisture_0_cm,moisture_0.5_cm,moisture_1_cm,moisture_1.5_cm,moisture_2_cm,maximum_moisture,maximum_radius_cm
0.000000,0.0000000000,2.5500000000,2.5500000000,2.5500000000,2.5500000000,2.5500000000,2.5500000000,0.00000000
60.000000,0.0166666667,2.5500000000,2.5500000000,2.5500000000,2.5499999999,2.3272176622,2.5500000000,0.00000000
120.000000,0.0333333333,2.5500000000,2.5500000000,2.5500000000,2.5499981645,2.2421770782,2.5500000000,0.82500000
180.000000,0.0500000000,2.5500000000,2.5500000000,2.5500000000,2.5499342585,2.1798968625,2.5500000000,0.06250000
240.000000,0.0666666667,2.5500000000,2.5500000000,2.5499999998,2.5495586646,2.1293330574,2.5500000000,0.11250000
300.000000,0.0833333333,2.5500000000,2.5500000000,2.5499999907,2.5485314240,2.0863938652,2.5500000000,0.40625000
360.000000,0.1000000000,2.5500000000,2.5500000000,2.5499998611,2.5466015916,2.0489064278,2.5500000000,0.11250000
420.000000,0.1166666667,2.5500000000,2.5500000000,2.5499990055,2.5436503197,2.0154889208,2.5500000000,0.00000000
480.000000,0.1333333333,2.5500000000,2.5500000000,2.5499955249,2.5396614761,1.9852481671,2.5500000000,0.00000000
540.000000,0.1500000000,2.5500000000,2.5499999996,2.5499852823,2.5346828669,1.9576613933,2.5500000000,0.00000000
600.000000,0.1666666667,2.5500000000,2.5499999972,2.5499612342,2.5287935551,1.9323502587,2.5500000000,0.00000000
660.000000,0.1833333333,2.5500000000,2.5499999853,2.5499132662,2.5220837924,1.9090068815,2.5500000000,0.00000000
720.000000,0.2000000000,2.5500000000,2.5499999409,2.5498284990,2.5146435209,1.8873342940,2.5500000000,0.00000000
780.000000,0.2166666667,2.5499999999,2.5499998053,2.5496918918,2.5065602831,1.8671009377,2.5499999999,0.00000000
840.000000,0.2333333333,2.5499999997,2.5499994536,2.5494869903,2.4979160391,1.8481334266,2.5499999997,0.00000000
900.000000,0.2500000000,2.5499999987,2.5499986514,2.5491966716,2.4887872984,1.8302492529,2.5499999987,0.00000000
960.000000,0.2666666667,2.5499999953,2.5499970034,2.5488038349,2.4792438861,1.8134158574,2.5499999953,0.00000000
1020.000000,0.2833333333,2.5499999849,2.5499938959,2.5482919415,2.4693443679,1.7974973663,2.5499999849,0.00000000
1080.000000,0.3000000000,2.5499999571,2.5499884396,2.5476453750,2.4591430835,1.7824911086,2.5499999571,0.00000000
1140.000000,0.3166666667,2.5499998901,2.5499794163,2.5468497498,2.4486826070,1.7683126971,2.5499998901,0.00000000
1200.000000,0.3333333333,2.5499997425,2.5499652329,2.5458919385,2.4380023399,1.7548413209,2.5499997425,0.00000000
1260.000000,0.3500000000,2.5499994409,2.5499438849,2.5447602645,2.4271397250,1.7419733947,2.5499994409,0.00000000
1320.000000,0.3666666667,2.5499988640,2.5499129317,2.5434446049,2.4161305014,1.7297403907,2.5499988640,0.00000000
1380.000000,0.3833333333,2.5499978216,2.5498694844,2.5419364013,2.4050002333,1.7181358534,2.5499978216,0.00000000
1440.000000,0.4000000000,2.5499960295,2.5498102052,2.5402283427,2.3937734449,1.7069987816,2.5499960295,0.00000000
1500.000000,0.4166666667,2.5499930808,2.5497313145,2.5383145247,2.3824768852,1.6962509592,2.5499930808,0.00000000
1560.000000,0.4333333333,2.5499884134,2.5496286111,2.5361906293,2.3711384279,1.6859261317,2.5499884134,0.00000000
1620.000000,0.4500000000,2.5499812754,2.5494975074,2.5338538951,2.3597766257,1.6760021079,2.5499812754,0.00000000
1680.000000,0.4666666667,2.5499706905,2.5493330708,2.5313026444,2.3484101117,1.6664389746,2.5499706905,0.00000000
1740.000000,0.4833333333,2.5499554231,2.5491300660,2.5285364219,2.3370522953,1.6573269706,2.5499554231,0.00000000
1800.000000,0.5000000000,2.5499339455,2.5488830040,2.5255554614,2.3257078622,1.6486168228,2.5499339455,0.00000000
1860.000000,0.5166666667,2.5499044083,2.5485861757,2.5223603300,2.3143849631,1.6402431670,2.5499044083,0.00000000
1920.000000,0.5333333333,2.5498646123,2.5482336829,2.5189523401,2.3030937834,1.6321063623,2.5498646123,0.00000000
1980.000000,0.5500000000,2.5498119855,2.5478194874,2.5153338140,2.2918525774,1.6241788062,2.5498119855,0.00000000
2040.000000,0.5666666667,2.5497435655,2.5473374814,2.5115085074,2.2806729464,1.6165250376,2.5497435655,0.00000000
2100.000000,0.5833333333,2.5496559924,2.5467815633,2.5074806075,2.2695604766,1.6090894309,2.5496559924,0.00000000
2160.000000,0.6000000000,2.5495455088,2.5461456694,2.5032546200,2.2585245864,1.6018505295,2.5495455088,0.00000000
2220.000000,0.6166666667,2.5494079640,2.5454238188,2.4988358236,2.2475716650,1.5948738223,2.5494079640,0.00000000
2280.000000,0.6333333333,2.5492388277,2.5446101701,2.4942296469,2.2367013501,1.5881012925,2.5492388277,0.00000000
2340.000000,0.6500000000,2.5490332102,2.5436990303,2.4894413786,2.2259185927,1.5815235692,2.5490332102,0.00000000
2400.000000,0.6666666667,2.5487858833,2.5426848760,2.4844767210,2.2152231011,1.5751425775,2.5487858833,0.00000000
2460.000000,0.6833333333,2.5484913085,2.5415623821,2.4793412081,2.2046193413,1.5689472502,2.5484913085,0.00000000
2520.000000,0.7000000000,2.5481436685,2.5403264370,2.4740407953,2.1941074906,1.5629269523,2.5481436685,0.00000000
2580.000000,0.7166666667,2.5477369039,2.5389721748,2.4685812485,2.1836923587,1.5569886026,2.5477369039,0.00000000
2640.000000,0.7333333333,2.5472647537,2.5374949915,2.4629692150,2.1733829788,1.5512039303,2.5472647537,0.00000000
2700.000000,0.7500000000,2.5467208044,2.5358906484,2.4572117548,2.1631751721,1.5455880885,2.5467208044,0.00000000
2760.000000,0.7666666667,2.5460985556,2.5341552485,2.4513147764,2.1530694207,1.5400391630,2.5460985556,0.00000000
2820.000000,0.7833333333,2.5453914585,2.5322851672,2.4452848351,2.1430748763,1.5345506808,2.5453914585,0.00000000
2880.000000,0.8000000000,2.5445929576,2.5302771858,2.4391296340,2.1331941582,1.5291992387,2.5445929576,0.00000000
2940.000000,0.8166666667,2.5436965727,2.5281285632,2.4328562108,2.1234213264,1.5239389107,2.5436965727,0.00000000
3000.000000,0.8333333333,2.5426959635,2.5258369097,2.4264708844,2.1137620524,1.5187066743,2.5426959635,0.00000000
3060.000000,0.8500000000,2.5415849545,2.5234002102,2.4199810934,2.1042170770,1.5135704286,2.5415849545,0.00000000
3120.000000,0.8666666667,2.5403575972,2.5208169285,2.4133938578,2.0947842106,1.5085745511,2.5403575972,0.00000000
3180.000000,0.8833333333,2.5390082344,2.5180859222,2.4067150725,2.0854503114,1.5037320241,2.5390082344,0.00000000
3240.000000,0.9000000000,2.5375315151,2.5152062389,2.3999487766,2.0762141481,1.4989440213,2.5375315151,0.00000000
3300.000000,0.9166666667,2.5359223490,2.5121770420,2.3931000294,2.0670781423,1.4942284258,2.5359223490,0.00000000
3360.000000,0.9333333333,2.5341759171,2.5089978221,2.3861742561,2.0580428681,1.4895360341,2.5341759171,0.00000000
3420.000000,0.9500000000,2.5322877439,2.5056684261,2.3791771177,2.0491134094,1.4848797228,2.5322877439,0.00000000
3480.000000,0.9666666667,2.5302537521,2.5021891308,2.3721148159,2.0402893103,1.4802406134,2.5302537521,0.00000000
3540.000000,0.9833333333,2.5280703297,2.4985606557,2.3649932429,2.0315742224,1.4756149912,2.5280703297,0.00000000
3600.000000,1.0000000000,2.5257343656,2.4947841561,2.3578187998,2.0229652377,1.4710909583,2.5257343656,0.00000000
3660.000000,1.0166666667,2.5232432912,2.4908612091,2.3505961717,2.0144496060,1.4666543785,2.5232432912,0.00000000
3720.000000,1.0333333333,2.5205950545,2.4867934469,2.3433283351,2.0060265314,1.4622474334,2.5205950545,0.00000000
3780.000000,1.0500000000,2.5177879836,2.4825825269,2.3360193321,1.9976949632,1.4579150458,2.5177879836,0.00000000
3840.000000,1.0666666667,2.5148207735,2.4782303489,2.3286728423,1.9894509545,1.4536106603,2.5148207735,0.00000000
3900.000000,1.0833333333,2.5116925244,2.4737389573,2.3212922187,1.9812961474,1.4493125977,2.5116925244,0.00000000
3960.000000,1.1000000000,2.5084027235,2.4691105943,2.3138815829,1.9732319931,1.4450459873,2.5084027235,0.00000000
4020.000000,1.1166666667,2.5049512813,2.4643478333,2.3064450598,1.9652574353,1.4407742950,2.5049512813,0.00000000
4080.000000,1.1333333333,2.5013385797,2.4594535244,2.2989866824,1.9573746419,1.4364771370,2.5013385797,0.00000000
4140.000000,1.1500000000,2.4975654710,2.4544308303,2.2915111510,1.9495841697,1.4322397328,2.4975654710,0.00000000
4200.000000,1.1666666667,2.4936333116,2.4492832905,2.2840222792,1.9418759290,1.4280441953,2.4936333116,0.00000000
4260.000000,1.1833333333,2.4895439524,2.4440144716,2.2765220829,1.9342479361,1.4238653725,2.4895439524,0.00000000
4320.000000,1.2000000000,2.4852995604,2.4386278448,2.2690130968,1.9266950959,1.4197772613,2.4852995604,0.00000000
4380.000000,1.2166666667,2.4809025453,2.4331268874,2.2614964971,1.9192097499,1.4156804665,2.4809025453,0.00000000
4440.000000,1.2333333333,2.4763554996,2.4275148365,2.2539736652,1.9118014884,1.4115215746,2.4763554996,0.00000000
4500.000000,1.2500000000,2.4716611167,2.4217951287,2.2464489798,1.9044736784,1.4073950287,2.4716611167,0.00000000
4560.000000,1.2666666667,2.4668224266,2.4159717858,2.2389257514,1.8972183910,1.4033163764,2.4668224266,0.00000000
4620.000000,1.2833333333,2.4618429239,2.4100488716,2.2314052702,1.8900302208,1.3992813875,2.4618429239,0.00000000
4680.000000,1.3000000000,2.4567263431,2.4040301977,2.2238881970,1.8829022871,1.3952931587,2.4567263431,0.00000000
4740.000000,1.3166666667,2.4514764639,2.3979192836,2.2163747511,1.8758348265,1.3913238657,2.4514764639,0.00000000
4800.000000,1.3333333333,2.4460970092,2.3917194908,2.2088660217,1.8688260880,1.3873572862,2.4460970092,0.00000000
4860.000000,1.3500000000,2.4405916969,2.3854341871,2.2013630236,1.8618784102,1.3833581273,2.4405916969,0.00000000
4920.000000,1.3666666667,2.4349643003,2.3790668097,2.1938679870,1.8549951511,1.3793936293,2.4349643003,0.00000000
4980.000000,1.3833333333,2.4292187485,2.3726210965,2.1863829016,1.8481700786,1.3754166195,2.4292187485,0.00000000
5040.000000,1.4000000000,2.4233592083,2.3661007745,2.1789090510,1.8414103998,1.3713701731,2.4233592083,0.00000000
5100.000000,1.4166666667,2.4173899667,2.3595097363,2.1714501402,1.8347172052,1.3673362086,2.4173899667,0.00000000
5160.000000,1.4333333333,2.4113155787,2.3528523498,2.1640085793,1.8280820555,1.3633785163,2.4113155787,0.00000000
5220.000000,1.4500000000,2.4051409190,2.3461328323,2.1565839581,1.8214914370,1.3594579355,2.4051409190,0.00000000
5280.000000,1.4666666667,2.3988708243,2.3393546439,2.1491747003,1.8149484096,1.3554791868,2.3988708243,0.00000000
5340.000000,1.4833333333,2.3925097240,2.3325208649,2.1417823463,1.8084588270,1.3515264808,2.3925097240,0.00000000
5400.000000,1.5000000000,2.3860618410,2.3256349633,2.1344086650,1.8020169527,1.3475652928,2.3860618410,0.00000000
5460.000000,1.5166666667,2.3795315145,2.3187004194,2.1270540408,1.7956238274,1.3436420607,2.3795315145,0.00000000
5520.000000,1.5333333333,2.3729230909,2.3117205770,2.1197190766,1.7892715172,1.3397502791,2.3729230909,0.00000000
5580.000000,1.5500000000,2.3662408543,2.3046985212,2.1124029538,1.7829619268,1.3358124854,2.3662408543,0.00000000
5640.000000,1.5666666667,2.3594888736,2.2976370805,2.1051067503,1.7766977401,1.3318775877,2.3594888736,0.00000000
5700.000000,1.5833333333,2.3526710841,2.2905393003,2.0978317994,1.7704778738,1.3279631631,2.3526710841,0.00000000
5760.000000,1.6000000000,2.3457914808,2.2834082940,2.0905784508,1.7642962358,1.3240669823,2.3457914808,0.00000000
5820.000000,1.6166666667,2.3388540590,2.2762468875,2.0833464073,1.7581560212,1.3201100036,2.3388540590,0.00000000
5880.000000,1.6333333333,2.3318626369,2.2690578064,2.0761373876,1.7520613756,1.3161577147,2.3318626369,0.00000000
5940.000000,1.6500000000,2.3248209991,2.2618441400,2.0689532154,1.7460070806,1.3122778683,2.3248209991,0.00000000
6000.000000,1.6666666667,2.3177330906,2.2546089512,2.0617926880,1.7399775768,1.3084788010,2.3177330906,0.00000000
6060.000000,1.6833333333,2.3106027296,2.2473543565,2.0546524387,1.7339741256,1.3046442473,2.3106027296,0.00000000
6120.000000,1.7000000000,2.3034330768,2.2400817884,2.0475323999,1.7280058234,1.3007414471,2.3034330768,0.00000000
6180.000000,1.7166666667,2.2962268180,2.2327930955,2.0404349576,1.7220788683,1.2968768100,2.2962268180,0.00000000
6240.000000,1.7333333333,2.2889867663,2.2254907750,2.0333614343,1.7161817649,1.2930552681,2.2889867663,0.00000000
6300.000000,1.7500000000,2.2817160374,2.2181770560,2.0263101654,1.7103147549,1.2892098922,2.2817160374,0.00000000
6360.000000,1.7666666667,2.2744175718,2.2108536671,2.0192815800,1.7044815967,1.2853186852,2.2744175718,0.00000000
6420.000000,1.7833333333,2.2670940691,2.2035225522,2.0122771558,1.6986860210,1.2814015793,2.2670940691,0.00000000
6480.000000,1.8000000000,2.2597482827,2.1961859984,2.0052989170,1.6929290578,1.2774523644,2.2597482827,0.00000000
6540.000000,1.8166666667,2.2523831849,2.1888465717,1.9983485060,1.6872075128,1.2735825813,2.2523831849,0.00000000
6600.000000,1.8333333333,2.2450019490,2.1815068037,1.9914252951,1.6815072550,1.2697302620,2.2450019490,0.00000000
6660.000000,1.8500000000,2.2376076563,2.1741684112,1.9845269066,1.6758336704,1.2658236845,2.2376076563,0.00000000
6720.000000,1.8666666667,2.2302028255,2.1668327146,1.9776547934,1.6701930070,1.2619120848,2.2302028255,0.00000000
6780.000000,1.8833333333,2.2227897249,2.1595015937,1.9708104693,1.6645811120,1.2580354946,2.2227897249,0.00000000
6840.000000,1.9000000000,2.2153707932,2.1521769660,1.9639933001,1.6589924653,1.2541471503,2.2153707932,0.00000000
6900.000000,1.9166666667,2.2079484231,2.1448602701,1.9572026912,1.6534306290,1.2502952662,2.2079484231,0.00000000
6960.000000,1.9333333333,2.2005247293,2.1375528603,1.9504385613,1.6478867966,1.2464891176,2.2005247293,0.00000000
7020.000000,1.9500000000,2.1931016587,2.1302557601,1.9436987171,1.6423618020,1.2426582519,2.1931016587,0.00000000
7080.000000,1.9666666667,2.1856807857,2.1229695408,1.9369829722,1.6368603600,1.2388005849,2.1856807857,0.00000000
7140.000000,1.9833333333,2.1782633912,2.1156950149,1.9302924158,1.6313869085,1.2349477565,2.1782633912,0.00000000
7200.000000,2.0000000000,2.1708508251,2.1084333916,1.9236281610,1.6259381440,1.2310909219,2.1708508251,0.00000000
7260.000000,2.0166666667,2.1634446595,2.1011859196,1.9169899393,1.6205126284,1.2272387447,2.1634446595,0.00000000
7320.000000,2.0333333333,2.1560464896,2.0939536215,1.9103776520,1.6151105891,1.2233467262,2.1560464896,0.00000000
7380.000000,2.0500000000,2.1486577969,2.0867374803,1.9037922588,1.6097383478,1.2194589560,2.1486577969,0.00000000
7440.000000,2.0666666667,2.1412800547,2.0795388456,1.8972354118,1.6043907119,1.2155652434,2.1412800547,0.00000000
7500.000000,2.0833333333,2.1339149447,2.0723591282,1.8907070079,1.5990681205,1.2116933784,2.1339149447,0.00000000
7560.000000,2.1000000000,2.1265641627,2.0651995319,1.8842070697,1.5937638742,1.2078444506,2.1265641627,0.00000000
7620.000000,2.1166666667,2.1192292802,2.0580609431,1.8777342064,1.5884789233,1.2039587386,2.1192292802,0.00000000
7680.000000,2.1333333333,2.1119115590,2.0509439320,1.8712887504,1.5832171380,1.2000740585,2.1119115590,0.00000000
7740.000000,2.1500000000,2.1046120574,2.0438493131,1.8648715460,1.5779770289,1.1962321478,2.1046120574,0.00000000
7800.000000,2.1666666667,2.0973318963,2.0367779694,1.8584818171,1.5727513719,1.1923809677,2.0973318963,0.00000000
7860.000000,2.1833333333,2.0900721418,2.0297302952,1.8521181815,1.5675439659,1.1885685405,2.0900721418,0.00000000
7920.000000,2.2000000000,2.0828335408,2.0227065162,1.8457801298,1.5623474206,1.1847865212,2.0828335408,0.00000000
7980.000000,2.2166666667,2.0756166384,2.0157065880,1.8394657130,1.5571671920,1.1809524423,2.0756166384,0.00000000
8040.000000,2.2333333333,2.0684216737,2.0087303320,1.8331760430,1.5520094549,1.1771270080,2.0684216737,0.00000000
8100.000000,2.2500000000,2.0612488675,2.0017781683,1.8269121290,1.5468716266,1.1732945163,2.0612488675,0.00000000
8160.000000,2.2666666667,2.0540987354,1.9948506303,1.8206743969,1.5417576552,1.1694913271,2.0540987354,0.00000000
8220.000000,2.2833333333,2.0469719460,1.9879483744,1.8144629462,1.5366556804,1.1657189593,2.0469719460,0.00000000
8280.000000,2.3000000000,2.0398692412,1.9810716039,1.8082754389,1.5315699102,1.1619442466,2.0398692412,0.00000000
8340.000000,2.3166666667,2.0327910115,1.9742201461,1.8021121760,1.5265013730,1.1581316402,2.0327910115,0.00000000
8400.000000,2.3333333333,2.0257374461,1.9673940955,1.7959739210,1.5214579870,1.1543136255,2.0257374461,0.00000000
8460.000000,2.3500000000,2.0187088356,1.9605939963,1.7898624163,1.5164342359,1.1505306493,2.0187088356,0.00000000
8520.000000,2.3666666667,2.0117057915,1.9538205008,1.7837766714,1.5114258656,1.1467811571,2.0117057915,0.00000000
8580.000000,2.3833333333,2.0047289407,1.9470737466,1.7777151994,1.5064284991,1.1430344739,2.0047289407,0.00000000
8640.000000,2.4000000000,1.9977785914,1.9403534359,1.7716768623,1.5014484350,1.1392688830,1.9977785914,0.00000000
8700.000000,2.4166666667,1.9908547160,1.9336593759,1.7656629188,1.4964896162,1.1354783714,1.9908547160,0.00000000
8760.000000,2.4333333333,1.9839573505,1.9269918972,1.7596746351,1.4915533588,1.1316893728,1.9839573505,0.00000000
8820.000000,2.4500000000,1.9770868399,1.9203515872,1.7537127404,1.4866366340,1.1279113755,1.9770868399,0.00000000
8880.000000,2.4666666667,1.9702437519,1.9137389588,1.7477766211,1.4817351781,1.1241643821,1.9702437519,0.00000000
8940.000000,2.4833333333,1.9634286103,1.9071541526,1.7418654111,1.4768505372,1.1203787518,1.9634286103,0.00000000
9000.000000,2.5000000000,1.9566417055,1.9005972069,1.7359798132,1.4719864974,1.1166460663,1.9566417055,0.00000000
9060.000000,2.5166666667,1.9498832768,1.8940684600,1.7301195865,1.4671305216,1.1130010675,1.9498832768,0.00000000
9120.000000,2.5333333333,1.9431536115,1.8875676909,1.7242813755,1.4622829431,1.1092941987,1.9431536115,0.00000000
9180.000000,2.5500000000,1.9364525277,1.8810940440,1.7184654126,1.4574571655,1.1055527028,1.9364525277,0.00000000
9240.000000,2.5666666667,1.9297795542,1.8746474389,1.7126739041,1.4526502292,1.1018246704,1.9297795542,0.00000000
9300.000000,2.5833333333,1.9231346270,1.8682282168,1.7069069461,1.4478637914,1.0981268765,1.9231346270,0.00000000
9360.000000,2.6000000000,1.9165179539,1.8618366658,1.7011646584,1.4430912407,1.0944302178,1.9165179539,0.00000000
9420.000000,2.6166666667,1.9099298061,1.8554728312,1.6954459061,1.4383353339,1.0907433556,1.9099298061,0.00000000
9480.000000,2.6333333333,1.9033702787,1.8491365917,1.6897507657,1.4335926764,1.0870968009,1.9033702787,0.00000000
9540.000000,2.6500000000,1.8968393656,1.8428277784,1.6840779958,1.4288619566,1.0834571031,1.8968393656,0.00000000
9600.000000,2.6666666667,1.8903369089,1.8365459416,1.6784269402,1.4241460304,1.0797841919,1.8903369089,0.00000000
9660.000000,2.6833333333,1.8838625782,1.8302907358,1.6727986805,1.4194526124,1.0761332145,1.8838625782,0.00000000
9720.000000,2.7000000000,1.8774161534,1.8240623881,1.6671942201,1.4147727528,1.0724751586,1.8774161534,0.00000000
9780.000000,2.7166666667,1.8709977374,1.8178609788,1.6616124541,1.4101132847,1.0687794772,1.8709977374,0.00000000
9840.000000,2.7333333333,1.8646073746,1.8116865558,1.6560554041,1.4054766763,1.0651233917,1.8646073746,0.00000000
9900.000000,2.7500000000,1.8582452635,1.8055397060,1.6505233125,1.4008537303,1.0614815141,1.8582452635,0.00000000
9960.000000,2.7666666667,1.8519118206,1.7994205885,1.6450145079,1.3962441577,1.0578835463,1.8519118206,0.00000000
10020.000000,2.7833333333,1.8456072016,1.7933289303,1.6395280432,1.3916438922,1.0543061877,1.8456072016,0.00000000
10080.000000,2.8000000000,1.8393312530,1.7872642061,1.6340623549,1.3870552154,1.0507105683,1.8393312530,0.00000000
10140.000000,2.8166666667,1.8330835275,1.7812257811,1.6286180194,1.3824854420,1.0471314415,1.8330835275,0.00000000
10200.000000,2.8333333333,1.8268635510,1.7752135513,1.6231957814,1.3779287237,1.0435487890,1.8268635510,0.00000000
10260.000000,2.8500000000,1.8206711178,1.7692273901,1.6177950437,1.3733915855,1.0399321287,1.8206711178,0.00000000
10320.000000,2.8666666667,1.8145060551,1.7632672661,1.6124171843,1.3688729211,1.0363428756,1.8145060551,0.00000000
10380.000000,2.8833333333,1.8083683713,1.7573334367,1.6070623558,1.3643719728,1.0327797506,1.8083683713,0.00000000
10440.000000,2.9000000000,1.8022582265,1.7514260571,1.6017298927,1.3598815921,1.0292150209,1.8022582265,0.00000000
10500.000000,2.9166666667,1.7961757143,1.7455448673,1.5964188438,1.3554109118,1.0255952036,1.7961757143,0.00000000
10560.000000,2.9333333333,1.7901206864,1.7396898067,1.5911314587,1.3509618199,1.0220287547,1.7901206864,0.00000000
10620.000000,2.9500000000,1.7840932080,1.7338614013,1.5858679393,1.3465252448,1.0185298384,1.7840932080,0.00000000
10680.000000,2.9666666667,1.7780935933,1.7280597078,1.5806256580,1.3420936035,1.0150795033,1.7780935933,0.00000000
10740.000000,2.9833333333,1.7721218042,1.7222839100,1.5754022254,1.3376709892,1.0116055499,1.7721218042,0.00000000
10800.000000,3.0000000000,1.7661772147,1.7165330491,1.5701977869,1.3332627944,1.0081217682,1.7661772147,0.00000000
10860.000000,3.0166666667,1.7602590580,1.7108066346,1.5650128794,1.3288688465,1.0046571009,1.7602590580,0.00000000
10920.000000,3.0333333333,1.7543667871,1.7051043641,1.5598473160,1.3244901572,1.0011746991,1.7543667871,0.00000000
10980.000000,3.0500000000,1.7485000033,1.6994259770,1.5547017720,1.3201320425,0.9976736346,1.7485000033,0.00000000
11040.000000,3.0666666667,1.7426584595,1.6937716122,1.5495779743,1.3157952060,0.9942106837,1.7426584595,0.00000000
11100.000000,3.0833333333,1.7368422526,1.6881417422,1.5444760648,1.3114720880,0.9907643257,1.7368422526,0.00000000
11160.000000,3.1000000000,1.7310516746,1.6825364459,1.5393946484,1.3071632464,0.9873086121,1.7310516746,0.00000000
11220.000000,3.1166666667,1.7252867874,1.6769554990,1.5343340830,1.3028736210,0.9838052633,1.7252867874,0.00000000
11280.000000,3.1333333333,1.7195475225,1.6713990270,1.5292958291,1.2986043502,0.9803651940,1.7195475225,0.00000000
11340.000000,3.1500000000,1.7138340204,1.6658674587,1.5242797604,1.2943467113,0.9769467352,1.7138340204,0.00000000
11400.000000,3.1666666667,1.7081465417,1.6603607626,1.5192844132,1.2901035928,0.9735478991,1.7081465417,0.00000000
11460.000000,3.1833333333,1.7024850721,1.6548786814,1.5143094707,1.2858703390,0.9701469538,1.7024850721,0.00000000
11520.000000,3.2000000000,1.6968494212,1.6494208262,1.5093541627,1.2816550485,0.9667012246,1.6968494212,0.00000000
11580.000000,3.2166666667,1.6912392555,1.6439870312,1.5044203942,1.2774591012,0.9632993337,1.6912392555,0.00000000
11640.000000,3.2333333333,1.6856544793,1.6385776190,1.4995077717,1.2732733485,0.9599091040,1.6856544793,0.00000000
11700.000000,3.2500000000,1.6800951799,1.6331923927,1.4946149622,1.2691047107,0.9564857905,1.6800951799,0.00000000
11760.000000,3.2666666667,1.6745612021,1.6278311731,1.4897433953,1.2649533636,0.9531209685,1.6745612021,0.00000000
11820.000000,3.2833333333,1.6690524795,1.6224941568,1.4848926003,1.2608119437,0.9498196491,1.6690524795,0.00000000
11880.000000,3.3000000000,1.6635690397,1.6171810729,1.4800604643,1.2566787875,0.9464841642,1.6635690397,0.00000000
11940.000000,3.3166666667,1.6581105861,1.6118912113,1.4752467802,1.2525636331,0.9431243705,1.6581105861,0.00000000
12000.000000,3.3333333333,1.6526766095,1.6066243680,1.4704533569,1.2484654713,0.9398051193,1.6526766095,0.00000000
12060.000000,3.3500000000,1.6472669144,1.6013807115,1.4656794624,1.2443767377,0.9365544102,1.6472669144,0.00000000
12120.000000,3.3666666667,1.6418814433,1.5961598637,1.4609229778,1.2402966355,0.9332735201,1.6418814433,0.00000000
12180.000000,3.3833333333,1.6365198076,1.5909610590,1.4561836934,1.2362335871,0.9299438304,1.6365198076,0.00000000
12240.000000,3.4000000000,1.6311814274,1.5857840214,1.4514637538,1.2321928639,0.9266082258,1.6311814274,0.00000000
12300.000000,3.4166666667,1.6258660800,1.5806291955,1.4467649430,1.2281730524,0.9233022991,1.6258660800,0.00000000
12360.000000,3.4333333333,1.6205740455,1.5754971968,1.4420873648,1.2241688210,0.9200055613,1.6205740455,0.00000000
12420.000000,3.4500000000,1.6153057696,1.5703882871,1.4374301653,1.2201783391,0.9167411932,1.6153057696,0.00000000
12480.000000,3.4666666667,1.6100615040,1.5653023957,1.4327922103,1.2161966814,0.9134968185,1.6100615040,0.00000000
12540.000000,3.4833333333,1.6048412086,1.5602390745,1.4281725077,1.2122295745,0.9102414025,1.6048412086,0.00000000
12600.000000,3.5000000000,1.5996445544,1.5551979871,1.4235716385,1.2082740872,0.9070564679,1.5996445544,0.00000000
12660.000000,3.5166666667,1.5944712494,1.5501788925,1.4189883934,1.2043278514,0.9038771547,1.5944712494,0.00000000
12720.000000,3.5333333333,1.5893209447,1.5451812253,1.4144220202,1.2003945452,0.9006535788,1.5893209447,0.00000000
12780.000000,3.5500000000,1.5841931359,1.5402045454,1.4098733703,1.1964785872,0.8974620394,1.5841931359,0.00000000
12840.000000,3.5666666667,1.5790874439,1.5352488386,1.4053427399,1.1925733889,0.8943188789,1.5790874439,0.00000000
12900.000000,3.5833333333,1.5740037087,1.5303138714,1.4008285920,1.1886791846,0.8911965372,1.5740037087,0.00000000
12960.000000,3.6000000000,1.5689416215,1.5253991169,1.3963307275,1.1847988625,0.8880236509,1.5689416215,0.00000000
13020.000000,3.6166666667,1.5639007530,1.5205042761,1.3918502598,1.1809394706,0.8848283595,1.5639007530,0.00000000
13080.000000,3.6333333333,1.5588808597,1.5156296150,1.3873890970,1.1770987651,0.8817057425,1.5588808597,0.00000000
13140.000000,3.6500000000,1.5538821195,1.5107755954,1.3829462334,1.1732664741,0.8786022745,1.5538821195,0.00000000
13200.000000,3.6666666667,1.5489047541,1.5059419312,1.3785198253,1.1694482000,0.8754542476,1.5489047541,0.00000000
13260.000000,3.6833333333,1.5439485653,1.5011282397,1.3741109970,1.1656466709,0.8723481988,1.5439485653,0.00000000
13320.000000,3.7000000000,1.5390133412,1.4963346030,1.3697201047,1.1618583833,0.8692630301,1.5390133412,0.00000000
13380.000000,3.7166666667,1.5340990520,1.4915609859,1.3653462317,1.1580803789,0.8662235580,1.5340990520,0.00000000
13440.000000,3.7333333333,1.5292055828,1.4868070174,1.3609881392,1.1543117831,0.8631643587,1.5292055828,0.00000000
13500.000000,3.7500000000,1.5243325799,1.4820721406,1.3566458943,1.1505599164,0.8601150299,1.5243325799,0.00000000
13560.000000,3.7666666667,1.5194796082,1.4773562141,1.3523204205,1.1468207701,0.8570584614,1.5194796082,0.00000000
13620.000000,3.7833333333,1.5146464661,1.4726591872,1.3480117481,1.1431014116,0.8539742027,1.5146464661,0.00000000
13680.000000,3.8000000000,1.5098330599,1.4679812484,1.3437212305,1.1393964127,0.8509543396,1.5098330599,0.00000000
13740.000000,3.8166666667,1.5050395344,1.4633226150,1.3394476403,1.1357034687,0.8479099767,1.5050395344,0.00000000
13800.000000,3.8333333333,1.5002659647,1.4586830894,1.3351910723,1.1320285092,0.8448482985,1.5002659647,0.00000000
13860.000000,3.8500000000,1.4955122858,1.4540628011,1.3309528876,1.1283702280,0.8418166737,1.4955122858,0.00000000
13920.000000,3.8666666667,1.4907786333,1.4494620834,1.3267326867,1.1247226751,0.8388550455,1.4907786333,0.00000000
13980.000000,3.8833333333,1.4860651931,1.4448808226,1.3225284660,1.1210807236,0.8359118751,1.4860651931,0.00000000
14040.000000,3.9000000000,1.4813718051,1.4403183170,1.3183388393,1.1174493899,0.8329751502,1.4813718051,0.00000000
14100.000000,3.9166666667,1.4766979186,1.4357739487,1.3141640602,1.1138281274,0.8300603030,1.4766979186,0.00000000
14160.000000,3.9333333333,1.4720429820,1.4312472915,1.3100037617,1.1102195716,0.8271235896,1.4720429820,0.00000000
14220.000000,3.9500000000,1.4674065160,1.4267380217,1.3058587717,1.1066278543,0.8241979831,1.4674065160,0.00000000
14280.000000,3.9666666667,1.4627882202,1.4222462060,1.3017297935,1.1030508264,0.8212418890,1.4627882202,0.00000000
14340.000000,3.9833333333,1.4581880569,1.4177719591,1.2976173528,1.0994947531,0.8182576323,1.4581880569,0.00000000
14400.000000,4.0000000000,1.4536061288,1.4133157058,1.2935232008,1.0959563643,0.8153450729,1.4536061288,0.00000000
14460.000000,4.0166666667,1.4490428301,1.4088779905,1.2894462759,1.0924273354,0.8124536471,1.4490428301,0.00000000
14520.000000,4.0333333333,1.4444985120,1.4044586621,1.2853851019,1.0889097503,0.8095672932,1.4444985120,0.00000000
14580.000000,4.0500000000,1.4399731172,1.4000573894,1.2813396199,1.0854042486,0.8066902238,1.4399731172,0.00000000
14640.000000,4.0666666667,1.4354664300,1.3956739673,1.2773098223,1.0819112315,0.8038227884,1.4354664300,0.00000000
14700.000000,4.0833333333,1.4309782463,1.3913082435,1.2732956751,1.0784309333,0.8009651125,1.4309782463,0.00000000
14760.000000,4.1000000000,1.4265083949,1.3869600924,1.2692971267,1.0749634687,0.7981172568,1.4265083949,0.00000000
14820.000000,4.1166666667,1.4220567311,1.3826294038,1.2653141161,1.0715088833,0.7952792569,1.4220567311,0.00000000
14880.000000,4.1333333333,1.4176231285,1.3783160774,1.2613465796,1.0680671840,0.7924511347,1.4176231285,0.00000000
14940.000000,4.1500000000,1.4132074729,1.3740200188,1.2573944524,1.0646383559,0.7896329022,1.4132074729,0.00000000
15000.000000,4.1666666667,1.4088096587,1.3697411374,1.2534576707,1.0612223720,0.7868245635,1.4088096587,0.00000000
15060.000000,4.1833333333,1.4044295857,1.3654793451,1.2495361712,1.0578191983,0.7840261166,1.4044295857,0.00000000
15120.000000,4.2000000000,1.4000671576,1.3612345557,1.2456298913,1.0544287971,0.7812375543,1.4000671576,0.00000000
15180.000000,4.2166666667,1.3957222811,1.3570066842,1.2417387689,1.0510511290,0.7784588658,1.3957222811,0.00000000
15240.000000,4.2333333333,1.3913948645,1.3527956466,1.2378627423,1.0476861536,0.7756900368,1.3913948645,0.00000000
15300.000000,4.2500000000,1.3870848181,1.3486013600,1.2340017500,1.0443338302,0.7729310511,1.3870848181,0.00000000
15360.000000,4.2666666667,1.3827920529,1.3444237426,1.2301557308,1.0409941178,0.7701818903,1.3827920529,0.00000000
15420.000000,4.2833333333,1.3785164814,1.3402627130,1.2263246237,1.0376669757,0.7674425348,1.3785164814,0.00000000
15480.000000,4.3000000000,1.3742580168,1.3361181911,1.2225083681,1.0343523633,0.7647129638,1.3742580168,0.00000000
15540.000000,4.3166666667,1.3700165729,1.3319900973,1.2187069034,1.0310502401,0.7619931556,1.3700165729,0.00000000
15600.000000,4.3333333333,1.3657920647,1.3278783528,1.2149201692,1.0277605658,0.7592830876,1.3657920647,0.00000000
15660.000000,4.3500000000,1.3615844077,1.3237828796,1.2111481057,1.0244833000,0.7565827370,1.3615844077,0.00000000
15720.000000,4.3666666667,1.3573935183,1.3197036003,1.2073906529,1.0212184029,0.7538920801,1.3573935183,0.00000000
15780.000000,4.3833333333,1.3532193135,1.3156404385,1.2036477514,1.0179658342,0.7512110929,1.3532193135,0.00000000
15840.000000,4.4000000000,1.3490617111,1.3115933181,1.1999193419,1.0147255540,0.7485397510,1.3490617111,0.00000000
15900.000000,4.4166666667,1.3449206297,1.3075621640,1.1962053656,1.0114975225,0.7458780297,1.3449206297,0.00000000
15960.000000,4.4333333333,1.3407959887,1.3035469014,1.1925057638,1.0082816998,0.7432259040,1.3407959887,0.00000000
16020.000000,4.4500000000,1.3366877079,1.2995474565,1.1888204782,1.0050780460,0.7405833486,1.3366877079,0.00000000
16080.000000,4.4666666667,1.3325957083,1.2955637560,1.1851494508,1.0018865216,0.7379503378,1.3325957083,0.00000000
16140.000000,4.4833333333,1.3285199112,1.2915957270,1.1814926238,0.9987070867,0.7353268459,1.3285199112,0.00000000
16200.000000,4.5000000000,1.3244602389,1.2876432974,1.1778499398,0.9955397016,0.7327128469,1.3244602389,0.00000000
16260.000000,4.5166666667,1.3204166141,1.2837063958,1.1742213418,0.9923843267,0.7301083144,1.3204166141,0.00000000
16320.000000,4.5333333333,1.3163889605,1.2797849511,1.1706067730,0.9892409224,0.7275132220,1.3163889605,0.00000000
16380.000000,4.5500000000,1.3123772023,1.2758788930,1.1670061768,0.9861094491,0.7249275432,1.3123772023,0.00000000
16440.000000,4.5666666667,1.3083812643,1.2719881517,1.1634194971,0.9829898672,0.7223512511,1.3083812643,0.00000000
16500.000000,4.5833333333,1.3044010722,1.2681126579,1.1598466780,0.9798821372,0.7197843187,1.3044010722,0.00000000
16560.000000,4.6000000000,1.3004365520,1.2642523428,1.1562876640,0.9767862197,0.7172267190,1.3004365520,0.00000000
16620.000000,4.6166666667,1.2964876307,1.2604071384,1.1527423997,0.9737020750,0.7146784246,1.2964876307,0.00000000
16680.000000,4.6333333333,1.2925542356,1.2565769768,1.1492108302,0.9706296639,0.7121394082,1.2925542356,0.00000000
16740.000000,4.6500000000,1.2886362949,1.2527617911,1.1456929008,0.9675689469,0.7096096423,1.2886362949,0.00000000
16800.000000,4.6666666667,1.2847337372,1.2489615145,1.1421885570,0.9645198847,0.7070890992,1.2847337372,0.00000000
16860.000000,4.6833333333,1.2808464918,1.2451760810,1.1386977448,0.9614824380,0.7045777512,1.2808464918,0.00000000
16920.000000,4.7000000000,1.2769744884,1.2414054249,1.1352204103,0.9584565675,0.7020755703,1.2769744884,0.00000000
16980.000000,4.7166666667,1.2731176576,1.2376494811,1.1317565000,0.9554422341,0.6995825287,1.2731176576,0.00000000
17040.000000,4.7333333333,1.2692759303,1.2339081850,1.1283059606,0.9524393985,0.6970985982,1.2692759303,0.00000000
17100.000000,4.7500000000,1.2654492380,1.2301814723,1.1248687391,0.9494480217,0.6946237507,1.2654492380,0.00000000
17160.000000,4.7666666667,1.2616375129,1.2264692793,1.1214447827,0.9464680647,0.6921579580,1.2616375129,0.00000000
17220.000000,4.7833333333,1.2578406875,1.2227715429,1.1180340390,0.9434994883,0.6897011918,1.2578406875,0.00000000
17280.000000,4.8000000000,1.2540586949,1.2190882002,1.1146364559,0.9405422537,0.6872534236,1.2540586949,0.00000000
17340.000000,4.8166666667,1.2502914690,1.2154191888,1.1112519814,0.9375963220,0.6848146251,1.2502914690,0.00000000
17400.000000,4.8333333333,1.2465389438,1.2117644470,1.1078805637,0.9346616543,0.6823847677,1.2465389438,0.00000000
17460.000000,4.8500000000,1.2428010540,1.2081239131,1.1045221516,0.9317382119,0.6799638230,1.2428010540,0.00000000
17520.000000,4.8666666667,1.2390777348,1.2044975261,1.1011766939,0.9288259561,0.6775517622,1.2390777348,0.00000000
17580.000000,4.8833333333,1.2353689219,1.2008852255,1.0978441396,0.9259248482,0.6751485568,1.2353689219,0.00000000
17640.000000,4.9000000000,1.2316745515,1.1972869510,1.0945244382,0.9230348497,0.6727541781,1.2316745515,0.00000000
17700.000000,4.9166666667,1.2279945601,1.1937026428,1.0912175392,0.9201559221,0.6703685973,1.2279945601,0.00000000
17760.000000,4.9333333333,1.2243288848,1.1901322416,1.0879233924,0.9172880270,0.6679917857,1.2243288848,0.00000000
17820.000000,4.9500000000,1.2206774633,1.1865756883,1.0846419480,0.9144311259,0.6656237145,1.2206774633,0.00000000
17880.000000,4.9666666667,1.2170402335,1.1830329243,1.0813731563,0.9115851806,0.6632643549,1.2170402335,0.00000000
17940.000000,4.9833333333,1.2134171337,1.1795038914,1.0781169678,0.9087501529,0.6609136782,1.2134171337,0.00000000
18000.000000,5.0000000000,1.2098081031,1.1759885317,1.0748733334,0.9059260047,0.6585716554,1.2098081031,0.00000000
18060.000000,5.0166666667,1.2062130807,1.1724867878,1.0716422041,0.9031126979,0.6562382578,1.2062130807,0.00000000
18120.000000,5.0333333333,1.2026320064,1.1689986026,1.0684235311,0.9003101945,0.6539134564,1.2026320064,0.00000000
18180.000000,5.0500000000,1.1990648203,1.1655239194,1.0652172660,0.8975184567,0.6515972225,1.1990648203,0.00000000
18240.000000,5.0666666667,1.1955114630,1.1620626817,1.0620233605,0.8947374466,0.6492895272,1.1955114630,0.00000000
18300.000000,5.0833333333,1.1919718754,1.1586148336,1.0588417665,0.8919671265,0.6469903416,1.1919718754,0.00000000
18360.000000,5.1000000000,1.1884459990,1.1551803193,1.0556724362,0.8892074587,0.6446996370,1.1884459990,0.00000000
18420.000000,5.1166666667,1.1849337754,1.1517590836,1.0525153220,0.8864584058,0.6424173844,1.1849337754,0.00000000
18480.000000,5.1333333333,1.1814351468,1.1483510714,1.0493703765,0.8837199301,0.6401435551,1.1814351468,0.00000000
18540.000000,5.1500000000,1.1779500557,1.1449562281,1.0462375525,0.8809919944,0.6378781203,1.1779500557,0.00000000
18600.000000,5.1666666667,1.1744784451,1.1415744994,1.0431168031,0.8782745613,0.6356210512,1.1744784451,0.00000000
18660.000000,5.1833333333,1.1710202581,1.1382058312,1.0400080815,0.8755675937,0.6333723189,1.1710202581,0.00000000
18720.000000,5.2000000000,1.1675754385,1.1348501699,1.0369113412,0.8728710544,0.6311318949,1.1675754385,0.00000000
18780.000000,5.2166666667,1.1641439302,1.1315074620,1.0338265358,0.8701849063,0.6288997504,1.1641439302,0.00000000
18840.000000,5.2333333333,1.1607256776,1.1281776547,1.0307536193,0.8675091127,0.6266758567,1.1607256776,0.00000000
18900.000000,5.2500000000,1.1573206254,1.1248606950,1.0276925457,0.8648436365,0.6244601851,1.1573206254,0.00000000
18960.000000,5.2666666667,1.1539287186,1.1215565305,1.0246432694,0.8621884412,0.6222527070,1.1539287186,0.00000000
19020.000000,5.2833333333,1.1505499025,1.1182651092,1.0216057447,0.8595434899,0.6200533940,1.1505499025,0.00000000
19080.000000,5.3000000000,1.1471841229,1.1149863791,1.0185799265,0.8569087463,0.6178622173,1.1471841229,0.00000000
19140.000000,5.3166666667,1.1438313259,1.1117202887,1.0155657695,0.8542841738,0.6156791485,1.1438313259,0.00000000
19200.000000,5.3333333333,1.1404914578,1.1084667867,1.0125632289,0.8516697361,0.6135041592,1.1404914578,0.00000000
19260.000000,5.3500000000,1.1371644652,1.1052258221,1.0095722599,0.8490653968,0.6113372210,1.1371644652,0.00000000
19320.000000,5.3666666667,1.1338502952,1.1019973443,1.0065928181,0.8464711200,0.6091783054,1.1338502952,0.00000000
19380.000000,5.3833333333,1.1305488952,1.0987813028,1.0036248591,0.8438868694,0.6070273842,1.1305488952,0.00000000
19440.000000,5.4000000000,1.1272602126,1.0955776474,1.0006683387,0.8413126092,0.6048844290,1.1272602126,0.00000000
19500.000000,5.4166666667,1.1239841955,1.0923863283,0.9977232130,0.8387483034,0.6027494116,1.1239841955,0.00000000
19560.000000,5.4333333333,1.1207207920,1.0892072958,0.9947894383,0.8361939163,0.6006223040,1.1207207920,0.00000000
19620.000000,5.4500000000,1.1174699506,1.0860405007,0.9918669709,0.8336494124,0.5985030779,1.1174699506,0.00000000
19680.000000,5.4666666667,1.1142316203,1.0828858937,0.9889557675,0.8311147559,0.5963917052,1.1142316203,0.00000000
19740.000000,5.4833333333,1.1110057500,1.0797434261,0.9860557848,0.8285899114,0.5942881581,1.1110057500,0.00000000
19800.000000,5.5000000000,1.1077922892,1.0766130493,0.9831669799,0.8260748437,0.5921924085,1.1077922892,0.00000000
19860.000000,5.5166666667,1.1045911875,1.0734947150,0.9802893098,0.8235695175,0.5901044286,1.1045911875,0.00000000
19920.000000,5.5333333333,1.1014023948,1.0703883750,0.9774227319,0.8210738975,0.5880241904,1.1014023948,0.00000000
19980.000000,5.5500000000,1.0982258614,1.0672939816,0.9745672038,0.8185879488,0.5859516663,1.0982258614,0.00000000
20040.000000,5.5666666667,1.0950615377,1.0642114872,0.9717226830,0.8161116365,0.5838868286,1.0950615377,0.00000000
20100.000000,5.5833333333,1.0919093744,1.0611408443,0.9688891275,0.8136449257,0.5818296495,1.0919093744,0.00000000
20160.000000,5.6000000000,1.0887693227,1.0580820060,0.9660664953,0.8111877817,0.5797801016,1.0887693227,0.00000000
20220.000000,5.6166666667,1.0856413336,1.0550349253,0.9632547446,0.8087401699,0.5777381573,1.0856413336,0.00000000
20280.000000,5.6333333333,1.0825253589,1.0519995556,0.9604538339,0.8063020558,0.5757037892,1.0825253589,0.00000000
20340.000000,5.6500000000,1.0794213502,1.0489758505,0.9576637215,0.8038734050,0.5736769699,1.0794213502,0.00000000
20400.000000,5.6666666667,1.0763292595,1.0459637637,0.9548843663,0.8014541831,0.5716576721,1.0763292595,0.00000000
20460.000000,5.6833333333,1.0732490392,1.0429632493,0.9521157272,0.7990443560,0.5696458686,1.0732490392,0.00000000
20520.000000,5.7000000000,1.0701806418,1.0399742617,0.9493577632,0.7966438896,0.5676415321,1.0701806418,0.00000000
20580.000000,5.7166666667,1.0671240200,1.0369967552,0.9466104335,0.7942527499,0.5656446357,1.0671240200,0.00000000
20640.000000,5.7333333333,1.0640791268,1.0340306845,0.9438736976,0.7918709030,0.5636551523,1.0640791268,0.00000000
20700.000000,5.7500000000,1.0610459155,1.0310760047,0.9411475149,0.7894983153,0.5616730549,1.0610459155,0.00000000
20760.000000,5.7666666667,1.0580243395,1.0281326707,0.9384318453,0.7871349529,0.5596983166,1.0580243395,0.00000000
20820.000000,5.7833333333,1.0550143525,1.0252006380,0.9357266485,0.7847807825,0.5577309107,1.0550143525,0.00000000
20880.000000,5.8000000000,1.0520159085,1.0222798622,0.9330318846,0.7824357705,0.5557708105,1.0520159085,0.00000000
20940.000000,5.8166666667,1.0490289617,1.0193702988,0.9303475139,0.7800998836,0.5538179892,1.0490289617,0.00000000
21000.000000,5.8333333333,1.0460534664,1.0164719040,0.9276734966,0.7777730885,0.5518724204,1.0460534664,0.00000000
21060.000000,5.8500000000,1.0430893772,1.0135846340,0.9250097934,0.7754553523,0.5499340775,1.0430893772,0.00000000
21120.000000,5.8666666667,1.0401366489,1.0107084449,0.9223563648,0.7731466418,0.5480029341,1.0401366489,0.00000000
21180.000000,5.8833333333,1.0371952367,1.0078432935,0.9197131717,0.7708469241,0.5460789638,1.0371952367,0.00000000
21240.000000,5.9000000000,1.0342650957,1.0049891366,0.9170801751,0.7685561665,0.5441621404,1.0342650957,0.00000000
21300.000000,5.9166666667,1.0313461814,1.0021459310,0.9144573362,0.7662743362,0.5422524378,1.0313461814,0.00000000
21360.000000,5.9333333333,1.0284384495,0.9993136339,0.9118446161,0.7640014007,0.5403498297,1.0284384495,0.00000000
21420.000000,5.9500000000,1.0255418558,0.9964922027,0.9092419765,0.7617373276,0.5384542903,1.0255418558,0.00000000
21480.000000,5.9666666667,1.0226563566,0.9936815950,0.9066493788,0.7594820844,0.5365657934,1.0226563566,0.00000000
21540.000000,5.9833333333,1.0197819080,0.9908817684,0.9040667848,0.7572356388,0.5346843133,1.0197819080,0.00000000
21600.000000,6.0000000000,1.0169184666,0.9880926808,0.9014941565,0.7549979588,0.5328098242,1.0169184666,0.00000000
21660.000000,6.0166666667,1.0140659892,0.9853142905,0.8989314559,0.7527690124,0.5309423004,1.0140659892,0.00000000
21720.000000,6.0333333333,1.0112244325,0.9825465557,0.8963786451,0.7505487674,0.5290817162,1.0112244325,0.00000000
21780.000000,6.0500000000,1.0083937536,0.9797894347,0.8938356865,0.7483371923,0.5272280462,1.0083937536,0.00000000
21840.000000,6.0666666667,1.0055739100,0.9770428864,0.8913025426,0.7461342551,0.5253812647,1.0055739100,0.00000000
21900.000000,6.0833333333,1.0027648590,0.9743068696,0.8887791761,0.7439399243,0.5235413466,1.0027648590,0.00000000
21960.000000,6.1000000000,0.9999665584,0.9715813432,0.8862655497,0.7417541684,0.5217082664,0.9999665584,0.00000000
22020.000000,6.1166666667,0.9971789660,0.9688662664,0.8837616264,0.7395769561,0.5198819990,0.9971789660,0.00000000
22080.000000,6.1333333333,0.9944020399,0.9661615987,0.8812673692,0.7374082559,0.5180625192,0.9944020399,0.00000000
22140.000000,6.1500000000,0.9916357384,0.9634672995,0.8787827413,0.7352480368,0.5162498020,0.9916357384,0.00000000
22200.000000,6.1666666667,0.9888800197,0.9607833286,0.8763077061,0.7330962675,0.5144438224,0.9888800197,0.00000000
22260.000000,6.1833333333,0.9861348427,0.9581096458,0.8738422271,0.7309529173,0.5126445555,0.9861348427,0.00000000
22320.000000,6.2000000000,0.9834001660,0.9554462112,0.8713862680,0.7288179551,0.5108519766,0.9834001660,0.00000000
22380.000000,6.2166666667,0.9806759486,0.9527929851,0.8689397924,0.7266913503,0.5090660608,0.9806759486,0.00000000
22440.000000,6.2333333333,0.9779621497,0.9501499278,0.8665027644,0.7245730722,0.5072867837,0.9779621497,0.00000000
22500.000000,6.2500000000,0.9752587287,0.9475169999,0.8640751480,0.7224630902,0.5055141206,0.9752587287,0.00000000
22560.000000,6.2666666667,0.9725656450,0.9448941621,0.8616569073,0.7203613738,0.5037480471,0.9725656450,0.00000000
22620.000000,6.2833333333,0.9698828583,0.9422813754,0.8592480067,0.7182678928,0.5019885388,0.9698828583,0.00000000
22680.000000,6.3000000000,0.9672103285,0.9396786006,0.8568484107,0.7161826169,0.5002355713,0.9672103285,0.00000000
22740.000000,6.3166666667,0.9645480156,0.9370857992,0.8544580839,0.7141055160,0.4984891206,0.9645480156,0.00000000
22800.000000,6.3333333333,0.9618958798,0.9345029323,0.8520769909,0.7120365601,0.4967491624,0.9618958798,0.00000000
22860.000000,6.3500000000,0.9592538815,0.9319299617,0.8497050968,0.7099757191,0.4950156727,0.9592538815,0.00000000
22920.000000,6.3666666667,0.9566219811,0.9293668490,0.8473423664,0.7079229634,0.4932886276,0.9566219811,0.00000000
22980.000000,6.3833333333,0.9540001396,0.9268135559,0.8449887649,0.7058782631,0.4915680031,0.9540001396,0.00000000
23040.000000,6.4000000000,0.9513883175,0.9242700446,0.8426442576,0.7038415888,0.4898537755,0.9513883175,0.00000000
23100.000000,6.4166666667,0.9487864762,0.9217362772,0.8403088099,0.7018129108,0.4881459211,0.9487864762,0.00000000
23160.000000,6.4333333333,0.9461945766,0.9192122160,0.8379823873,0.6997921997,0.4864444163,0.9461945766,0.00000000
23220.000000,6.4500000000,0.9436125802,0.9166978235,0.8356649555,0.6977794264,0.4847492374,0.9436125802,0.00000000
23280.000000,6.4666666667,0.9410404485,0.9141930622,0.8333564802,0.6957745615,0.4830603611,0.9410404485,0.00000000
23340.000000,6.4833333333,0.9384781432,0.9116978951,0.8310569275,0.6937775759,0.4813777640,0.9384781432,0.00000000
23400.000000,6.5000000000,0.9359256261,0.9092122849,0.8287662632,0.6917884407,0.4797014228,0.9359256261,0.00000000
23460.000000,6.5166666667,0.9333828593,0.9067361949,0.8264844537,0.6898071270,0.4780313143,0.9333828593,0.00000000
23520.000000,6.5333333333,0.9308498048,0.9042695881,0.8242114653,0.6878336060,0.4763674153,0.9308498048,0.00000000
23580.000000,6.5500000000,0.9283264249,0.9018124280,0.8219472642,0.6858678490,0.4747097029,0.9283264249,0.00000000
23640.000000,6.5666666667,0.9258126823,0.8993646780,0.8196918172,0.6839098273,0.4730581541,0.9258126823,0.00000000
23700.000000,6.5833333333,0.9233085394,0.8969263020,0.8174450909,0.6819595126,0.4714127460,0.9233085394,0.00000000
23760.000000,6.6000000000,0.9208139590,0.8944972635,0.8152070521,0.6800168764,0.4697734558,0.9208139590,0.00000000
23820.000000,6.6166666667,0.9183289040,0.8920775267,0.8129776678,0.6780818904,0.4681402608,0.9183289040,0.00000000
23880.000000,6.6333333333,0.9158533376,0.8896670555,0.8107569049,0.6761545264,0.4665131385,0.9158533376,0.00000000
23940.000000,6.6500000000,0.9133872230,0.8872658143,0.8085447307,0.6742347564,0.4648920662,0.9133872230,0.00000000
24000.000000,6.6666666667,0.9109305234,0.8848737674,0.8063411124,0.6723225523,0.4632770215,0.9109305234,0.00000000
24060.000000,6.6833333333,0.9084832025,0.8824908793,0.8041460176,0.6704178863,0.4616679822,0.9084832025,0.00000000
24120.000000,6.7000000000,0.9060452239,0.8801171147,0.8019594137,0.6685207305,0.4600649258,0.9060452239,0.00000000
24180.000000,6.7166666667,0.9036165513,0.8777524384,0.7997812684,0.6666310573,0.4584678301,0.9036165513,0.00000000
24240.000000,6.7333333333,0.9011971489,0.8753968153,0.7976115495,0.6647488391,0.4568766731,0.9011971489,0.00000000
24300.000000,6.7500000000,0.8987869806,0.8730502105,0.7954502250,0.6628740483,0.4552914328,0.8987869806,0.00000000
24360.000000,6.7666666667,0.8963860106,0.8707125892,0.7932972627,0.6610066576,0.4537120871,0.8963860106,0.00000000
24420.000000,6.7833333333,0.8939942035,0.8683839167,0.7911526310,0.6591466396,0.4521386142,0.8939942035,0.00000000
24480.000000,6.8000000000,0.8916115237,0.8660641586,0.7890162979,0.6572939672,0.4505709923,0.8916115237,0.00000000
24540.000000,6.8166666667,0.8892379359,0.8637532804,0.7868882320,0.6554486132,0.4490091997,0.8892379359,0.00000000
24600.000000,6.8333333333,0.8868734048,0.8614512479,0.7847684017,0.6536105505,0.4474532148,0.8868734048,0.00000000
24660.000000,6.8500000000,0.8845178955,0.8591580270,0.7826567757,0.6517797524,0.4459030160,0.8845178955,0.00000000
24720.000000,6.8666666667,0.8821713730,0.8568735837,0.7805533226,0.6499561919,0.4443585819,0.8821713730,0.00000000
24780.000000,6.8833333333,0.8798338025,0.8545978841,0.7784580113,0.6481398423,0.4428198911,0.8798338025,0.00000000
24840.000000,6.9000000000,0.8775051494,0.8523308945,0.7763708108,0.6463306770,0.4412869223,0.8775051494,0.00000000
24900.000000,6.9166666667,0.8751853792,0.8500725813,0.7742916902,0.6445286694,0.4397596543,0.8751853792,0.00000000
24960.000000,6.9333333333,0.8728744575,0.8478229111,0.7722206186,0.6427337930,0.4382380659,0.8728744575,0.00000000
25020.000000,6.9500000000,0.8705723501,0.8455818506,0.7701575654,0.6409460216,0.4367221361,0.8705723501,0.00000000
25080.000000,6.9666666667,0.8682790229,0.8433493664,0.7681024999,0.6391653289,0.4352118440,0.8682790229,0.00000000
25140.000000,6.9833333333,0.8659944419,0.8411254256,0.7660553917,0.6373916886,0.4337071685,0.8659944419,0.00000000
25200.000000,7.0000000000,0.8637185733,0.8389099952,0.7640162105,0.6356250748,0.4322080891,0.8637185733,0.00000000
25260.000000,7.0166666667,0.8614513833,0.8367030423,0.7619849260,0.6338654613,0.4307145847,0.8614513833,0.00000000
25320.000000,7.0333333333,0.8591928384,0.8345045343,0.7599615080,0.6321128224,0.4292266350,0.8591928384,0.00000000
25380.000000,7.0500000000,0.8569429052,0.8323144386,0.7579459266,0.6303671322,0.4277442192,0.8569429052,0.00000000
25440.000000,7.0666666667,0.8547015503,0.8301327228,0.7559381518,0.6286283650,0.4262673169,0.8547015503,0.00000000
25500.000000,7.0833333333,0.8524687406,0.8279593545,0.7539381539,0.6268964953,0.4247959077,0.8524687406,0.00000000
25560.000000,7.1000000000,0.8502444429,0.8257943014,0.7519459031,0.6251714973,0.4233299712,0.8502444429,0.00000000
25620.000000,7.1166666667,0.8480286244,0.8236375316,0.7499613698,0.6234533458,0.4218694871,0.8480286244,0.00000000
25680.000000,7.1333333333,0.8458212523,0.8214890131,0.7479845246,0.6217420153,0.4204144354,0.8458212523,0.00000000
25740.000000,7.1500000000,0.8436222938,0.8193487141,0.7460153381,0.6200374807,0.4189647960,0.8436222938,0.00000000
25800.000000,7.1666666667,0.8414317165,0.8172166027,0.7440537811,0.6183397167,0.4175205487,0.8414317165,0.00000000
25860.000000,7.1833333333,0.8392494879,0.8150926475,0.7420998244,0.6166486982,0.4160816737,0.8392494879,0.00000000
25920.000000,7.2000000000,0.8370755757,0.8129768169,0.7401534389,0.6149644003,0.4146481511,0.8370755757,0.00000000
25980.000000,7.2166666667,0.8349099477,0.8108690797,0.7382145957,0.6132867981,0.4132199612,0.8349099477,0.00000000
26040.000000,7.2333333333,0.8327525719,0.8087694045,0.7362832660,0.6116158667,0.4117970841,0.8327525719,0.00000000
26100.000000,7.2500000000,0.8306034164,0.8066777602,0.7343594211,0.6099515814,0.4103795004,0.8306034164,0.00000000
26160.000000,7.2666666667,0.8284624492,0.8045941159,0.7324430323,0.6082939176,0.4089671905,0.8284624492,0.00000000
26220.000000,7.2833333333,0.8263296389,0.8025184406,0.7305340710,0.6066428507,0.4075601348,0.8263296389,0.00000000
26280.000000,7.3000000000,0.8242049536,0.8004507037,0.7286325090,0.6049983562,0.4061583141,0.8242049536,0.00000000
26340.000000,7.3166666667,0.8220883622,0.7983908743,0.7267383178,0.6033604098,0.4047617089,0.8220883622,0.00000000
26400.000000,7.3333333333,0.8199798331,0.7963389220,0.7248514693,0.6017289871,0.4033703001,0.8199798331,0.00000000
26460.000000,7.3500000000,0.8178793352,0.7942948165,0.7229719354,0.6001040640,0.4019840685,0.8178793352,0.00000000
26520.000000,7.3666666667,0.8157868374,0.7922585272,0.7210996881,0.5984856163,0.4006029950,0.8157868374,0.00000000
26580.000000,7.3833333333,0.8137023087,0.7902300242,0.7192346993,0.5968736199,0.3992270606,0.8137023087,0.00000000
26640.000000,7.4000000000,0.8116257184,0.7882092772,0.7173769415,0.5952680510,0.3978562463,0.8116257184,0.00000000
26700.000000,7.4166666667,0.8095570355,0.7861962564,0.7155263868,0.5936688857,0.3964905334,0.8095570355,0.00000000
26760.000000,7.4333333333,0.8074962296,0.7841909318,0.7136830076,0.5920761001,0.3951299030,0.8074962296,0.00000000
26820.000000,7.4500000000,0.8054432701,0.7821932737,0.7118467766,0.5904896705,0.3937743365,0.8054432701,0.00000000
26880.000000,7.4666666667,0.8033981266,0.7802032525,0.7100176662,0.5889095734,0.3924238151,0.8033981266,0.00000000
26940.000000,7.4833333333,0.8013607689,0.7782208387,0.7081956491,0.5873357851,0.3910783204,0.8013607689,0.00000000
27000.000000,7.5000000000,0.7993311667,0.7762460028,0.7063806982,0.5857682823,0.3897378339,0.7993311667,0.00000000
27060.000000,7.5166666667,0.7973092901,0.7742787156,0.7045727864,0.5842070415,0.3884023371,0.7973092901,0.00000000
27120.000000,7.5333333333,0.7952951091,0.7723189479,0.7027718866,0.5826520395,0.3870718118,0.7952951091,0.00000000
27180.000000,7.5500000000,0.7932885939,0.7703666705,0.7009779720,0.5811032531,0.3857462397,0.7932885939,0.00000000
27240.000000,7.5666666667,0.7912897148,0.7684218545,0.6991910157,0.5795606590,0.3844256025,0.7912897148,0.00000000
27300.000000,7.5833333333,0.7892984421,0.7664844710,0.6974109911,0.5780242343,0.3831098823,0.7892984421,0.00000000
27360.000000,7.6000000000,0.7873147464,0.7645544914,0.6956378715,0.5764939560,0.3817990609,0.7873147464,0.00000000
27420.000000,7.6166666667,0.7853385984,0.7626318868,0.6938716304,0.5749698012,0.3804931204,0.7853385984,0.00000000
27480.000000,7.6333333333,0.7833699687,0.7607166288,0.6921122414,0.5734517471,0.3791920429,0.7833699687,0.00000000
27540.000000,7.6500000000,0.7814088283,0.7588086889,0.6903596781,0.5719397710,0.3778958106,0.7814088283,0.00000000
27600.000000,7.6666666667,0.7794551479,0.7569080389,0.6886139144,0.5704338501,0.3766044058,0.7794551479,0.00000000
27660.000000,7.6833333333,0.7775088989,0.7550146504,0.6868749240,0.5689339620,0.3753178108,0.7775088989,0.00000000
27720.000000,7.7000000000,0.7755700522,0.7531284953,0.6851426810,0.5674400842,0.3740360080,0.7755700522,0.00000000
27780.000000,7.7166666667,0.7736385791,0.7512495457,0.6834171594,0.5659521941,0.3727589798,0.7736385791,0.00000000
27840.000000,7.7333333333,0.7717144512,0.7493777736,0.6816983333,0.5644702695,0.3714867089,0.7717144512,0.00000000
27900.000000,7.7500000000,0.7697976398,0.7475131512,0.6799861770,0.5629942882,0.3702191779,0.7697976398,0.00000000
27960.000000,7.7666666667,0.7678881165,0.7456556507,0.6782806649,0.5615242279,0.3689563693,0.7678881165,0.00000000
28020.000000,7.7833333333,0.7659858531,0.7438052447,0.6765817712,0.5600600665,0.3676982661,0.7659858531,0.00000000
28080.000000,7.8000000000,0.7640908214,0.7419619055,0.6748894706,0.5586017820,0.3664448510,0.7640908214,0.00000000
28140.000000,7.8166666667,0.7622029934,0.7401256058,0.6732037377,0.5571493525,0.3651961070,0.7622029934,0.00000000
28200.000000,7.8333333333,0.7603223409,0.7382963183,0.6715245471,0.5557027560,0.3639520170,0.7603223409,0.00000000
28260.000000,7.8500000000,0.7584488361,0.7364740157,0.6698518737,0.5542619708,0.3627125640,0.7584488361,0.00000000
28320.000000,7.8666666667,0.7565824514,0.7346586710,0.6681856923,0.5528269751,0.3614777313,0.7565824514,0.00000000
28380.000000,7.8833333333,0.7547231590,0.7328502572,0.6665259779,0.5513977473,0.3602475019,0.7547231590,0.00000000
28440.000000,7.9000000000,0.7528709313,0.7310487474,0.6648727056,0.5499742658,0.3590218592,0.7528709313,0.00000000
28500.000000,7.9166666667,0.7510257409,0.7292541148,0.6632258505,0.5485565091,0.3578007864,0.7510257409,0.00000000
28560.000000,7.9333333333,0.7491875605,0.7274663326,0.6615853878,0.5471444557,0.3565842670,0.7491875605,0.00000000
28620.000000,7.9500000000,0.7473563627,0.7256853743,0.6599512930,0.5457380844,0.3553722845,0.7473563627,0.00000000
28680.000000,7.9666666667,0.7455321205,0.7239112133,0.6583235413,0.5443373737,0.3541648223,0.7455321205,0.00000000
28740.000000,7.9833333333,0.7437148068,0.7221438233,0.6567021083,0.5429423026,0.3529618641,0.7437148068,0.00000000
28800.000000,8.0000000000,0.7419043946,0.7203831780,0.6550869696,0.5415528498,0.3517633935,0.7419043946,0.00000000
28860.000000,8.0166666667,0.7401008570,0.7186292511,0.6534781009,0.5401689943,0.3505693944,0.7401008570,0.00000000
28920.000000,8.0333333333,0.7383041674,0.7168820165,0.6518754780,0.5387907152,0.3493798504,0.7383041674,0.00000000
28980.000000,8.0500000000,0.7365142991,0.7151414483,0.6502790766,0.5374179914,0.3481947456,0.7365142991,0.00000000
29040.000000,8.0666666667,0.7347312255,0.7134075204,0.6486888728,0.5360508021,0.3470140638,0.7347312255,0.00000000
29100.000000,8.0833333333,0.7329549201,0.7116802070,0.6471048426,0.5346891266,0.3458377890,0.7329549201,0.00000000
29160.000000,8.1000000000,0.7311853567,0.7099594825,0.6455269620,0.5333329442,0.3446659054,0.7311853567,0.00000000
29220.000000,8.1166666667,0.7294225089,0.7082453211,0.6439552074,0.5319822341,0.3434983971,0.7294225089,0.00000000
29280.000000,8.1333333333,0.7276663506,0.7065376974,0.6423895549,0.5306369758,0.3423352483,0.7276663506,0.00000000
29340.000000,8.1500000000,0.7259168557,0.7048365859,0.6408299809,0.5292971489,0.3411764433,0.7259168557,0.00000000
29400.000000,8.1666666667,0.7241739983,0.7031419612,0.6392764619,0.5279627329,0.3400219665,0.7241739983,0.00000000
29460.000000,8.1833333333,0.7224377524,0.7014537981,0.6377289745,0.5266337074,0.3388718022,0.7224377524,0.00000000
29520.000000,8.2000000000,0.7207080924,0.6997720713,0.6361874952,0.5253100522,0.3377259350,0.7207080924,0.00000000
29580.000000,8.2166666667,0.7189849925,0.6980967559,0.6346520008,0.5239917470,0.3365843494,0.7189849925,0.00000000
29640.000000,8.2333333333,0.7172684271,0.6964278268,0.6331224680,0.5226787717,0.3354470300,0.7172684271,0.00000000
29700.000000,8.2500000000,0.7155583708,0.6947652592,0.6315988737,0.5213711061,0.3343139616,0.7155583708,0.00000000
29760.000000,8.2666666667,0.7138547982,0.6931090282,0.6300811949,0.5200687303,0.3331851288,0.7138547982,0.00000000
29820.000000,8.2833333333,0.7121576839,0.6914591091,0.6285694086,0.5187716243,0.3320605165,0.7121576839,0.00000000
29880.000000,8.3000000000,0.7104670028,0.6898154773,0.6270634919,0.5174797682,0.3309401095,0.7104670028,0.00000000
29940.000000,8.3166666667,0.7087827297,0.6881781083,0.6255634221,0.5161931423,0.3298238929,0.7087827297,0.00000000
30000.000000,8.3333333333,0.7071048396,0.6865469776,0.6240691763,0.5149117267,0.3287118515,0.7071048396,0.00000000
30060.000000,8.3500000000,0.7054333076,0.6849220609,0.6225807320,0.5136355017,0.3276039706,0.7054333076,0.00000000
30120.000000,8.3666666667,0.7037681089,0.6833033339,0.6210980666,0.5123644478,0.3265002352,0.7037681089,0.00000000
30180.000000,8.3833333333,0.7021092187,0.6816907725,0.6196211577,0.5110985454,0.3254006305,0.7021092187,0.00000000
30240.000000,8.4000000000,0.7004566123,0.6800843526,0.6181499828,0.5098377750,0.3243051418,0.7004566123,0.00000000
30300.000000,8.4166666667,0.6988102652,0.6784840501,0.6166845196,0.5085821171,0.3232137545,0.6988102652,0.00000000
30360.000000,8.4333333333,0.6971701530,0.6768898412,0.6152247459,0.5073315525,0.3221264538,0.6971701530,0.00000000
30420.000000,8.4500000000,0.6955362511,0.6753017020,0.6137706395,0.5060860618,0.3210432254,0.6955362511,0.00000000
30480.000000,8.4666666667,0.6939085355,0.6737196089,0.6123221783,0.5048456258,0.3199640547,0.6939085355,0.00000000
30540.000000,8.4833333333,0.6922869817,0.6721435381,0.6108793404,0.5036102254,0.3188889273,0.6922869817,0.00000000
30600.000000,8.5000000000,0.6906715658,0.6705734661,0.6094421039,0.5023798413,0.3178178288,0.6906715658,0.00000000
30660.000000,8.5166666667,0.6890622638,0.6690093695,0.6080104468,0.5011544547,0.3167507450,0.6890622638,0.00000000
30720.000000,8.5333333333,0.6874590516,0.6674512248,0.6065843474,0.4999340464,0.3156876616,0.6874590516,0.00000000
30780.000000,8.5500000000,0.6858619054,0.6658990088,0.6051637840,0.4987185977,0.3146285645,0.6858619054,0.00000000
30840.000000,8.5666666667,0.6842708015,0.6643526983,0.6037487350,0.4975080896,0.3135734395,0.6842708015,0.00000000
30900.000000,8.5833333333,0.6826857163,0.6628122700,0.6023391789,0.4963025033,0.3125222726,0.6826857163,0.00000000
30960.000000,8.6000000000,0.6811066261,0.6612777011,0.6009350943,0.4951018202,0.3114750499,0.6811066261,0.00000000
31020.000000,8.6166666667,0.6795335074,0.6597489684,0.5995364596,0.4939060216,0.3104317575,0.6795335074,0.00000000
31080.000000,8.6333333333,0.6779663368,0.6582260491,0.5981432537,0.4927150888,0.3093923814,0.6779663368,0.00000000
31140.000000,8.6500000000,0.6764050911,0.6567089206,0.5967554553,0.4915290033,0.3083569078,0.6764050911,0.00000000
31200.000000,8.6666666667,0.6748497469,0.6551975599,0.5953730432,0.4903477467,0.3073253231,0.6748497469,0.00000000
31260.000000,8.6833333333,0.6733002811,0.6536919445,0.5939959964,0.4891713004,0.3062976136,0.6733002811,0.00000000
31320.000000,8.7000000000,0.6717566708,0.6521920520,0.5926242938,0.4879996463,0.3052737657,0.6717566708,0.00000000
31380.000000,8.7166666667,0.6702188928,0.6506978597,0.5912579146,0.4868327658,0.3042537657,0.6702188928,0.00000000
31440.000000,8.7333333333,0.6686869243,0.6492093453,0.5898968378,0.4856706409,0.3032376002,0.6686869243,0.00000000
31500.000000,8.7500000000,0.6671607424,0.6477264866,0.5885410427,0.4845132534,0.3022252559,0.6671607424,0.00000000
31560.000000,8.7666666667,0.6656403246,0.6462492613,0.5871905086,0.4833605850,0.3012167192,0.6656403246,0.00000000
31620.000000,8.7833333333,0.6641256480,0.6447776473,0.5858452149,0.4822126178,0.3002119769,0.6641256480,0.00000000
31680.000000,8.8000000000,0.6626166902,0.6433116225,0.5845051409,0.4810693337,0.2992110158,0.6626166902,0.00000000
31740.000000,8.8166666667,0.6611134287,0.6418511650,0.5831702662,0.4799307148,0.2982138226,0.6611134287,0.00000000
31800.000000,8.8333333333,0.6596158411,0.6403962529,0.5818405704,0.4787967433,0.2972203843,0.6596158411,0.00000000
31860.000000,8.8500000000,0.6581239051,0.6389468643,0.5805160331,0.4776674012,0.2962306876,0.6581239051,0.00000000
31920.000000,8.8666666667,0.6566375985,0.6375029776,0.5791966341,0.4765426708,0.2952447197,0.6566375985,0.00000000
31980.000000,8.8833333333,0.6551568991,0.6360645711,0.5778823532,0.4754225344,0.2942624676,0.6551568991,0.00000000
32040.000000,8.9000000000,0.6536817848,0.6346316232,0.5765731701,0.4743069744,0.2932839183,0.6536817848,0.00000000
32100.000000,8.9166666667,0.6522122337,0.6332041124,0.5752690650,0.4731959731,0.2923090590,0.6522122337,0.00000000
32160.000000,8.9333333333,0.6507482240,0.6317820173,0.5739700178,0.4720895129,0.2913378769,0.6507482240,0.00000000
32220.000000,8.9500000000,0.6492897336,0.6303653166,0.5726760085,0.4709875765,0.2903703594,0.6492897336,0.00000000
32280.000000,8.9666666667,0.6478367410,0.6289539890,0.5713870174,0.4698901464,0.2894064936,0.6478367410,0.00000000
32340.000000,8.9833333333,0.6463892245,0.6275480134,0.5701030246,0.4687972052,0.2884462671,0.6463892245,0.00000000
32400.000000,9.0000000000,0.6449471625,0.6261473686,0.5688240105,0.4677087356,0.2874896672,0.6449471625,0.00000000
32460.000000,9.0166666667,0.6435105335,0.6247520336,0.5675499555,0.4666247202,0.2865366815,0.6435105335,0.00000000
32520.000000,9.0333333333,0.6420793160,0.6233619875,0.5662808399,0.4655451421,0.2855872975,0.6420793160,0.00000000
32580.000000,9.0500000000,0.6406534889,0.6219772094,0.5650166442,0.4644699838,0.2846415029,0.6406534889,0.00000000
32640.000000,9.0666666667,0.6392330307,0.6205976785,0.5637573491,0.4633992285,0.2836992852,0.6392330307,0.00000000
32700.000000,9.0833333333,0.6378179203,0.6192233741,0.5625029352,0.4623328589,0.2827606323,0.6378179203,0.00000000
32760.000000,9.1000000000,0.6364081366,0.6178542756,0.5612533832,0.4612708582,0.2818255318,0.6364081366,0.00000000
32820.000000,9.1166666667,0.6350036586,0.6164903623,0.5600086739,0.4602132094,0.2808939717,0.6350036586,0.00000000
32880.000000,9.1333333333,0.6336044653,0.6151316139,0.5587687881,0.4591598957,0.2799659399,0.6336044653,0.00000000
32940.000000,9.1500000000,0.6322105359,0.6137780098,0.5575337067,0.4581109001,0.2790414242,0.6322105359,0.00000000
33000.000000,9.1666666667,0.6308218495,0.6124295298,0.5563034108,0.4570662059,0.2781204127,0.6308218495,0.00000000
33060.000000,9.1833333333,0.6294383856,0.6110861536,0.5550778814,0.4560257965,0.2772028934,0.6294383856,0.00000000
33120.000000,9.2000000000,0.6280601233,0.6097478609,0.5538570995,0.4549896551,0.2762888545,0.6280601233,0.00000000
33180.000000,9.2166666667,0.6266870422,0.6084146318,0.5526410465,0.4539577651,0.2753782842,0.6266870422,0.00000000
33240.000000,9.2333333333,0.6253191218,0.6070864460,0.5514297035,0.4529301100,0.2744711705,0.6253191218,0.00000000
33300.000000,9.2500000000,0.6239563417,0.6057632838,0.5502230518,0.4519066732,0.2735675019,0.6239563417,0.00000000
33360.000000,9.2666666667,0.6225986815,0.6044451251,0.5490210729,0.4508874383,0.2726672666,0.6225986815,0.00000000
33420.000000,9.2833333333,0.6212461209,0.6031319502,0.5478237482,0.4498723890,0.2717704530,0.6212461209,0.00000000
33480.000000,9.3000000000,0.6198986399,0.6018237392,0.5466310592,0.4488615087,0.2708770496,0.6198986399,0.00000000
33540.000000,9.3166666667,0.6185562183,0.6005204726,0.5454429875,0.4478547813,0.2699870449,0.6185562183,0.00000000
33600.000000,9.3333333333,0.6172188359,0.5992221307,0.5442595147,0.4468521905,0.2691004273,0.6172188359,0.00000000
33660.000000,9.3500000000,0.6158864730,0.5979286940,0.5430806226,0.4458537201,0.2682171855,0.6158864730,0.00000000
33720.000000,9.3666666667,0.6145591096,0.5966401430,0.5419062929,0.4448593539,0.2673373081,0.6145591096,0.00000000
33780.000000,9.3833333333,0.6132367259,0.5953564583,0.5407365075,0.4438690759,0.2664607839,0.6132367259,0.00000000
33840.000000,9.4000000000,0.6119193021,0.5940776207,0.5395712483,0.4428828700,0.2655876015,0.6119193021,0.00000000
33900.000000,9.4166666667,0.6106068187,0.5928036108,0.5384104972,0.4419007202,0.2647177499,0.6106068187,0.00000000
33960.000000,9.4333333333,0.6092992559,0.5915344095,0.5372542364,0.4409226105,0.2638512177,0.6092992559,0.00000000
34020.000000,9.4500000000,0.6079965943,0.5902699977,0.5361024478,0.4399485251,0.2629879940,0.6079965943,0.00000000
34080.000000,9.4666666667,0.6066988144,0.5890103564,0.5349551136,0.4389784481,0.2621280678,0.6066988144,0.00000000
34140.000000,9.4833333333,0.6054058969,0.5877554665,0.5338122162,0.4380123637,0.2612714279,0.6054058969,0.00000000
34200.000000,9.5000000000,0.6041178224,0.5865053093,0.5326737377,0.4370502562,0.2604180635,0.6041178224,0.00000000
34260.000000,9.5166666667,0.6028345718,0.5852598658,0.5315396605,0.4360921099,0.2595679636,0.6028345718,0.00000000
34320.000000,9.5333333333,0.6015561258,0.5840191173,0.5304099671,0.4351379091,0.2587211175,0.6015561258,0.00000000
34380.000000,9.5500000000,0.6002824653,0.5827830451,0.5292846398,0.4341876382,0.2578775144,0.6002824653,0.00000000
34440.000000,9.5666666667,0.5990135715,0.5815516307,0.5281636613,0.4332412817,0.2570371435,0.5990135715,0.00000000
34500.000000,9.5833333333,0.5977494252,0.5803248554,0.5270470142,0.4322988240,0.2561999940,0.5977494252,0.00000000
34560.000000,9.6000000000,0.5964900077,0.5791027008,0.5259346811,0.4313602498,0.2553660555,0.5964900077,0.00000000
34620.000000,9.6166666667,0.5952353001,0.5778851484,0.5248266447,0.4304255435,0.2545353173,0.5952353001,0.00000000
34680.000000,9.6333333333,0.5939852837,0.5766721799,0.5237228878,0.4294946899,0.2537077688,0.5939852837,0.00000000
34740.000000,9.6500000000,0.5927399398,0.5754637771,0.5226233933,0.4285676736,0.2528833996,0.5927399398,0.00000000
34800.000000,9.6666666667,0.5914992498,0.5742599218,0.5215281441,0.4276444794,0.2520621992,0.5914992498,0.00000000
34860.000000,9.6833333333,0.5902631953,0.5730605957,0.5204371231,0.4267250920,0.2512441572,0.5902631953,0.00000000
34920.000000,9.7000000000,0.5890317576,0.5718657808,0.5193503134,0.4258094963,0.2504292633,0.5890317576,0.00000000
34980.000000,9.7166666667,0.5878049185,0.5706754591,0.5182676981,0.4248976772,0.2496175071,0.5878049185,0.00000000
35040.000000,9.7333333333,0.5865826597,0.5694896126,0.5171892603,0.4239896195,0.2488088785,0.5865826597,0.00000000
35100.000000,9.7500000000,0.5853649628,0.5683082236,0.5161149832,0.4230853083,0.2480033672,0.5853649628,0.00000000
35160.000000,9.7666666667,0.5841518097,0.5671312741,0.5150448501,0.4221847286,0.2472009631,0.5841518097,0.00000000
35220.000000,9.7833333333,0.5829431822,0.5659587465,0.5139788443,0.4212878653,0.2464016560,0.5829431822,0.00000000
35280.000000,9.8000000000,0.5817390624,0.5647906229,0.5129169492,0.4203947037,0.2456054359,0.5817390624,0.00000000
35340.000000,9.8166666667,0.5805394322,0.5636268860,0.5118591483,0.4195052289,0.2448122928,0.5805394322,0.00000000
35400.000000,9.8333333333,0.5793442737,0.5624675180,0.5108054251,0.4186194261,0.2440222167,0.5793442737,0.00000000
35460.000000,9.8500000000,0.5781535692,0.5613125015,0.5097557631,0.4177372805,0.2432351977,0.5781535692,0.00000000
35520.000000,9.8666666667,0.5769673006,0.5601618191,0.5087101460,0.4168587775,0.2424512259,0.5769673006,0.00000000
35580.000000,9.8833333333,0.5757854505,0.5590154534,0.5076685574,0.4159839023,0.2416702914,0.5757854505,0.00000000
35640.000000,9.9000000000,0.5746080011,0.5578733871,0.5066309811,0.4151126403,0.2408923846,0.5746080011,0.00000000
35700.000000,9.9166666667,0.5734349348,0.5567356031,0.5055974009,0.4142449771,0.2401174956,0.5734349348,0.00000000
35760.000000,9.9333333333,0.5722662342,0.5556020841,0.5045678006,0.4133808979,0.2393456148,0.5722662342,0.00000000
35820.000000,9.9500000000,0.5711018817,0.5544728131,0.5035421641,0.4125203885,0.2385767325,0.5711018817,0.00000000
35880.000000,9.9666666667,0.5699418600,0.5533477729,0.5025204755,0.4116634342,0.2378108391,0.5699418600,0.00000000
35940.000000,9.9833333333,0.5687861518,0.5522269468,0.5015027188,0.4108100208,0.2370479250,0.5687861518,0.00000000
36000.000000,10.0000000000,0.5676347398,0.5511103176,0.5004888780,0.4099601339,0.2362879807,0.5676347398,0.00000000
36060.000000,10.0166666667,0.5664876068,0.5499978687,0.4994789372,0.4091137591,0.2355309968,0.5664876068,0.00000000
36120.000000,10.0333333333,0.5653447357,0.5488895831,0.4984728808,0.4082708822,0.2347769638,0.5653447357,0.00000000
36180.000000,10.0500000000,0.5642061093,0.5477854443,0.4974706929,0.4074314891,0.2340258724,0.5642061093,0.00000000
36240.000000,10.0666666667,0.5630717109,0.5466854354,0.4964723578,0.4065955654,0.2332777131,0.5630717109,0.00000000
36300.000000,10.0833333333,0.5619415233,0.5455895400,0.4954778600,0.4057630971,0.2325324767,0.5619415233,0.00000000
36360.000000,10.1000000000,0.5608155297,0.5444977415,0.4944871838,0.4049340701,0.2317901540,0.5608155297,0.00000000
36420.000000,10.1166666667,0.5596937133,0.5434100234,0.4935003138,0.4041084704,0.2310507357,0.5596937133,0.00000000
36480.000000,10.1333333333,0.5585760574,0.5423263693,0.4925172344,0.4032862839,0.2303142125,0.5585760574,0.00000000
36540.000000,10.1500000000,0.5574625452,0.5412467629,0.4915379303,0.4024674967,0.2295805755,0.5574625452,0.00000000
36600.000000,10.1666666667,0.5563531602,0.5401711879,0.4905623860,0.4016520949,0.2288498156,0.5563531602,0.00000000
36660.000000,10.1833333333,0.5552478858,0.5390996279,0.4895905864,0.4008400646,0.2281219235,0.5552478858,0.00000000
36720.000000,10.2000000000,0.5541467055,0.5380320670,0.4886225162,0.4000313919,0.2273968905,0.5541467055,0.00000000
36780.000000,10.2166666667,0.5530496028,0.5369684889,0.4876581601,0.3992260632,0.2266747074,0.5530496028,0.00000000
36840.000000,10.2333333333,0.5519565615,0.5359088776,0.4866975031,0.3984240645,0.2259553654,0.5519565615,0.00000000
36900.000000,10.2500000000,0.5508675651,0.5348532172,0.4857405300,0.3976253823,0.2252388556,0.5508675651,0.00000000
36960.000000,10.2666666667,0.5497825975,0.5338014916,0.4847872259,0.3968300029,0.2245251690,0.5497825975,0.00000000
37020.000000,10.2833333333,0.5487016424,0.5327536850,0.4838375758,0.3960379126,0.2238142971,0.5487016424,0.00000000
37080.000000,10.3000000000,0.5476246837,0.5317097817,0.4828915647,0.3952490979,0.2231062308,0.5476246837,0.00000000
37140.000000,10.3166666667,0.5465517054,0.5306697658,0.4819491778,0.3944635452,0.2224009616,0.5465517054,0.00000000
37200.000000,10.3333333333,0.5454826914,0.5296336217,0.4810104002,0.3936812411,0.2216984807,0.5454826914,0.00000000
37260.000000,10.3500000000,0.5444176258,0.5286013337,0.4800752173,0.3929021721,0.2209987795,0.5444176258,0.00000000
37320.000000,10.3666666667,0.5433564927,0.5275728863,0.4791436144,0.3921263247,0.2203018493,0.5433564927,0.00000000
37380.000000,10.3833333333,0.5422992764,0.5265482639,0.4782155767,0.3913536857,0.2196076817,0.5422992764,0.00000000
37440.000000,10.4000000000,0.5412459609,0.5255274512,0.4772910896,0.3905842416,0.2189162680,0.5412459609,0.00000000
37500.000000,10.4166666667,0.5401965307,0.5245104325,0.4763701388,0.3898179792,0.2182275997,0.5401965307,0.00000000
37560.000000,10.4333333333,0.5391509700,0.5234971928,0.4754527095,0.3890548852,0.2175416685,0.5391509700,0.00000000
37620.000000,10.4500000000,0.5381092633,0.5224877166,0.4745387875,0.3882949465,0.2168584658,0.5381092633,0.00000000
37680.000000,10.4666666667,0.5370713951,0.5214819887,0.4736283582,0.3875381499,0.2161779833,0.5370713951,0.00000000
37740.000000,10.4833333333,0.5360373499,0.5204799939,0.4727214075,0.3867844822,0.2155002126,0.5360373499,0.00000000
37800.000000,10.5000000000,0.5350071122,0.5194817172,0.4718179209,0.3860339304,0.2148251454,0.5350071122,0.00000000
37860.000000,10.5166666667,0.5339806668,0.5184871435,0.4709178843,0.3852864813,0.2141527734,0.5339806668,0.00000000
37920.000000,10.5333333333,0.5329579983,0.5174962578,0.4700212836,0.3845421221,0.2134830884,0.5329579983,0.00000000
37980.000000,10.5500000000,0.5319390915,0.5165090451,0.4691281044,0.3838008398,0.2128160822,0.5319390915,0.00000000
38040.000000,10.5666666667,0.5309239312,0.5155254906,0.4682383329,0.3830626213,0.2121517465,0.5309239312,0.00000000
38100.000000,10.5833333333,0.5299125023,0.5145455794,0.4673519549,0.3823274539,0.2114900733,0.5299125023,0.00000000
38160.000000,10.6000000000,0.5289047897,0.5135692967,0.4664689565,0.3815953247,0.2108310544,0.5289047897,0.00000000
38220.000000,10.6166666667,0.5279007784,0.5125966278,0.4655893238,0.3808662209,0.2101746818,0.5279007784,0.00000000
38280.000000,10.6333333333,0.5269004535,0.5116275581,0.4647130428,0.3801401297,0.2095209474,0.5269004535,0.00000000
38340.000000,10.6500000000,0.5259038001,0.5106620730,0.4638400998,0.3794170384,0.2088698433,0.5259038001,0.00000000
38400.000000,10.6666666667,0.5249108033,0.5097001578,0.4629704810,0.3786969343,0.2082213614,0.5249108033,0.00000000
38460.000000,10.6833333333,0.5239214484,0.5087417982,0.4621041727,0.3779798048,0.2075754937,0.5239214484,0.00000000
38520.000000,10.7000000000,0.5229357207,0.5077869796,0.4612411612,0.3772656373,0.2069322325,0.5229357207,0.00000000
38580.000000,10.7166666667,0.5219536054,0.5068356876,0.4603814329,0.3765544192,0.2062915698,0.5219536054,0.00000000
38640.000000,10.7333333333,0.5209750880,0.5058879080,0.4595249742,0.3758461379,0.2056534977,0.5209750880,0.00000000
38700.000000,10.7500000000,0.5200001538,0.5049436264,0.4586717715,0.3751407810,0.2050180086,0.5200001538,0.00000000
38760.000000,10.7666666667,0.5190287885,0.5040028286,0.4578218115,0.3744383361,0.2043850944,0.5190287885,0.00000000
38820.000000,10.7833333333,0.5180609775,0.5030655005,0.4569750807,0.3737387907,0.2037547476,0.5180609775,0.00000000
38880.000000,10.8000000000,0.5170967065,0.5021316279,0.4561315657,0.3730421324,0.2031269605,0.5170967065,0.00000000
38940.000000,10.8166666667,0.5161359612,0.5012011967,0.4552912531,0.3723483489,0.2025017252,0.5161359612,0.00000000
39000.000000,10.8333333333,0.5151787272,0.5002741930,0.4544541298,0.3716574280,0.2018790341,0.5151787272,0.00000000
39060.000000,10.8500000000,0.5142249903,0.4993506028,0.4536201825,0.3709693573,0.2012588797,0.5142249903,0.00000000
39120.000000,10.8666666667,0.5132747364,0.4984304121,0.4527893980,0.3702841246,0.2006412543,0.5132747364,0.00000000
39180.000000,10.8833333333,0.5123279513,0.4975136072,0.4519617632,0.3696017179,0.2000261503,0.5123279513,0.00000000
39240.000000,10.9000000000,0.5113846210,0.4966001742,0.4511372650,0.3689221248,0.1994135602,0.5113846210,0.00000000
39300.000000,10.9166666667,0.5104447314,0.4956900993,0.4503158903,0.3682453334,0.1988034765,0.5104447314,0.00000000
39360.000000,10.9333333333,0.5095082687,0.4947833690,0.4494976262,0.3675713315,0.1981958917,0.5095082687,0.00000000
39420.000000,10.9500000000,0.5085752188,0.4938799694,0.4486824597,0.3669001072,0.1975907983,0.5085752188,0.00000000
39480.000000,10.9666666667,0.5076455681,0.4929798871,0.4478703780,0.3662316484,0.1969881888,0.5076455681,0.00000000
39540.000000,10.9833333333,0.5067193026,0.4920831085,0.4470613683,0.3655659432,0.1963880560,0.5067193026,0.00000000
39600.000000,11.0000000000,0.5057964086,0.4911896201,0.4462554176,0.3649029797,0.1957903923,0.5057964086,0.00000000
39660.000000,11.0166666667,0.5048768724,0.4902994085,0.4454525133,0.3642427460,0.1951951905,0.5048768724,0.00000000
39720.000000,11.0333333333,0.5039606805,0.4894124602,0.4446526426,0.3635852303,0.1946024432,0.5039606805,0.00000000
39780.000000,11.0500000000,0.5030478191,0.4885287621,0.4438557930,0.3629304208,0.1940121431,0.5030478191,0.00000000
39840.000000,11.0666666667,0.5021382748,0.4876483006,0.4430619517,0.3622783057,0.1934242829,0.5021382748,0.00000000
39900.000000,11.0833333333,0.5012320342,0.4867710627,0.4422711063,0.3616288732,0.1928388554,0.5012320342,0.00000000
39960.000000,11.1000000000,0.5003290836,0.4858970352,0.4414832442,0.3609821118,0.1922558534,0.5003290836,0.00000000
40020.000000,11.1166666667,0.4994294099,0.4850262049,0.4406983530,0.3603380098,0.1916752695,0.4994294099,0.00000000
40080.000000,11.1333333333,0.4985329997,0.4841585587,0.4399164203,0.3596965555,0.1910970968,0.4985329997,0.00000000
40140.000000,11.1500000000,0.4976398396,0.4832940836,0.4391374336,0.3590577373,0.1905213279,0.4976398396,0.00000000
40200.000000,11.1666666667,0.4967499165,0.4824327666,0.4383613806,0.3584215438,0.1899479557,0.4967499165,0.00000000
40260.000000,11.1833333333,0.4958632172,0.4815745948,0.4375882492,0.3577879635,0.1893769732,0.4958632172,0.00000000
40320.000000,11.2000000000,0.4949797285,0.4807195553,0.4368180269,0.3571569848,0.1888083733,0.4949797285,0.00000000
40380.000000,11.2166666667,0.4940994375,0.4798676353,0.4360507017,0.3565285964,0.1882421488,0.4940994375,0.00000000
40440.000000,11.2333333333,0.4932223310,0.4790188220,0.4352862613,0.3559027868,0.1876782928,0.4932223310,0.00000000
40500.000000,11.2500000000,0.4923483962,0.4781731027,0.4345246938,0.3552795448,0.1871167981,0.4923483962,0.00000000
40560.000000,11.2666666667,0.4914776201,0.4773304646,0.4337659870,0.3546588590,0.1865576579,0.4914776201,0.00000000
40620.000000,11.2833333333,0.4906099897,0.4764908951,0.4330101289,0.3540407181,0.1860008651,0.4906099897,0.00000000
40680.000000,11.3000000000,0.4897454924,0.4756543817,0.4322571076,0.3534251110,0.1854464127,0.4897454924,0.00000000
40740.000000,11.3166666667,0.4888841154,0.4748209118,0.4315069111,0.3528120263,0.1848942938,0.4888841154,0.00000000
40800.000000,11.3333333333,0.4880258458,0.4739904730,0.4307595276,0.3522014529,0.1843445016,0.4880258458,0.00000000
40860.000000,11.3500000000,0.4871706711,0.4731630527,0.4300149452,0.3515933797,0.1837970289,0.4871706711,0.00000000
40920.000000,11.3666666667,0.4863185786,0.4723386385,0.4292731522,0.3509877957,0.1832518691,0.4863185786,0.00000000
40980.000000,11.3833333333,0.4854695557,0.4715172182,0.4285341368,0.3503846897,0.1827090152,0.4854695557,0.00000000
41040.000000,11.4000000000,0.4846235900,0.4706987795,0.4277978874,0.3497840507,0.1821684603,0.4846235900,0.00000000
41100.000000,11.4166666667,0.4837806690,0.4698833100,0.4270643922,0.3491858678,0.1816301977,0.4837806690,0.00000000
41160.000000,11.4333333333,0.4829407801,0.4690707976,0.4263336396,0.3485901299,0.1810942205,0.4829407801,0.00000000
41220.000000,11.4500000000,0.4821039111,0.4682612301,0.4256056182,0.3479968263,0.1805605218,0.4821039111,0.00000000
41280.000000,11.4666666667,0.4812700497,0.4674545954,0.4248803163,0.3474059460,0.1800290951,0.4812700497,0.00000000
41340.000000,11.4833333333,0.4804391834,0.4666508815,0.4241577226,0.3468174782,0.1794999334,0.4804391834,0.00000000
41400.000000,11.5000000000,0.4796113002,0.4658500763,0.4234378255,0.3462314121,0.1789730299,0.4796113002,0.00000000
41460.000000,11.5166666667,0.4787863878,0.4650521679,0.4227206137,0.3456477369,0.1784483781,0.4787863878,0.00000000
41520.000000,11.5333333333,0.4779644340,0.4642571443,0.4220060758,0.3450664420,0.1779259712,0.4779644340,0.00000000
41580.000000,11.5500000000,0.4771454269,0.4634649937,0.4212942005,0.3444875165,0.1774058023,0.4771454269,0.00000000
41640.000000,11.5666666667,0.4763293542,0.4626757042,0.4205849767,0.3439109499,0.1768878650,0.4763293542,0.00000000
41700.000000,11.5833333333,0.4755162042,0.4618892641,0.4198783929,0.3433367315,0.1763721524,0.4755162042,0.00000000
41760.000000,11.6000000000,0.4747059647,0.4611056616,0.4191744382,0.3427648508,0.1758586580,0.4747059647,0.00000000
41820.000000,11.6166666667,0.4738986239,0.4603248850,0.4184731013,0.3421952972,0.1753473750,0.4738986239,0.00000000
41880.000000,11.6333333333,0.4730941700,0.4595469227,0.4177743711,0.3416280602,0.1748382969,0.4730941700,0.00000000
41940.000000,11.6500000000,0.4722925910,0.4587717631,0.4170782367,0.3410631293,0.1743314170,0.4722925910,0.00000000
42000.000000,11.6666666667,0.4714938754,0.4579993946,0.4163846870,0.3405004941,0.1738267287,0.4714938754,0.00000000
42060.000000,11.6833333333,0.4706980112,0.4572298056,0.4156937110,0.3399401442,0.1733242254,0.4706980112,0.00000000
42120.000000,11.7000000000,0.4699049870,0.4564629849,0.4150052979,0.3393820692,0.1728239005,0.4699049870,0.00000000
42180.000000,11.7166666667,0.4691147910,0.4556989208,0.4143194367,0.3388262588,0.1723257475,0.4691147910,0.00000000
42240.000000,11.7333333333,0.4683274117,0.4549376021,0.4136361166,0.3382727027,0.1718297597,0.4683274117,0.00000000
42300.000000,11.7500000000,0.4675428374,0.4541790174,0.4129553268,0.3377213906,0.1713359307,0.4675428374,0.00000000
42360.000000,11.7666666667,0.4667610569,0.4534231555,0.4122770567,0.3371723124,0.1708442539,0.4667610569,0.00000000
42420.000000,11.7833333333,0.4659820585,0.4526700050,0.4116012953,0.3366254577,0.1703547227,0.4659820585,0.00000000
42480.000000,11.8000000000,0.4652058310,0.4519195548,0.4109280322,0.3360808166,0.1698673307,0.4652058310,0.00000000
42540.000000,11.8166666667,0.4644323628,0.4511717938,0.4102572566,0.3355383788,0.1693820712,0.4644323628,0.00000000
42600.000000,11.8333333333,0.4636616429,0.4504267107,0.4095889579,0.3349981343,0.1688989379,0.4636616429,0.00000000
42660.000000,11.8500000000,0.4628936597,0.4496842947,0.4089231257,0.3344600730,0.1684179242,0.4628936597,0.00000000
42720.000000,11.8666666667,0.4621284023,0.4489445345,0.4082597494,0.3339241850,0.1679390237,0.4621284023,0.00000000
42780.000000,11.8833333333,0.4613658593,0.4482074193,0.4075988186,0.3333904602,0.1674622297,0.4613658593,0.00000000
42840.000000,11.9000000000,0.4606060197,0.4474729381,0.4069403228,0.3328588887,0.1669875360,0.4606060197,0.00000000
42900.000000,11.9166666667,0.4598488723,0.4467410801,0.4062842517,0.3323294607,0.1665149360,0.4598488723,0.00000000
42960.000000,11.9333333333,0.4590944061,0.4460118343,0.4056305948,0.3318021662,0.1660444232,0.4590944061,0.00000000
43020.000000,11.9500000000,0.4583426102,0.4452851900,0.4049793420,0.3312769954,0.1655759913,0.4583426102,0.00000000
43080.000000,11.9666666667,0.4575934735,0.4445611364,0.4043304828,0.3307539385,0.1651096337,0.4575934735,0.00000000
43140.000000,11.9833333333,0.4568469852,0.4438396627,0.4036840073,0.3302329858,0.1646453440,0.4568469852,0.00000000
43200.000000,12.0000000000,0.4561031343,0.4431207584,0.4030399050,0.3297141275,0.1641831159,0.4561031343,0.00000000
43260.000000,12.0166666667,0.4553619101,0.4424044127,0.4023981659,0.3291973539,0.1637229428,0.4553619101,0.00000000
43320.000000,12.0333333333,0.4546233017,0.4416906151,0.4017587800,0.3286826555,0.1632648184,0.4546233017,0.00000000
43380.000000,12.0500000000,0.4538872985,0.4409793550,0.4011217370,0.3281700225,0.1628087362,0.4538872985,0.00000000
43440.000000,12.0666666667,0.4531538897,0.4402706219,0.4004870271,0.3276594454,0.1623546898,0.4531538897,0.00000000
43500.000000,12.0833333333,0.4524230647,0.4395644053,0.3998546402,0.3271509146,0.1619026729,0.4524230647,0.00000000
43560.000000,12.1000000000,0.4516948129,0.4388606949,0.3992245663,0.3266444207,0.1614526790,0.4516948129,0.00000000
43620.000000,12.1166666667,0.4509691236,0.4381594801,0.3985967956,0.3261399541,0.1610047018,0.4509691236,0.00000000
43680.000000,12.1333333333,0.4502459864,0.4374607507,0.3979713183,0.3256375054,0.1605587348,0.4502459864,0.00000000
43740.000000,12.1500000000,0.4495253908,0.4367644964,0.3973481244,0.3251370652,0.1601147716,0.4495253908,0.00000000
43800.000000,12.1666666667,0.4488073263,0.4360707069,0.3967272042,0.3246386241,0.1596728059,0.4488073263,0.00000000
43860.000000,12.1833333333,0.4480917825,0.4353793720,0.3961085479,0.3241421727,0.1592328313,0.4480917825,0.00000000
43920.000000,12.2000000000,0.4473787491,0.4346904815,0.3954921459,0.3236477019,0.1587948414,0.4473787491,0.00000000
43980.000000,12.2166666667,0.4466682158,0.4340040253,0.3948779884,0.3231552022,0.1583588299,0.4466682158,0.00000000
44040.000000,12.2333333333,0.4459601722,0.4333199932,0.3942660659,0.3226646646,0.1579247903,0.4459601722,0.00000000
44100.000000,12.2500000000,0.4452546082,0.4326383753,0.3936563687,0.3221760796,0.1574927162,0.4452546082,0.00000000
44160.000000,12.2666666667,0.4445515134,0.4319591614,0.3930488873,0.3216894383,0.1570626014,0.4445515134,0.00000000
44220.000000,12.2833333333,0.4438508779,0.4312823416,0.3924436121,0.3212047315,0.1566344394,0.4438508779,0.00000000
44280.000000,12.3000000000,0.4431526915,0.4306079060,0.3918405336,0.3207219501,0.1562082239,0.4431526915,0.00000000
44340.000000,12.3166666667,0.4424569440,0.4299358447,0.3912396426,0.3202410849,0.1557839486,0.4424569440,0.00000000
44400.000000,12.3333333333,0.4417636255,0.4292661478,0.3906409294,0.3197621271,0.1553616069,0.4417636255,0.00000000
44460.000000,12.3500000000,0.4410727260,0.4285988054,0.3900443848,0.3192850676,0.1549411927,0.4410727260,0.00000000
44520.000000,12.3666666667,0.4403842354,0.4279338079,0.3894499994,0.3188098974,0.1545226994,0.4403842354,0.00000000
44580.000000,12.3833333333,0.4396981440,0.4272711455,0.3888577640,0.3183366076,0.1541061208,0.4396981440,0.00000000
44640.000000,12.4000000000,0.4390144418,0.4266108084,0.3882676692,0.3178651894,0.1536914505,0.4390144418,0.00000000
44700.000000,12.4166666667,0.4383331190,0.4259527870,0.3876797059,0.3173956339,0.1532786822,0.4383331190,0.00000000
44760.000000,12.4333333333,0.4376541658,0.4252970718,0.3870938649,0.3169279322,0.1528678094,0.4376541658,0.00000000
44820.000000,12.4500000000,0.4369775725,0.4246436530,0.3865101370,0.3164620757,0.1524588258,0.4369775725,0.00000000
44880.000000,12.4666666667,0.4363033293,0.4239925212,0.3859285131,0.3159980554,0.1520517250,0.4363033293,0.00000000
44940.000000,12.4833333333,0.4356314265,0.4233436668,0.3853489842,0.3155358628,0.1516465008,0.4356314265,0.00000000
45000.000000,12.5000000000,0.4349618545,0.4226970804,0.3847715412,0.3150754892,0.1512431466,0.4349618545,0.00000000
45060.000000,12.5166666667,0.4342946038,0.4220527525,0.3841961752,0.3146169258,0.1508416562,0.4342946038,0.00000000
45120.000000,12.5333333333,0.4336296648,0.4214106738,0.3836228771,0.3141601642,0.1504420232,0.4336296648,0.00000000
45180.000000,12.5500000000,0.4329670278,0.4207708350,0.3830516381,0.3137051956,0.1500442412,0.4329670278,0.00000000
45240.000000,12.5666666667,0.4323066836,0.4201332266,0.3824824492,0.3132520116,0.1496483038,0.4323066836,0.00000000
45300.000000,12.5833333333,0.4316486226,0.4194978394,0.3819153017,0.3128006037,0.1492542047,0.4316486226,0.00000000
45360.000000,12.6000000000,0.4309928353,0.4188646641,0.3813501866,0.3123509633,0.1488619375,0.4309928353,0.00000000
45420.000000,12.6166666667,0.4303393126,0.4182336917,0.3807870952,0.3119030821,0.1484714959,0.4303393126,0.00000000
45480.000000,12.6333333333,0.4296880449,0.4176049128,0.3802260189,0.3114569517,0.1480828734,0.4296880449,0.00000000
45540.000000,12.6500000000,0.4290390231,0.4169783184,0.3796669488,0.3110125636,0.1476960637,0.4290390231,0.00000000
45600.000000,12.6666666667,0.4283922378,0.4163538994,0.3791098762,0.3105699095,0.1473110604,0.4283922378,0.00000000
45660.000000,12.6833333333,0.4277476800,0.4157316467,0.3785547927,0.3101289812,0.1469278571,0.4277476800,0.00000000
45720.000000,12.7000000000,0.4271053403,0.4151115513,0.3780016895,0.3096897703,0.1465464474,0.4271053403,0.00000000
45780.000000,12.7166666667,0.4264652096,0.4144936042,0.3774505581,0.3092522687,0.1461668251,0.4264652096,0.00000000
45840.000000,12.7333333333,0.4258272789,0.4138777966,0.3769013899,0.3088164680,0.1457889836,0.4258272789,0.00000000
45900.000000,12.7500000000,0.4251915390,0.4132641194,0.3763541765,0.3083823602,0.1454129166,0.4251915390,0.00000000
45960.000000,12.7666666667,0.4245579810,0.4126525638,0.3758089094,0.3079499372,0.1450386176,0.4245579810,0.00000000
46020.000000,12.7833333333,0.4239265959,0.4120431210,0.3752655803,0.3075191907,0.1446660804,0.4239265959,0.00000000
46080.000000,12.8000000000,0.4232973746,0.4114357821,0.3747241806,0.3070901128,0.1442952985,0.4232973746,0.00000000
46140.000000,12.8166666667,0.4226703084,0.4108305385,0.3741847020,0.3066626954,0.1439262655,0.4226703084,0.00000000
46200.000000,12.8333333333,0.4220453882,0.4102273813,0.3736471363,0.3062369306,0.1435589751,0.4220453882,0.00000000
46260.000000,12.8500000000,0.4214226053,0.4096263020,0.3731114750,0.3058128102,0.1431934207,0.4214226053,0.00000000
46320.000000,12.8666666667,0.4208019508,0.4090272918,0.3725777101,0.3053903265,0.1428295960,0.4208019508,0.00000000
46380.000000,12.8833333333,0.4201834160,0.4084303421,0.3720458333,0.3049694716,0.1424674947,0.4201834160,0.00000000
46440.000000,12.9000000000,0.4195669921,0.4078354443,0.3715158363,0.3045502374,0.1421071103,0.4195669921,0.00000000
46500.000000,12.9166666667,0.4189526704,0.4072425900,0.3709877110,0.3041326163,0.1417484363,0.4189526704,0.00000000
46560.000000,12.9333333333,0.4183404424,0.4066517705,0.3704614494,0.3037166005,0.1413914664,0.4183404424,0.00000000
46620.000000,12.9500000000,0.4177302992,0.4060629774,0.3699370433,0.3033021821,0.1410361942,0.4177302992,0.00000000
46680.000000,12.9666666667,0.4171222324,0.4054762023,0.3694144847,0.3028893534,0.1406826132,0.4171222324,0.00000000
46740.000000,12.9833333333,0.4165162333,0.4048914367,0.3688937656,0.3024781067,0.1403307171,0.4165162333,0.00000000
46800.000000,13.0000000000,0.4159122936,0.4043086723,0.3683748779,0.3020684344,0.1399804994,0.4159122936,0.00000000
46860.000000,13.0166666667,0.4153104045,0.4037279008,0.3678578139,0.3016603289,0.1396319536,0.4153104045,0.00000000
46920.000000,13.0333333333,0.4147105578,0.4031491137,0.3673425654,0.3012537825,0.1392850734,0.4147105578,0.00000000
46980.000000,13.0500000000,0.4141127450,0.4025723030,0.3668291248,0.3008487876,0.1389398524,0.4141127450,0.00000000
47040.000000,13.0666666667,0.4135169577,0.4019974603,0.3663174840,0.3004453368,0.1385962840,0.4135169577,0.00000000
47100.000000,13.0833333333,0.4129231876,0.4014245773,0.3658076353,0.3000434225,0.1382543620,0.4129231876,0.00000000
47160.000000,13.1000000000,0.4123314262,0.4008536461,0.3652995710,0.2996430373,0.1379140797,0.4123314262,0.00000000
47220.000000,13.1166666667,0.4117416655,0.4002846584,0.3647932833,0.2992441738,0.1375754309,0.4117416655,0.00000000
47280.000000,13.1333333333,0.4111538971,0.3997176061,0.3642887644,0.2988468244,0.1372384091,0.4111538971,0.00000000
47340.000000,13.1500000000,0.4105681127,0.3991524812,0.3637860067,0.2984509820,0.1369030078,0.4105681127,0.00000000
47400.000000,13.1666666667,0.4099843043,0.3985892756,0.3632850025,0.2980566391,0.1365692206,0.4099843043,0.00000000
47460.000000,13.1833333333,0.4094024637,0.3980279813,0.3627857442,0.2976637884,0.1362370411,0.4094024637,0.00000000
47520.000000,13.2000000000,0.4088225827,0.3974685904,0.3622882243,0.2972724226,0.1359064628,0.4088225827,0.00000000
47580.000000,13.2166666667,0.4082446533,0.3969110950,0.3617924351,0.2968825346,0.1355774793,0.4082446533,0.00000000
47640.000000,13.2333333333,0.4076686675,0.3963554870,0.3612983692,0.2964941171,0.1352500842,0.4076686675,0.00000000
47700.000000,13.2500000000,0.4070946172,0.3958017588,0.3608060191,0.2961071629,0.1349242710,0.4070946172,0.00000000
47760.000000,13.2666666667,0.4065224944,0.3952499024,0.3603153773,0.2957216650,0.1346000332,0.4065224944,0.00000000
47820.000000,13.2833333333,0.4059522913,0.3946999100,0.3598264364,0.2953376161,0.1342773645,0.4059522913,0.00000000
47880.000000,13.3000000000,0.4053839999,0.3941517739,0.3593391890,0.2949550093,0.1339562584,0.4053839999,0.00000000
47940.000000,13.3166666667,0.4048176123,0.3936054863,0.3588536278,0.2945738374,0.1336367084,0.4048176123,0.00000000
48000.000000,13.3333333333,0.4042531207,0.3930610396,0.3583697454,0.2941940935,0.1333187081,0.4042531207,0.00000000
48060.000000,13.3500000000,0.4036905172,0.3925184260,0.3578875345,0.2938157706,0.1330022511,0.4036905172,0.00000000
48120.000000,13.3666666667,0.4031297941,0.3919776379,0.3574069878,0.2934388617,0.1326873309,0.4031297941,0.00000000
48180.000000,13.3833333333,0.4025709437,0.3914386678,0.3569280982,0.2930633600,0.1323739412,0.4025709437,0.00000000
48240.000000,13.4000000000,0.4020139582,0.3909015080,0.3564508584,0.2926892585,0.1320620753,0.4020139582,0.00000000
48300.000000,13.4166666667,0.4014588299,0.3903661510,0.3559752612,0.2923165504,0.1317517270,0.4014588299,0.00000000
48360.000000,13.4333333333,0.4009055512,0.3898325893,0.3555012996,0.2919452288,0.1314428898,0.4009055512,0.00000000
48420.000000,13.4500000000,0.4003541145,0.3893008154,0.3550289663,0.2915752870,0.1311355572,0.4003541145,0.00000000
48480.000000,13.4666666667,0.3998045122,0.3887708219,0.3545582544,0.2912067183,0.1308297228,0.3998045122,0.00000000
48540.000000,13.4833333333,0.3992567367,0.3882426013,0.3540891568,0.2908395159,0.1305253802,0.3992567367,0.00000000
48600.000000,13.5000000000,0.3987107806,0.3877161463,0.3536216664,0.2904736730,0.1302225230,0.3987107806,0.00000000
48660.000000,13.5166666667,0.3981666362,0.3871914495,0.3531557763,0.2901091832,0.1299211446,0.3981666362,0.00000000
48720.000000,13.5333333333,0.3976242962,0.3866685036,0.3526914795,0.2897460396,0.1296212389,0.3976242962,0.00000000
48780.000000,13.5500000000,0.3970837531,0.3861473012,0.3522287691,0.2893842357,0.1293227991,0.3970837531,0.00000000
48840.000000,13.5666666667,0.3965449996,0.3856278353,0.3517676382,0.2890237651,0.1290258191,0.3965449996,0.00000000
48900.000000,13.5833333333,0.3960080282,0.3851100984,0.3513080799,0.2886646210,0.1287302923,0.3960080282,0.00000000
48960.000000,13.6000000000,0.3954728316,0.3845940834,0.3508500874,0.2883067970,0.1284362124,0.3954728316,0.00000000
49020.000000,13.6166666667,0.3949394025,0.3840797832,0.3503936539,0.2879502867,0.1281435729,0.3949394025,0.00000000
49080.000000,13.6333333333,0.3944077337,0.3835671906,0.3499387726,0.2875950835,0.1278523675,0.3944077337,0.00000000
49140.000000,13.6500000000,0.3938778179,0.3830562985,0.3494854368,0.2872411812,0.1275625897,0.3938778179,0.00000000
49200.000000,13.6666666667,0.3933496479,0.3825470998,0.3490336397,0.2868885732,0.1272742332,0.3933496479,0.00000000
49260.000000,13.6833333333,0.3928232165,0.3820395875,0.3485833747,0.2865372533,0.1269872915,0.3928232165,0.00000000
49320.000000,13.7000000000,0.3922985166,0.3815337545,0.3481346351,0.2861872151,0.1267017583,0.3922985166,0.00000000
49380.000000,13.7166666667,0.3917755410,0.3810295939,0.3476874143,0.2858384523,0.1264176272,0.3917755410,0.00000000
49440.000000,13.7333333333,0.3912542826,0.3805270987,0.3472417056,0.2854909587,0.1261348919,0.3912542826,0.00000000
49500.000000,13.7500000000,0.3907347344,0.3800262620,0.3467975026,0.2851447281,0.1258535459,0.3907347344,0.00000000
49560.000000,13.7666666667,0.3902168893,0.3795270768,0.3463547986,0.2847997542,0.1255735829,0.3902168893,0.00000000
49620.000000,13.7833333333,0.3897007404,0.3790295364,0.3459135872,0.2844560310,0.1252949965,0.3897007404,0.00000000
49680.000000,13.8000000000,0.3891862807,0.3785336339,0.3454738619,0.2841135521,0.1250177805,0.3891862807,0.00000000
49740.000000,13.8166666667,0.3886735032,0.3780393624,0.3450356162,0.2837723116,0.1247419284,0.3886735032,0.00000000
49800.000000,13.8333333333,0.3881624010,0.3775467152,0.3445988437,0.2834323034,0.1244674339,0.3881624010,0.00000000
49860.000000,13.8500000000,0.3876529672,0.3770556855,0.3441635380,0.2830935214,0.1241942907,0.3876529672,0.00000000
49920.000000,13.8666666667,0.3871451950,0.3765662666,0.3437296928,0.2827559595,0.1239224925,0.3871451950,0.00000000
49980.000000,13.8833333333,0.3866390776,0.3760784519,0.3432973016,0.2824196119,0.1236520330,0.3866390776,0.00000000
50040.000000,13.9000000000,0.3861346081,0.3755922346,0.3428663582,0.2820844726,0.1233829058,0.3861346081,0.00000000
50100.000000,13.9166666667,0.3856317798,0.3751076081,0.3424368564,0.2817505355,0.1231151047,0.3856317798,0.00000000
50160.000000,13.9333333333,0.3851305860,0.3746245658,0.3420087897,0.2814177949,0.1228486234,0.3851305860,0.00000000
50220.000000,13.9500000000,0.3846310198,0.3741431011,0.3415821521,0.2810862449,0.1225834556,0.3846310198,0.00000000
50280.000000,13.9666666667,0.3841330748,0.3736632076,0.3411569373,0.2807558795,0.1223195950,0.3841330748,0.00000000
50340.000000,13.9833333333,0.3836367441,0.3731848785,0.3407331392,0.2804266931,0.1220570354,0.3836367441,0.00000000
50400.000000,14.0000000000,0.3831420212,0.3727081075,0.3403107516,0.2800986798,0.1217957706,0.3831420212,0.00000000
50460.000000,14.0166666667,0.3826488994,0.3722328881,0.3398897683,0.2797718339,0.1215357942,0.3826488994,0.00000000
50520.000000,14.0333333333,0.3821573723,0.3717592138,0.3394701834,0.2794461496,0.1212771001,0.3821573723,0.00000000
50580.000000,14.0500000000,0.3816674333,0.3712870783,0.3390519907,0.2791216212,0.1210196820,0.3816674333,0.00000000
50640.000000,14.0666666667,0.3811790758,0.3708164751,0.3386351841,0.2787982432,0.1207635338,0.3811790758,0.00000000
50700.000000,14.0833333333,0.3806922933,0.3703473979,0.3382197578,0.2784760098,0.1205086492,0.3806922933,0.00000000
50760.000000,14.1000000000,0.3802070795,0.3698798404,0.3378057058,0.2781549155,0.1202550220,0.3802070795,0.00000000
50820.000000,14.1166666667,0.3797234278,0.3694137962,0.3373930219,0.2778349546,0.1200026461,0.3797234278,0.00000000
50880.000000,14.1333333333,0.3792413320,0.3689492592,0.3369817005,0.2775161217,0.1197515154,0.3792413320,0.00000000
50940.000000,14.1500000000,0.3787607855,0.3684862229,0.3365717354,0.2771984111,0.1195016236,0.3787607855,0.00000000
51000.000000,14.1666666667,0.3782817821,0.3680246813,0.3361631210,0.2768818174,0.1192529646,0.3782817821,0.00000000
51060.000000,14.1833333333,0.3778043154,0.3675646281,0.3357558512,0.2765663352,0.1190055324,0.3778043154,0.00000000
51120.000000,14.2000000000,0.3773283792,0.3671060572,0.3353499204,0.2762519590,0.1187593207,0.3773283792,0.00000000
51180.000000,14.2166666667,0.3768539671,0.3666489624,0.3349453227,0.2759386834,0.1185143235,0.3768539671,0.00000000
51240.000000,14.2333333333,0.3763810730,0.3661933376,0.3345420524,0.2756265029,0.1182705348,0.3763810730,0.00000000
51300.000000,14.2500000000,0.3759096906,0.3657391767,0.3341401036,0.2753154124,0.1180279484,0.3759096906,0.00000000
51360.000000,14.2666666667,0.3754398137,0.3652864737,0.3337394707,0.2750054063,0.1177865582,0.3754398137,0.00000000
51420.000000,14.2833333333,0.3749714362,0.3648352225,0.3333401481,0.2746964795,0.1175463583,0.3749714362,0.00000000
51480.000000,14.3000000000,0.3745045520,0.3643854172,0.3329421300,0.2743886266,0.1173073426,0.3745045520,0.00000000
51540.000000,14.3166666667,0.3740391549,0.3639370517,0.3325454108,0.2740818425,0.1170695051,0.3740391549,0.00000000
51600.000000,14.3333333333,0.3735752389,0.3634901201,0.3321499849,0.2737761218,0.1168328398,0.3735752389,0.00000000
51660.000000,14.3500000000,0.3731127978,0.3630446164,0.3317558467,0.2734714595,0.1165973406,0.3731127978,0.00000000
51720.000000,14.3666666667,0.3726518258,0.3626005348,0.3313629907,0.2731678503,0.1163630017,0.3726518258,0.00000000
51780.000000,14.3833333333,0.3721923167,0.3621578693,0.3309714113,0.2728652892,0.1161298171,0.3721923167,0.00000000
51840.000000,14.4000000000,0.3717342646,0.3617166142,0.3305811031,0.2725637709,0.1158977809,0.3717342646,0.00000000
51900.000000,14.4166666667,0.3712776636,0.3612767636,0.3301920604,0.2722632905,0.1156668870,0.3712776636,0.00000000
51960.000000,14.4333333333,0.3708225077,0.3608383117,0.3298042780,0.2719638428,0.1154371297,0.3708225077,0.00000000
52020.000000,14.4500000000,0.3703687911,0.3604012528,0.3294177503,0.2716654229,0.1152085029,0.3703687911,0.00000000
52080.000000,14.4666666667,0.3699165078,0.3599655810,0.3290324719,0.2713680258,0.1149810010,0.3699165078,0.00000000
52140.000000,14.4833333333,0.3694656520,0.3595312906,0.3286484375,0.2710716464,0.1147546179,0.3694656520,0.00000000
52200.000000,14.5000000000,0.3690162178,0.3590983760,0.3282656417,0.2707762798,0.1145293479,0.3690162178,0.00000000
52260.000000,14.5166666667,0.3685681996,0.3586668315,0.3278840791,0.2704819212,0.1143051851,0.3685681996,0.00000000
52320.000000,14.5333333333,0.3681215915,0.3582366514,0.3275037445,0.2701885655,0.1140821237,0.3681215915,0.00000000
52380.000000,14.5500000000,0.3676763878,0.3578078301,0.3271246326,0.2698962080,0.1138601579,0.3676763878,0.00000000
52440.000000,14.5666666667,0.3672325827,0.3573803620,0.3267467381,0.2696048439,0.1136392821,0.3672325827,0.00000000
52500.000000,14.5833333333,0.3667901705,0.3569542416,0.3263700558,0.2693144681,0.1134194903,0.3667901705,0.00000000
52560.000000,14.6000000000,0.3663491457,0.3565294632,0.3259945804,0.2690250761,0.1132007769,0.3663491457,0.00000000
52620.000000,14.6166666667,0.3659095024,0.3561060214,0.3256203069,0.2687366630,0.1129831362,0.3659095024,0.00000000
52680.000000,14.6333333333,0.3654712352,0.3556839106,0.3252472299,0.2684492241,0.1127665625,0.3654712352,0.00000000
52740.000000,14.6500000000,0.3650343383,0.3552631254,0.3248753445,0.2681627547,0.1125510501,0.3650343383,0.00000000
52800.000000,14.6666666667,0.3645988064,0.3548436603,0.3245046454,0.2678772500,0.1123365933,0.3645988064,0.00000000
52860.000000,14.6833333333,0.3641646336,0.3544255099,0.3241351276,0.2675927055,0.1121231865,0.3641646336,0.00000000
52920.000000,14.7000000000,0.3637318147,0.3540086688,0.3237667860,0.2673091165,0.1119108241,0.3637318147,0.00000000
52980.000000,14.7166666667,0.3633003440,0.3535931316,0.3233996156,0.2670264783,0.1116995005,0.3633003440,0.00000000
53040.000000,14.7333333333,0.3628702160,0.3531788929,0.3230336113,0.2667447864,0.1114892100,0.3628702160,0.00000000
53100.000000,14.7500000000,0.3624414254,0.3527659475,0.3226687682,0.2664640362,0.1112799472,0.3624414254,0.00000000
53160.000000,14.7666666667,0.3620139667,0.3523542899,0.3223050812,0.2661842232,0.1110717066,0.3620139667,0.00000000
53220.000000,14.7833333333,0.3615878345,0.3519439149,0.3219425455,0.2659053428,0.1108644825,0.3615878345,0.00000000
53280.000000,14.8000000000,0.3611630233,0.3515348173,0.3215811561,0.2656273907,0.1106582694,0.3611630233,0.00000000
53340.000000,14.8166666667,0.3607395279,0.3511269918,0.3212209081,0.2653503622,0.1104530620,0.3607395279,0.00000000
53400.000000,14.8333333333,0.3603173429,0.3507204332,0.3208617966,0.2650742530,0.1102488547,0.3603173429,0.00000000
53460.000000,14.8500000000,0.3598964630,0.3503151363,0.3205038168,0.2647990586,0.1100456421,0.3598964630,0.00000000
53520.000000,14.8666666667,0.3594768829,0.3499110959,0.3201469638,0.2645247747,0.1098434189,0.3594768829,0.00000000
53580.000000,14.8833333333,0.3590585973,0.3495083069,0.3197912328,0.2642513969,0.1096421795,0.3590585973,0.00000000
53640.000000,14.9000000000,0.3586416010,0.3491067641,0.3194366190,0.2639789208,0.1094419186,0.3586416010,0.00000000
53700.000000,14.9166666667,0.3582258888,0.3487064624,0.3190831177,0.2637073422,0.1092426309,0.3582258888,0.00000000
53760.000000,14.9333333333,0.3578114555,0.3483073969,0.3187307241,0.2634366566,0.1090443110,0.3578114555,0.00000000
53820.000000,14.9500000000,0.3573982958,0.3479095623,0.3183794335,0.2631668600,0.1088469536,0.3573982958,0.00000000
53880.000000,14.9666666667,0.3569864047,0.3475129538,0.3180292412,0.2628979479,0.1086505535,0.3569864047,0.00000000
53940.000000,14.9833333333,0.3565757770,0.3471175661,0.3176801425,0.2626299162,0.1084551053,0.3565757770,0.00000000
54000.000000,15.0000000000,0.3561664076,0.3467233945,0.3173321327,0.2623627606,0.1082606038,0.3561664076,0.00000000
54060.000000,15.0166666667,0.3557582915,0.3463304338,0.3169852073,0.2620964770,0.1080670439,0.3557582915,0.00000000
54120.000000,15.0333333333,0.3553514235,0.3459386793,0.3166393616,0.2618310613,0.1078744202,0.3553514235,0.00000000
54180.000000,15.0500000000,0.3549457986,0.3455481258,0.3162945910,0.2615665092,0.1076827277,0.3549457986,0.00000000
54240.000000,15.0666666667,0.3545414118,0.3451587686,0.3159508909,0.2613028168,0.1074919611,0.3545414118,0.00000000
54300.000000,15.0833333333,0.3541382581,0.3447706027,0.3156082569,0.2610399798,0.1073021153,0.3541382581,0.00000000
54360.000000,15.1000000000,0.3537363325,0.3443836233,0.3152666843,0.2607779943,0.1071131852,0.3537363325,0.00000000
54420.000000,15.1166666667,0.3533356301,0.3439978256,0.3149261687,0.2605168561,0.1069251658,0.3533356301,0.00000000
54480.000000,15.1333333333,0.3529361460,0.3436132047,0.3145867055,0.2602565613,0.1067380519,0.3529361460,0.00000000
54540.000000,15.1500000000,0.3525378752,0.3432297559,0.3142482904,0.2599971058,0.1065518385,0.3525378752,0.00000000
54600.000000,15.1666666667,0.3521408128,0.3428474744,0.3139109189,0.2597384857,0.1063665206,0.3521408128,0.00000000
54660.000000,15.1833333333,0.3517449541,0.3424663553,0.3135745866,0.2594806971,0.1061820931,0.3517449541,0.00000000
54720.000000,15.2000000000,0.3513502940,0.3420863941,0.3132392890,0.2592237359,0.1059985512,0.3513502940,0.00000000
54780.000000,15.2166666667,0.3509568279,0.3417075860,0.3129050218,0.2589675983,0.1058158899,0.3509568279,0.00000000
54840.000000,15.2333333333,0.3505645509,0.3413299262,0.3125717806,0.2587122805,0.1056341041,0.3505645509,0.00000000
54900.000000,15.2500000000,0.3501734582,0.3409534102,0.3122395611,0.2584577784,0.1054531891,0.3501734582,0.00000000
54960.000000,15.2666666667,0.3497835451,0.3405780333,0.3119083590,0.2582040883,0.1052731399,0.3497835451,0.00000000
55020.000000,15.2833333333,0.3493948068,0.3402037908,0.3115781700,0.2579512064,0.1050939517,0.3493948068,0.00000000
55080.000000,15.3000000000,0.3490072387,0.3398306782,0.3112489898,0.2576991287,0.1049156196,0.3490072387,0.00000000
55140.000000,15.3166666667,0.3486208359,0.3394586909,0.3109208141,0.2574478517,0.1047381388,0.3486208359,0.00000000
55200.000000,15.3333333333,0.3482355940,0.3390878243,0.3105936387,0.2571973715,0.1045615045,0.3482355940,0.00000000
55260.000000,15.3500000000,0.3478515080,0.3387180738,0.3102674595,0.2569476843,0.1043857120,0.3478515080,0.00000000
55320.000000,15.3666666667,0.3474685736,0.3383494350,0.3099422722,0.2566987864,0.1042107565,0.3474685736,0.00000000
55380.000000,15.3833333333,0.3470867860,0.3379819034,0.3096180725,0.2564506742,0.1040366333,0.3470867860,0.00000000
55440.000000,15.4000000000,0.3467061406,0.3376154744,0.3092948565,0.2562033440,0.1038633377,0.3467061406,0.00000000
55500.000000,15.4166666667,0.3463266329,0.3372501436,0.3089726199,0.2559567921,0.1036908650,0.3463266329,0.00000000
55560.000000,15.4333333333,0.3459482583,0.3368859066,0.3086513587,0.2557110148,0.1035192105,0.3459482583,0.00000000
55620.000000,15.4500000000,0.3455710123,0.3365227590,0.3083310686,0.2554660086,0.1033483697,0.3455710123,0.00000000
55680.000000,15.4666666667,0.3451948903,0.3361606962,0.3080117458,0.2552217698,0.1031783378,0.3451948903,0.00000000
55740.000000,15.4833333333,0.3448198880,0.3357997141,0.3076933860,0.2549782949,0.1030091105,0.3448198880,0.00000000
55800.000000,15.5000000000,0.3444460007,0.3354398081,0.3073759853,0.2547355803,0.1028406830,0.3444460007,0.00000000
55860.000000,15.5166666667,0.3440732241,0.3350809740,0.3070595396,0.2544936225,0.1026730508,0.3440732241,0.00000000
55920.000000,15.5333333333,0.3437015537,0.3347232074,0.3067440450,0.2542524180,0.1025062095,0.3437015537,0.00000000
55980.000000,15.5500000000,0.3433309851,0.3343665041,0.3064294975,0.2540119632,0.1023401545,0.3433309851,0.00000000
56040.000000,15.5666666667,0.3429615139,0.3340108597,0.3061158930,0.2537722547,0.1021748814,0.3429615139,0.00000000
56100.000000,15.5833333333,0.3425931357,0.3336562699,0.3058032278,0.2535332890,0.1020103857,0.3425931357,0.00000000
56160.000000,15.6000000000,0.3422258462,0.3333027306,0.3054914977,0.2532950628,0.1018466631,0.3422258462,0.00000000
56220.000000,15.6166666667,0.3418596411,0.3329502376,0.3051806990,0.2530575725,0.1016837091,0.3418596411,0.00000000
56280.000000,15.6333333333,0.3414945160,0.3325987865,0.3048708278,0.2528208147,0.1015215193,0.3414945160,0.00000000
56340.000000,15.6500000000,0.3411304665,0.3322483732,0.3045618802,0.2525847862,0.1013600894,0.3411304665,0.00000000
56400.000000,15.6666666667,0.3407674886,0.3318989936,0.3042538523,0.2523494835,0.1011994151,0.3407674886,0.00000000
56460.000000,15.6833333333,0.3404055778,0.3315506435,0.3039467403,0.2521149032,0.1010394921,0.3404055778,0.00000000
56520.000000,15.7000000000,0.3400447299,0.3312033187,0.3036405404,0.2518810422,0.1008803160,0.3400447299,0.00000000
56580.000000,15.7166666667,0.3396849408,0.3308570152,0.3033352488,0.2516478969,0.1007218827,0.3396849408,0.00000000
56640.000000,15.7333333333,0.3393262062,0.3305117289,0.3030308617,0.2514154643,0.1005641879,0.3393262062,0.00000000
56700.000000,15.7500000000,0.3389685219,0.3301674556,0.3027273754,0.2511837409,0.1004072274,0.3389685219,0.00000000
56760.000000,15.7666666667,0.3386118838,0.3298241913,0.3024247861,0.2509527236,0.1002509970,0.3386118838,0.00000000
56820.000000,15.7833333333,0.3382562876,0.3294819320,0.3021230902,0.2507224091,0.1000954925,0.3382562876,0.00000000
56880.000000,15.8000000000,0.3379017294,0.3291406737,0.3018222839,0.2504927941,0.0999407099,0.3379017294,0.00000000
56940.000000,15.8166666667,0.3375482050,0.3288004124,0.3015223634,0.2502638756,0.0997866449,0.3375482050,0.00000000
57000.000000,15.8333333333,0.3371957102,0.3284611440,0.3012233253,0.2500356503,0.0996332935,0.3371957102,0.00000000
57060.000000,15.8500000000,0.3368442411,0.3281228646,0.3009251657,0.2498081151,0.0994806516,0.3368442411,0.00000000
57120.000000,15.8666666667,0.3364937935,0.3277855703,0.3006278812,0.2495812668,0.0993287152,0.3364937935,0.00000000
57180.000000,15.8833333333,0.3361443634,0.3274492571,0.3003314680,0.2493551022,0.0991774803,0.3361443634,0.00000000
57240.000000,15.9000000000,0.3357959468,0.3271139211,0.3000359225,0.2491296184,0.0990269428,0.3357959468,0.00000000
57300.000000,15.9166666667,0.3354485397,0.3267795584,0.2997412412,0.2489048122,0.0988770987,0.3354485397,0.00000000
57360.000000,15.9333333333,0.3351021381,0.3264461652,0.2994474206,0.2486806804,0.0987279442,0.3351021381,0.00000000
57420.000000,15.9500000000,0.3347567380,0.3261137375,0.2991544570,0.2484572202,0.0985794752,0.3347567380,0.00000000
57480.000000,15.9666666667,0.3344123355,0.3257822716,0.2988623470,0.2482344284,0.0984316878,0.3344123355,0.00000000
57540.000000,15.9833333333,0.3340689267,0.3254517636,0.2985710870,0.2480123019,0.0982845783,0.3340689267,0.00000000
57600.000000,16.0000000000,0.3337265076,0.3251222097,0.2982806735,0.2477908379,0.0981381426,0.3337265076,0.00000000
57660.000000,16.0166666667,0.3333850744,0.3247936061,0.2979911031,0.2475700333,0.0979923769,0.3333850744,0.00000000
57720.000000,16.0333333333,0.3330446232,0.3244659491,0.2977023723,0.2473498852,0.0978472775,0.3330446232,0.00000000
57780.000000,16.0500000000,0.3327051500,0.3241392348,0.2974144776,0.2471303905,0.0977028406,0.3327051500,0.00000000
57840.000000,16.0666666667,0.3323666511,0.3238134596,0.2971274157,0.2469115464,0.0975590622,0.3323666511,0.00000000
57900.000000,16.0833333333,0.3320291227,0.3234886197,0.2968411831,0.2466933500,0.0974159388,0.3320291227,0.00000000
57960.000000,16.1000000000,0.3316925608,0.3231647114,0.2965557763,0.2464757982,0.0972734665,0.3316925608,0.00000000
58020.000000,16.1166666667,0.3313569618,0.3228417310,0.2962711922,0.2462588883,0.0971316416,0.3313569618,0.00000000
58080.000000,16.1333333333,0.3310223219,0.3225196749,0.2959874271,0.2460426174,0.0969904605,0.3310223219,0.00000000
58140.000000,16.1500000000,0.3306886372,0.3221985394,0.2957044780,0.2458269825,0.0968499194,0.3306886372,0.00000000
58200.000000,16.1666666667,0.3303559041,0.3218783208,0.2954223413,0.2456119810,0.0967100148,0.3303559041,0.00000000
58260.000000,16.1833333333,0.3300241188,0.3215590156,0.2951410138,0.2453976099,0.0965707430,0.3300241188,0.00000000
58320.000000,16.2000000000,0.3296932777,0.3212406200,0.2948604921,0.2451838664,0.0964321004,0.3296932777,0.00000000
58380.000000,16.2166666667,0.3293633769,0.3209231307,0.2945807731,0.2449707478,0.0962940834,0.3293633769,0.00000000
58440.000000,16.2333333333,0.3290344129,0.3206065439,0.2943018534,0.2447582513,0.0961566885,0.3290344129,0.00000000
58500.000000,16.2500000000,0.3287063820,0.3202908561,0.2940237298,0.2445463740,0.0960199121,0.3287063820,0.00000000
58560.000000,16.2666666667,0.3283792805,0.3199760638,0.2937463990,0.2443351133,0.0958837506,0.3283792805,0.00000000
58620.000000,16.2833333333,0.3280531049,0.3196621634,0.2934698578,0.2441244665,0.0957482007,0.3280531049,0.00000000
58680.000000,16.3000000000,0.3277278514,0.3193491514,0.2931941031,0.2439144308,0.0956132588,0.3277278514,0.00000000
58740.000000,16.3166666667,0.3274035165,0.3190370244,0.2929191316,0.2437050035,0.0954789214,0.3274035165,0.00000000
58800.000000,16.3333333333,0.3270800967,0.3187257789,0.2926449401,0.2434961819,0.0953451852,0.3270800967,0.00000000
58860.000000,16.3500000000,0.3267575883,0.3184154113,0.2923715256,0.2432879634,0.0952120466,0.3267575883,0.00000000
58920.000000,16.3666666667,0.3264359879,0.3181059183,0.2920988847,0.2430803452,0.0950795024,0.3264359879,0.00000000
58980.000000,16.3833333333,0.3261152918,0.3177972964,0.2918270146,0.2428733249,0.0949475492,0.3261152918,0.00000000
59040.000000,16.4000000000,0.3257954966,0.3174895423,0.2915559119,0.2426668997,0.0948161835,0.3257954966,0.00000000
59100.000000,16.4166666667,0.3254765988,0.3171826524,0.2912855736,0.2424610670,0.0946854021,0.3254765988,0.00000000
59160.000000,16.4333333333,0.3251585948,0.3168766235,0.2910159967,0.2422558243,0.0945552016,0.3251585948,0.00000000
59220.000000,16.4500000000,0.3248414813,0.3165714521,0.2907471780,0.2420511689,0.0944255788,0.3248414813,0.00000000
59280.000000,16.4666666667,0.3245252547,0.3162671349,0.2904791145,0.2418470983,0.0942965304,0.3245252547,0.00000000
59340.000000,16.4833333333,0.3242099117,0.3159636687,0.2902118032,0.2416436099,0.0941680531,0.3242099117,0.00000000
59400.000000,16.5000000000,0.3238954487,0.3156610499,0.2899452410,0.2414407012,0.0940401438,0.3238954487,0.00000000
59460.000000,16.5166666667,0.3235818625,0.3153592754,0.2896794250,0.2412383697,0.0939127991,0.3235818625,0.00000000
59520.000000,16.5333333333,0.3232691495,0.3150583418,0.2894143520,0.2410366129,0.0937860159,0.3232691495,0.00000000
59580.000000,16.5500000000,0.3229573065,0.3147582459,0.2891500193,0.2408354282,0.0936597910,0.3229573065,0.00000000
59640.000000,16.5666666667,0.3226463300,0.3144589844,0.2888864237,0.2406348131,0.0935341213,0.3226463300,0.00000000
59700.000000,16.5833333333,0.3223362168,0.3141605541,0.2886235624,0.2404347653,0.0934090037,0.3223362168,0.00000000
59760.000000,16.6000000000,0.3220269634,0.3138629516,0.2883614323,0.2402352822,0.0932844349,0.3220269634,0.00000000
59820.000000,16.6166666667,0.3217185667,0.3135661739,0.2881000306,0.2400363615,0.0931604120,0.3217185667,0.00000000
59880.000000,16.6333333333,0.3214110231,0.3132702177,0.2878393544,0.2398380006,0.0930369319,0.3214110231,0.00000000
59940.000000,16.6500000000,0.3211043296,0.3129750798,0.2875794007,0.2396401972,0.0929139915,0.3211043296,0.00000000
60000.000000,16.6666666667,0.3207984827,0.3126807570,0.2873201668,0.2394429488,0.0927915877,0.3207984827,0.00000000
60060.000000,16.6833333333,0.3204934793,0.3123872462,0.2870616496,0.2392462532,0.0926697176,0.3204934793,0.00000000
60120.000000,16.7000000000,0.3201893162,0.3120945442,0.2868038464,0.2390501078,0.0925483782,0.3201893162,0.00000000
60180.000000,16.7166666667,0.3198859899,0.3118026480,0.2865467543,0.2388545103,0.0924275664,0.3198859899,0.00000000
60240.000000,16.7333333333,0.3195834975,0.3115115543,0.2862903704,0.2386594585,0.0923072793,0.3195834975,0.00000000
60300.000000,16.7500000000,0.3192818356,0.3112212600,0.2860346921,0.2384649499,0.0921875140,0.3192818356,0.00000000
60360.000000,16.7666666667,0.3189810011,0.3109317622,0.2857797164,0.2382709822,0.0920682675,0.3189810011,0.00000000
60420.000000,16.7833333333,0.3186809908,0.3106430577,0.2855254406,0.2380775532,0.0919495370,0.3186809908,0.00000000
60480.000000,16.8000000000,0.3183818015,0.3103551434,0.2852718619,0.2378846605,0.0918313195,0.3183818015,0.00000000
60540.000000,16.8166666667,0.3180834301,0.3100680163,0.2850189776,0.2376923018,0.0917136122,0.3180834301,0.00000000
60600.000000,16.8333333333,0.3177858735,0.3097816734,0.2847667848,0.2375004749,0.0915964122,0.3177858735,0.00000000
60660.000000,16.8500000000,0.3174891286,0.3094961116,0.2845152809,0.2373091774,0.0914797167,0.3174891286,0.00000000
60720.000000,16.8666666667,0.3171931922,0.3092113280,0.2842644632,0.2371184073,0.0913635229,0.3171931922,0.00000000
60780.000000,16.8833333333,0.3168980613,0.3089273195,0.2840143289,0.2369281621,0.0912478279,0.3168980613,0.00000000
60840.000000,16.9000000000,0.3166037328,0.3086440832,0.2837648754,0.2367384398,0.0911326291,0.3166037328,0.00000000
60900.000000,16.9166666667,0.3163102036,0.3083616161,0.2835160999,0.2365492380,0.0910179236,0.3163102036,0.00000000
60960.000000,16.9333333333,0.3160174707,0.3080799153,0.2832679997,0.2363605547,0.0909037086,0.3160174707,0.00000000
61020.000000,16.9500000000,0.3157255311,0.3077989777,0.2830205724,0.2361723875,0.0907899816,0.3157255311,0.00000000
61080.000000,16.9666666667,0.3154343816,0.3075188006,0.2827738151,0.2359847344,0.0906767396,0.3154343816,0.00000000
61140.000000,16.9833333333,0.3151440195,0.3072393809,0.2825277252,0.2357975931,0.0905639802,0.3151440195,0.00000000
61200.000000,17.0000000000,0.3148544415,0.3069607158,0.2822823002,0.2356109616,0.0904517005,0.3148544415,0.00000000
61260.000000,17.0166666667,0.3145656449,0.3066828023,0.2820375375,0.2354248376,0.0903398979,0.3145656449,0.00000000
61320.000000,17.0333333333,0.3142776265,0.3064056377,0.2817934344,0.2352392191,0.0902285699,0.3142776265,0.00000000
61380.000000,17.0500000000,0.3139903834,0.3061292191,0.2815499883,0.2350541039,0.0901177136,0.3139903834,0.00000000
61440.000000,17.0666666667,0.3137039128,0.3058535435,0.2813071967,0.2348694899,0.0900073266,0.3137039128,0.00000000
61500.000000,17.0833333333,0.3134182116,0.3055786083,0.2810650570,0.2346853751,0.0898974063,0.3134182116,0.00000000
61560.000000,17.1000000000,0.3131332770,0.3053044104,0.2808235667,0.2345017573,0.0897879500,0.3131332770,0.00000000
61620.000000,17.1166666667,0.3128491060,0.3050309473,0.2805827233,0.2343186345,0.0896789553,0.3128491060,0.00000000
61680.000000,17.1333333333,0.3125656959,0.3047582159,0.2803425242,0.2341360047,0.0895704195,0.3125656959,0.00000000
61740.000000,17.1500000000,0.3122830436,0.3044862137,0.2801029669,0.2339538657,0.0894623401,0.3122830436,0.00000000
61800.000000,17.1666666667,0.3120011463,0.3042149377,0.2798640490,0.2337722155,0.0893547147,0.3120011463,0.00000000
61860.000000,17.1833333333,0.3117200013,0.3039443853,0.2796257679,0.2335910522,0.0892475407,0.3117200013,0.00000000
61920.000000,17.2000000000,0.3114396056,0.3036745536,0.2793881211,0.2334103736,0.0891408157,0.3114396056,0.00000000
61980.000000,17.2166666667,0.3111599564,0.3034054401,0.2791511063,0.2332301779,0.0890345371,0.3111599564,0.00000000
62040.000000,17.2333333333,0.3108810510,0.3031370418,0.2789147209,0.2330504630,0.0889287026,0.3108810510,0.00000000
62100.000000,17.2500000000,0.3106028864,0.3028693562,0.2786789625,0.2328712268,0.0888233098,0.3106028864,0.00000000
62160.000000,17.2666666667,0.3103254601,0.3026023805,0.2784438287,0.2326924676,0.0887183561,0.3103254601,0.00000000
62220.000000,17.2833333333,0.3100487690,0.3023361121,0.2782093171,0.2325141832,0.0886138392,0.3100487690,0.00000000
62280.000000,17.3000000000,0.3097728106,0.3020705482,0.2779754253,0.2323363717,0.0885097567,0.3097728106,0.00000000
62340.000000,17.3166666667,0.3094975820,0.3018056863,0.2777421508,0.2321590313,0.0884061062,0.3094975820,0.00000000
62400.000000,17.3333333333,0.3092230805,0.3015415236,0.2775094913,0.2319821599,0.0883028854,0.3092230805,0.00000000
62460.000000,17.3500000000,0.3089493034,0.3012780575,0.2772774445,0.2318057557,0.0882000920,0.3089493034,0.00000000
62520.000000,17.3666666667,0.3086762480,0.3010152855,0.2770460080,0.2316298167,0.0880977235,0.3086762480,0.00000000
62580.000000,17.3833333333,0.3084039116,0.3007532049,0.2768151793,0.2314543411,0.0879957778,0.3084039116,0.00000000
62640.000000,17.4000000000,0.3081322915,0.3004918130,0.2765849563,0.2312793269,0.0878942525,0.3081322915,0.00000000
62700.000000,17.4166666667,0.3078613849,0.3002311074,0.2763553365,0.2311047723,0.0877931453,0.3078613849,0.00000000
62760.000000,17.4333333333,0.3075911894,0.2999710854,0.2761263177,0.2309306753,0.0876924539,0.3075911894,0.00000000
62820.000000,17.4500000000,0.3073217021,0.2997117444,0.2758978975,0.2307570343,0.0875921762,0.3073217021,0.00000000
62880.000000,17.4666666667,0.3070529205,0.2994530820,0.2756700737,0.2305838472,0.0874923098,0.3070529205,0.00000000
62940.000000,17.4833333333,0.3067848418,0.2991950955,0.2754428439,0.2304111123,0.0873928525,0.3067848418,0.00000000
63000.000000,17.5000000000,0.3065174637,0.2989377825,0.2752162059,0.2302388278,0.0872938022,0.3065174637,0.00000000
63060.000000,17.5166666667,0.3062507833,0.2986811403,0.2749901575,0.2300669917,0.0871951566,0.3062507833,0.00000000
63120.000000,17.5333333333,0.3059847981,0.2984251666,0.2747646964,0.2298956024,0.0870969136,0.3059847981,0.00000000
63180.000000,17.5500000000,0.3057195055,0.2981698588,0.2745398204,0.2297246579,0.0869990710,0.3057195055,0.00000000
63240.000000,17.5666666667,0.3054549030,0.2979152144,0.2743155271,0.2295541566,0.0869016265,0.3054549030,0.00000000
63300.000000,17.5833333333,0.3051909880,0.2976612310,0.2740918145,0.2293840966,0.0868045782,0.3051909880,0.00000000
63360.000000,17.6000000000,0.3049277579,0.2974079061,0.2738686803,0.2292144762,0.0867079238,0.3049277579,0.00000000
63420.000000,17.6166666667,0.3046652103,0.2971552372,0.2736461223,0.2290452936,0.0866116613,0.3046652103,0.00000000
63480.000000,17.6333333333,0.3044033425,0.2969032219,0.2734241383,0.2288765470,0.0865157886,0.3044033425,0.00000000
63540.000000,17.6500000000,0.3041421521,0.2966518577,0.2732027261,0.2287082347,0.0864203035,0.3041421521,0.00000000
63600.000000,17.6666666667,0.3038816366,0.2964011423,0.2729818837,0.2285403551,0.0863252040,0.3038816366,0.00000000
63660.000000,17.6833333333,0.3036217934,0.2961510733,0.2727616087,0.2283729062,0.0862304880,0.3036217934,0.00000000
63720.000000,17.7000000000,0.3033626201,0.2959016481,0.2725418991,0.2282058865,0.0861361535,0.3033626201,0.00000000
63780.000000,17.7166666667,0.3031041143,0.2956528646,0.2723227528,0.2280392942,0.0860421985,0.3031041143,0.00000000
63840.000000,17.7333333333,0.3028462734,0.2954047202,0.2721041676,0.2278731277,0.0859486208,0.3028462734,0.00000000
63900.000000,17.7500000000,0.3025890950,0.2951572126,0.2718861414,0.2277073851,0.0858554187,0.3025890950,0.00000000
63960.000000,17.7666666667,0.3023325767,0.2949103394,0.2716686721,0.2275420650,0.0857625899,0.3023325767,0.00000000
64020.000000,17.7833333333,0.3020767160,0.2946640984,0.2714517576,0.2273771655,0.0856701326,0.3020767160,0.00000000
64080.000000,17.8000000000,0.3018215106,0.2944184871,0.2712353958,0.2272126851,0.0855780447,0.3018215106,0.00000000
64140.000000,17.8166666667,0.3015669580,0.2941735033,0.2710195846,0.2270486220,0.0854863244,0.3015669580,0.00000000
64200.000000,17.8333333333,0.3013130558,0.2939291447,0.2708043221,0.2268849746,0.0853949696,0.3013130558,0.00000000
64260.000000,17.8500000000,0.3010598017,0.2936854088,0.2705896060,0.2267217414,0.0853039785,0.3010598017,0.00000000
64320.000000,17.8666666667,0.3008071933,0.2934422935,0.2703754344,0.2265589206,0.0852133491,0.3008071933,0.00000000
64380.000000,17.8833333333,0.3005552281,0.2931997965,0.2701618052,0.2263965106,0.0851230795,0.3005552281,0.00000000
64440.000000,17.9000000000,0.3003039040,0.2929579155,0.2699487165,0.2262345099,0.0850331679,0.3003039040,0.00000000
64500.000000,17.9166666667,0.3000532184,0.2927166482,0.2697361661,0.2260729168,0.0849436122,0.3000532184,0.00000000
64560.000000,17.9333333333,0.2998031691,0.2924759923,0.2695241521,0.2259117298,0.0848544107,0.2998031691,0.00000000
64620.000000,17.9500000000,0.2995537538,0.2922359457,0.2693126724,0.2257509472,0.0847655615,0.2995537538,0.00000000
64680.000000,17.9666666667,0.2993049701,0.2919965061,0.2691017252,0.2255905674,0.0846770628,0.2993049701,0.00000000
64740.000000,17.9833333333,0.2990568158,0.2917576713,0.2688913084,0.2254305890,0.0845889127,0.2990568158,0.00000000
64800.000000,18.0000000000,0.2988092885,0.2915194390,0.2686814200,0.2252710103,0.0845011093,0.2988092885,0.00000000
64860.000000,18.0166666667,0.2985623860,0.2912818071,0.2684720580,0.2251118298,0.0844136510,0.2985623860,0.00000000
64920.000000,18.0333333333,0.2983161061,0.2910447734,0.2682632206,0.2249530459,0.0843265358,0.2983161061,0.00000000
64980.000000,18.0500000000,0.2980704463,0.2908083357,0.2680549058,0.2247946572,0.0842397620,0.2980704463,0.00000000
65040.000000,18.0666666667,0.2978254046,0.2905724918,0.2678471116,0.2246366620,0.0841533278,0.2978254046,0.00000000
65100.000000,18.0833333333,0.2975809786,0.2903372395,0.2676398361,0.2244790589,0.0840672314,0.2975809786,0.00000000
65160.000000,18.1000000000,0.2973371661,0.2901025768,0.2674330773,0.2243218463,0.0839814711,0.2973371661,0.00000000
65220.000000,18.1166666667,0.2970939649,0.2898685014,0.2672268335,0.2241650227,0.0838960451,0.2970939649,0.00000000
65280.000000,18.1333333333,0.2968513728,0.2896350112,0.2670211027,0.2240085867,0.0838109517,0.2968513728,0.00000000
65340.000000,18.1500000000,0.2966093876,0.2894021042,0.2668158829,0.2238525367,0.0837261892,0.2966093876,0.00000000
65400.000000,18.1666666667,0.2963680071,0.2891697781,0.2666111724,0.2236968713,0.0836417559,0.2963680071,0.00000000
65460.000000,18.1833333333,0.2961272291,0.2889380309,0.2664069692,0.2235415889,0.0835576500,0.2961272291,0.00000000
65520.000000,18.2000000000,0.2958870514,0.2887068604,0.2662032714,0.2233866882,0.0834738699,0.2958870514,0.00000000
65580.000000,18.2166666667,0.2956474719,0.2884762647,0.2660000773,0.2232321677,0.0833904138,0.2956474719,0.00000000
65640.000000,18.2333333333,0.2954084884,0.2882462416,0.2657973850,0.2230780258,0.0833072802,0.2954084884,0.00000000
65700.000000,18.2500000000,0.2951700988,0.2880167890,0.2655951925,0.2229242612,0.0832244673,0.2951700988,0.00000000
65760.000000,18.2666666667,0.2949323009,0.2877879049,0.2653934982,0.2227708724,0.0831419735,0.2949323009,0.00000000
65820.000000,18.2833333333,0.2946950926,0.2875595873,0.2651923002,0.2226178581,0.0830597972,0.2946950926,0.00000000
65880.000000,18.3000000000,0.2944584718,0.2873318340,0.2649915966,0.2224652166,0.0829779367,0.2944584718,0.00000000
65940.000000,18.3166666667,0.2942224365,0.2871046431,0.2647913856,0.2223129468,0.0828963904,0.2942224365,0.00000000
66000.000000,18.3333333333,0.2939869844,0.2868780126,0.2645916656,0.2221610470,0.0828151567,0.2939869844,0.00000000
66060.000000,18.3500000000,0.2937521135,0.2866519403,0.2643924345,0.2220095161,0.0827342340,0.2937521135,0.00000000
66120.000000,18.3666666667,0.2935178217,0.2864264244,0.2641936908,0.2218583524,0.0826536208,0.2935178217,0.00000000
66180.000000,18.3833333333,0.2932841070,0.2862014628,0.2639954326,0.2217075547,0.0825733153,0.2932841070,0.00000000
66240.000000,18.4000000000,0.2930509672,0.2859770536,0.2637976582,0.2215571216,0.0824933162,0.2930509672,0.00000000
66300.000000,18.4166666667,0.2928184004,0.2857531947,0.2636003657,0.2214070517,0.0824136217,0.2928184004,0.00000000
66360.000000,18.4333333333,0.2925864045,0.2855298842,0.2634035535,0.2212573436,0.0823342305,0.2925864045,0.00000000
66420.000000,18.4500000000,0.2923549775,0.2853071201,0.2632072198,0.2211079960,0.0822551408,0.2923549775,0.00000000
66480.000000,18.4666666667,0.2921241172,0.2850849005,0.2630113628,0.2209590075,0.0821763512,0.2921241172,0.00000000
66540.000000,18.4833333333,0.2918938218,0.2848632234,0.2628159809,0.2208103768,0.0820978602,0.2918938218,0.00000000
66600.000000,18.5000000000,0.2916640892,0.2846420869,0.2626210724,0.2206621026,0.0820196662,0.2916640892,0.00000000
66660.000000,18.5166666667,0.2914349174,0.2844214891,0.2624266354,0.2205141834,0.0819417678,0.2914349174,0.00000000
66720.000000,18.5333333333,0.2912063044,0.2842014280,0.2622326684,0.2203666180,0.0818641635,0.2912063044,0.00000000
66780.000000,18.5500000000,0.2909782483,0.2839819017,0.2620391696,0.2202194051,0.0817868517,0.2909782483,0.00000000
66840.000000,18.5666666667,0.2907507470,0.2837629084,0.2618461374,0.2200725433,0.0817098311,0.2907507470,0.00000000
66900.000000,18.5833333333,0.2905237986,0.2835444461,0.2616535700,0.2199260313,0.0816331001,0.2905237986,0.00000000
66960.000000,18.6000000000,0.2902974011,0.2833265129,0.2614614658,0.2197798679,0.0815566572,0.2902974011,0.00000000
67020.000000,18.6166666667,0.2900715527,0.2831091071,0.2612698232,0.2196340517,0.0814805011,0.2900715527,0.00000000
67080.000000,18.6333333333,0.2898462512,0.2828922266,0.2610786404,0.2194885814,0.0814046303,0.2898462512,0.00000000
67140.000000,18.6500000000,0.2896214949,0.2826758697,0.2608879159,0.2193434559,0.0813290433,0.2896214949,0.00000000
67200.000000,18.6666666667,0.2893972818,0.2824600345,0.2606976479,0.2191986737,0.0812537389,0.2893972818,0.00000000
67260.000000,18.6833333333,0.2891736100,0.2822447191,0.2605078349,0.2190542337,0.0811787154,0.2891736100,0.00000000
67320.000000,18.7000000000,0.2889504775,0.2820299218,0.2603184753,0.2189101345,0.0811039715,0.2889504775,0.00000000
67380.000000,18.7166666667,0.2887278826,0.2818156406,0.2601295673,0.2187663750,0.0810295060,0.2887278826,0.00000000
67440.000000,18.7333333333,0.2885058232,0.2816018738,0.2599411095,0.2186229538,0.0809553172,0.2885058232,0.00000000
67500.000000,18.7500000000,0.2882842975,0.2813886196,0.2597531001,0.2184798698,0.0808814039,0.2882842975,0.00000000
67560.000000,18.7666666667,0.2880633037,0.2811758761,0.2595655377,0.2183371216,0.0808077648,0.2880633037,0.00000000
67620.000000,18.7833333333,0.2878428398,0.2809636415,0.2593784206,0.2181947081,0.0807343983,0.2878428398,0.00000000
67680.000000,18.8000000000,0.2876229040,0.2807519141,0.2591917472,0.2180526280,0.0806613033,0.2876229040,0.00000000
67740.000000,18.8166666667,0.2874034946,0.2805406921,0.2590055160,0.2179108801,0.0805884783,0.2874034946,0.00000000
67800.000000,18.8333333333,0.2871846095,0.2803299737,0.2588197253,0.2177694632,0.0805159220,0.2871846095,0.00000000
67860.000000,18.8500000000,0.2869662470,0.2801197572,0.2586343737,0.2176283761,0.0804436331,0.2869662470,0.00000000
67920.000000,18.8666666667,0.2867484053,0.2799100407,0.2584494596,0.2174876175,0.0803716103,0.2867484053,0.00000000
67980.000000,18.8833333333,0.2865310825,0.2797008226,0.2582649814,0.2173471864,0.0802998522,0.2865310825,0.00000000
68040.000000,18.9000000000,0.2863142769,0.2794921010,0.2580809376,0.2172070815,0.0802283575,0.2863142769,0.00000000
68100.000000,18.9166666667,0.2860979866,0.2792838744,0.2578973267,0.2170673016,0.0801571251,0.2860979866,0.00000000
68160.000000,18.9333333333,0.2858822098,0.2790761408,0.2577141471,0.2169278455,0.0800861534,0.2858822098,0.00000000
68220.000000,18.9500000000,0.2856669448,0.2788688987,0.2575313973,0.2167887121,0.0800154414,0.2856669448,0.00000000
68280.000000,18.9666666667,0.2854521898,0.2786621463,0.2573490758,0.2166499002,0.0799449877,0.2854521898,0.00000000
68340.000000,18.9833333333,0.2852379430,0.2784558818,0.2571671812,0.2165114086,0.0798747910,0.2852379430,0.00000000
68400.000000,19.0000000000,0.2850242026,0.2782501037,0.2569857118,0.2163732363,0.0798048501,0.2850242026,0.00000000
68460.000000,19.0166666667,0.2848109669,0.2780448102,0.2568046662,0.2162353819,0.0797351638,0.2848109669,0.00000000
68520.000000,19.0333333333,0.2845982342,0.2778399996,0.2566240430,0.2160978445,0.0796657307,0.2845982342,0.00000000
68580.000000,19.0500000000,0.2843860026,0.2776356702,0.2564438406,0.2159606228,0.0795965497,0.2843860026,0.00000000
68640.000000,19.0666666667,0.2841742706,0.2774318204,0.2562640576,0.2158237157,0.0795276196,0.2841742706,0.00000000
68700.000000,19.0833333333,0.2839630362,0.2772284486,0.2560846925,0.2156871221,0.0794589391,0.2839630362,0.00000000
68760.000000,19.1000000000,0.2837522979,0.2770255530,0.2559057439,0.2155508409,0.0793905069,0.2837522979,0.00000000
68820.000000,19.1166666667,0.2835420539,0.2768231321,0.2557272102,0.2154148709,0.0793223220,0.2835420539,0.00000000
68880.000000,19.1333333333,0.2833323025,0.2766211841,0.2555490901,0.2152792111,0.0792543831,0.2833323025,0.00000000
68940.000000,19.1500000000,0.2831230420,0.2764197075,0.2553713822,0.2151438603,0.0791866890,0.2831230420,0.00000000
69000.000000,19.1666666667,0.2829142708,0.2762187006,0.2551940849,0.2150088175,0.0791192386,0.2829142708,0.00000000
69060.000000,19.1833333333,0.2827059871,0.2760181618,0.2550171968,0.2148740815,0.0790520305,0.2827059871,0.00000000
69120.000000,19.2000000000,0.2824981892,0.2758180895,0.2548407166,0.2147396512,0.0789850638,0.2824981892,0.00000000
69180.000000,19.2166666667,0.2822908756,0.2756184821,0.2546646428,0.2146055256,0.0789183372,0.2822908756,0.00000000
69240.000000,19.2333333333,0.2820840445,0.2754193380,0.2544889741,0.2144717036,0.0788518496,0.2820840445,0.00000000
69300.000000,19.2500000000,0.2818776942,0.2752206555,0.2543137089,0.2143381841,0.0787855998,0.2818776942,0.00000000
69360.000000,19.2666666667,0.2816718233,0.2750224332,0.2541388460,0.2142049660,0.0787195867,0.2816718233,0.00000000
69420.000000,19.2833333333,0.2814664299,0.2748246695,0.2539643839,0.2140720483,0.0786538091,0.2814664299,0.00000000
69480.000000,19.3000000000,0.2812615125,0.2746273627,0.2537903212,0.2139394299,0.0785882659,0.2812615125,0.00000000
69540.000000,19.3166666667,0.2810570694,0.2744305113,0.2536166567,0.2138071098,0.0785229560,0.2810570694,0.00000000
69600.000000,19.3333333333,0.2808530990,0.2742341138,0.2534433888,0.2136750869,0.0784578783,0.2808530990,0.00000000
69660.000000,19.3500000000,0.2806495998,0.2740381686,0.2532705162,0.2135433602,0.0783930317,0.2806495998,0.00000000
69720.000000,19.3666666667,0.2804465701,0.2738426741,0.2530980377,0.2134119286,0.0783284151,0.2804465701,0.00000000
69780.000000,19.3833333333,0.2802440083,0.2736476289,0.2529259517,0.2132807910,0.0782640273,0.2802440083,0.00000000
69840.000000,19.4000000000,0.2800419128,0.2734530313,0.2527542570,0.2131499466,0.0781998673,0.2800419128,0.00000000
69900.000000,19.4166666667,0.2798402821,0.2732588799,0.2525829523,0.2130193942,0.0781359341,0.2798402821,0.00000000
69960.000000,19.4333333333,0.2796391145,0.2730651732,0.2524120362,0.2128891328,0.0780722264,0.2796391145,0.00000000
70020.000000,19.4500000000,0.2794384085,0.2728719096,0.2522415073,0.2127591614,0.0780087434,0.2794384085,0.00000000
70080.000000,19.4666666667,0.2792381625,0.2726790876,0.2520713644,0.2126294790,0.0779454838,0.2792381625,0.00000000
70140.000000,19.4833333333,0.2790383750,0.2724867058,0.2519016061,0.2125000845,0.0778824467,0.2790383750,0.00000000
70200.000000,19.5000000000,0.2788390444,0.2722947627,0.2517322312,0.2123709771,0.0778196309,0.2788390444,0.00000000
70260.000000,19.5166666667,0.2786401692,0.2721032566,0.2515632383,0.2122421557,0.0777570355,0.2786401692,0.00000000
70320.000000,19.5333333333,0.2784417478,0.2719121863,0.2513946260,0.2121136192,0.0776946595,0.2784417478,0.00000000
70380.000000,19.5500000000,0.2782437787,0.2717215502,0.2512263932,0.2119853668,0.0776325017,0.2782437787,0.00000000
70440.000000,19.5666666667,0.2780462604,0.2715313468,0.2510585386,0.2118573974,0.0775705611,0.2780462604,0.00000000
70500.000000,19.5833333333,0.2778491914,0.2713415747,0.2508910608,0.2117297100,0.0775088368,0.2778491914,0.00000000
70560.000000,19.6000000000,0.2776525701,0.2711522325,0.2507239585,0.2116023037,0.0774473277,0.2776525701,0.00000000
70620.000000,19.6166666667,0.2774563951,0.2709633186,0.2505572306,0.2114751775,0.0773860329,0.2774563951,0.00000000
70680.000000,19.6333333333,0.2772606648,0.2707748317,0.2503908757,0.2113483305,0.0773249512,0.2772606648,0.00000000
70740.000000,19.6500000000,0.2770653777,0.2705867702,0.2502248925,0.2112217616,0.0772640817,0.2770653777,0.00000000
70800.000000,19.6666666667,0.2768705324,0.2703991329,0.2500592799,0.2110954700,0.0772034235,0.2768705324,0.00000000
70860.000000,19.6833333333,0.2766761274,0.2702119182,0.2498940366,0.2109694547,0.0771429755,0.2766761274,0.00000000
70920.000000,19.7000000000,0.2764821612,0.2700251247,0.2497291613,0.2108437146,0.0770827368,0.2764821612,0.00000000
70980.000000,19.7166666667,0.2762886324,0.2698387511,0.2495646527,0.2107182490,0.0770227064,0.2762886324,0.00000000
71040.000000,19.7333333333,0.2760955394,0.2696527959,0.2494005097,0.2105930568,0.0769628832,0.2760955394,0.00000000
71100.000000,19.7500000000,0.2759028809,0.2694672577,0.2492367311,0.2104681372,0.0769032665,0.2759028809,0.00000000
71160.000000,19.7666666667,0.2757106553,0.2692821352,0.2490733155,0.2103434891,0.0768438551,0.2757106553,0.00000000
71220.000000,19.7833333333,0.2755188613,0.2690974268,0.2489102618,0.2102191117,0.0767846482,0.2755188613,0.00000000
71280.000000,19.8000000000,0.2753274974,0.2689131314,0.2487475688,0.2100950040,0.0767256448,0.2753274974,0.00000000
71340.000000,19.8166666667,0.2751365621,0.2687292474,0.2485852353,0.2099711651,0.0766668440,0.2751365621,0.00000000
71400.000000,19.8333333333,0.2749460541,0.2685457736,0.2484232600,0.2098475942,0.0766082447,0.2749460541,0.00000000
71460.000000,19.8500000000,0.2747559718,0.2683627085,0.2482616418,0.2097242902,0.0765498462,0.2747559718,0.00000000
71520.000000,19.8666666667,0.2745663140,0.2681800508,0.2481003794,0.2096012524,0.0764916475,0.2745663140,0.00000000
71580.000000,19.8833333333,0.2743770792,0.2679977991,0.2479394718,0.2094784797,0.0764336476,0.2743770792,0.00000000
71640.000000,19.9000000000,0.2741882660,0.2678159521,0.2477789176,0.2093559714,0.0763758457,0.2741882660,0.00000000
71700.000000,19.9166666667,0.2739998730,0.2676345085,0.2476187158,0.2092337265,0.0763182408,0.2739998730,0.00000000
71760.000000,19.9333333333,0.2738118988,0.2674534669,0.2474588651,0.2091117441,0.0762608320,0.2738118988,0.00000000
71820.000000,19.9500000000,0.2736243420,0.2672728260,0.2472993644,0.2089900233,0.0762036185,0.2736243420,0.00000000
71880.000000,19.9666666667,0.2734372013,0.2670925844,0.2471402126,0.2088685633,0.0761465993,0.2734372013,0.00000000
71940.000000,19.9833333333,0.2732504753,0.2669127409,0.2469814084,0.2087473632,0.0760897736,0.2732504753,0.00000000
72000.000000,20.0000000000,0.2730641625,0.2667332942,0.2468229507,0.2086264221,0.0760331405,0.2730641625,0.00000000
72060.000000,20.0166666667,0.2728782617,0.2665542428,0.2466648384,0.2085057392,0.0759766990,0.2728782617,0.00000000
72120.000000,20.0333333333,0.2726927715,0.2663755856,0.2465070704,0.2083853135,0.0759204484,0.2726927715,0.00000000
72180.000000,20.0500000000,0.2725076906,0.2661973212,0.2463496454,0.2082651442,0.0758643877,0.2725076906,0.00000000
72240.000000,20.0666666667,0.2723230175,0.2660194483,0.2461925624,0.2081452305,0.0758085162,0.2723230175,0.00000000
72300.000000,20.0833333333,0.2721387510,0.2658419656,0.2460358203,0.2080255716,0.0757528329,0.2721387510,0.00000000
72360.000000,20.1000000000,0.2719548897,0.2656648720,0.2458794178,0.2079061665,0.0756973369,0.2719548897,0.00000000
72420.000000,20.1166666667,0.2717714324,0.2654881660,0.2457233540,0.2077870144,0.0756420275,0.2717714324,0.00000000
72480.000000,20.1333333333,0.2715883776,0.2653118464,0.2455676276,0.2076681145,0.0755869038,0.2715883776,0.00000000
72540.000000,20.1500000000,0.2714057240,0.2651359120,0.2454122377,0.2075494659,0.0755319649,0.2714057240,0.00000000
72600.000000,20.1666666667,0.2712234704,0.2649603615,0.2452571830,0.2074310679,0.0754772101,0.2712234704,0.00000000
72660.000000,20.1833333333,0.2710416155,0.2647851936,0.2451024625,0.2073129195,0.0754226385,0.2710416155,0.00000000
72720.000000,20.2000000000,0.2708601579,0.2646104071,0.2449480750,0.2071950200,0.0753682492,0.2708601579,0.00000000
72780.000000,20.2166666667,0.2706790963,0.2644360008,0.2447940196,0.2070773685,0.0753140415,0.2706790963,0.00000000
72840.000000,20.2333333333,0.2704984295,0.2642619734,0.2446402950,0.2069599642,0.0752600145,0.2704984295,0.00000000
72900.000000,20.2500000000,0.2703181562,0.2640883236,0.2444869003,0.2068428064,0.0752061675,0.2703181562,0.00000000
72960.000000,20.2666666667,0.2701382751,0.2639150503,0.2443338344,0.2067258941,0.0751524996,0.2701382751,0.00000000
73020.000000,20.2833333333,0.2699587848,0.2637421523,0.2441810961,0.2066092266,0.0750990099,0.2699587848,0.00000000
73080.000000,20.3000000000,0.2697796843,0.2635696282,0.2440286844,0.2064928030,0.0750456979,0.2697796843,0.00000000
73140.000000,20.3166666667,0.2696009721,0.2633974769,0.2438765983,0.2063766227,0.0749925625,0.2696009721,0.00000000
73200.000000,20.3333333333,0.2694226471,0.2632256972,0.2437248367,0.2062606847,0.0749396031,0.2694226471,0.00000000
73260.000000,20.3500000000,0.2692447079,0.2630542879,0.2435733986,0.2061449883,0.0748868188,0.2692447079,0.00000000
73320.000000,20.3666666667,0.2690671534,0.2628832478,0.2434222828,0.2060295327,0.0748342089,0.2690671534,0.00000000
73380.000000,20.3833333333,0.2688899822,0.2627125756,0.2432714884,0.2059143172,0.0747817727,0.2688899822,0.00000000
73440.000000,20.4000000000,0.2687131932,0.2625422703,0.2431210143,0.2057993408,0.0747295092,0.2687131932,0.00000000
73500.000000,20.4166666667,0.2685367851,0.2623723306,0.2429708595,0.2056846029,0.0746774179,0.2685367851,0.00000000
73560.000000,20.4333333333,0.2683607567,0.2622027553,0.2428210229,0.2055701027,0.0746254978,0.2683607567,0.00000000
73620.000000,20.4500000000,0.2681851068,0.2620335433,0.2426715035,0.2054558393,0.0745737483,0.2681851068,0.00000000
73680.000000,20.4666666667,0.2680098341,0.2618646933,0.2425223004,0.2053418121,0.0745221685,0.2680098341,0.00000000
73740.000000,20.4833333333,0.2678349375,0.2616962044,0.2423734124,0.2052280203,0.0744707579,0.2678349375,0.00000000
73800.000000,20.5000000000,0.2676604157,0.2615280751,0.2422248386,0.2051144630,0.0744195155,0.2676604157,0.00000000
73860.000000,20.5166666667,0.2674862675,0.2613603045,0.2420765779,0.2050011396,0.0743684407,0.2674862675,0.00000000
73920.000000,20.5333333333,0.2673124917,0.2611928914,0.2419286294,0.2048880493,0.0743175327,0.2673124917,0.00000000
73980.000000,20.5500000000,0.2671390872,0.2610258346,0.2417809920,0.2047751913,0.0742667908,0.2671390872,0.00000000
74040.000000,20.5666666667,0.2669660527,0.2608591329,0.2416336648,0.2046625649,0.0742162142,0.2669660527,0.00000000
74100.000000,20.5833333333,0.2667933871,0.2606927854,0.2414866467,0.2045501693,0.0741658023,0.2667933871,0.00000000
74160.000000,20.6000000000,0.2666210892,0.2605267907,0.2413399368,0.2044380039,0.0741155543,0.2666210892,0.00000000
74220.000000,20.6166666667,0.2664491578,0.2603611478,0.2411935341,0.2043260677,0.0740654695,0.2664491578,0.00000000
74280.000000,20.6333333333,0.2662775917,0.2601958556,0.2410474376,0.2042143602,0.0740155472,0.2662775917,0.00000000
74340.000000,20.6500000000,0.2661063898,0.2600309129,0.2409016464,0.2041028806,0.0739657867,0.2661063898,0.00000000
74400.000000,20.6666666667,0.2659355509,0.2598663187,0.2407561594,0.2039916282,0.0739161872,0.2659355509,0.00000000
74460.000000,20.6833333333,0.2657650739,0.2597020718,0.2406109756,0.2038806021,0.0738667481,0.2657650739,0.00000000
74520.000000,20.7000000000,0.2655949577,0.2595381711,0.2404660942,0.2037698018,0.0738174687,0.2655949577,0.00000000
74580.000000,20.7166666667,0.2654252010,0.2593746156,0.2403215142,0.2036592265,0.0737683483,0.2654252010,0.00000000
74640.000000,20.7333333333,0.2652558027,0.2592114041,0.2401772346,0.2035488754,0.0737193861,0.2652558027,0.00000000
74700.000000,20.7500000000,0.2650867617,0.2590485355,0.2400332544,0.2034387479,0.0736705816,0.2650867617,0.00000000
74760.000000,20.7666666667,0.2649180769,0.2588860088,0.2398895727,0.2033288432,0.0736219339,0.2649180769,0.00000000
74820.000000,20.7833333333,0.2647497471,0.2587238228,0.2397461886,0.2032191606,0.0735734425,0.2647497471,0.00000000
74880.000000,20.8000000000,0.2645817712,0.2585619766,0.2396031011,0.2031096995,0.0735251067,0.2645817712,0.00000000
74940.000000,20.8166666667,0.2644141481,0.2584004689,0.2394603093,0.2030004591,0.0734769258,0.2644141481,0.00000000
75000.000000,20.8333333333,0.2642468767,0.2582392988,0.2393178123,0.2028914388,0.0734288991,0.2642468767,0.00000000
75060.000000,20.8500000000,0.2640799559,0.2580784653,0.2391756090,0.2027826377,0.0733810259,0.2640799559,0.00000000
75120.000000,20.8666666667,0.2639133846,0.2579179671,0.2390336987,0.2026740553,0.0733333057,0.2639133846,0.00000000
75180.000000,20.8833333333,0.2637471616,0.2577578033,0.2388920803,0.2025656909,0.0732857377,0.2637471616,0.00000000
75240.000000,20.9000000000,0.2635812859,0.2575979729,0.2387507530,0.2024575437,0.0732383213,0.2635812859,0.00000000
75300.000000,20.9166666667,0.2634157564,0.2574384747,0.2386097158,0.2023496130,0.0731910558,0.2634157564,0.00000000
75360.000000,20.9333333333,0.2632505720,0.2572793077,0.2384689679,0.2022418983,0.0731439407,0.2632505720,0.00000000
75420.000000,20.9500000000,0.2630857316,0.2571204710,0.2383285083,0.2021343988,0.0730969751,0.2630857316,0.00000000
75480.000000,20.9666666667,0.2629212341,0.2569619634,0.2381883361,0.2020271138,0.0730501586,0.2629212341,0.00000000
75540.000000,20.9833333333,0.2627570785,0.2568037839,0.2380484505,0.2019200427,0.0730034905,0.2627570785,0.00000000
75600.000000,21.0000000000,0.2625932637,0.2566459316,0.2379088504,0.2018131848,0.0729569701,0.2625932637,0.00000000
75660.000000,21.0166666667,0.2624297886,0.2564884053,0.2377695351,0.2017065394,0.0729105969,0.2624297886,0.00000000
75720.000000,21.0333333333,0.2622666522,0.2563312041,0.2376305037,0.2016001059,0.0728643701,0.2622666522,0.00000000
75780.000000,21.0500000000,0.2621038534,0.2561743269,0.2374917552,0.2014938836,0.0728182892,0.2621038534,0.00000000
75840.000000,21.0666666667,0.2619413912,0.2560177728,0.2373532888,0.2013878718,0.0727723535,0.2619413912,0.00000000
75900.000000,21.0833333333,0.2617792644,0.2558615408,0.2372151036,0.2012820699,0.0727265625,0.2617792644,0.00000000
75960.000000,21.1000000000,0.2616174722,0.2557056297,0.2370771987,0.2011764773,0.0726809154,0.2616174722,0.00000000
76020.000000,21.1166666667,0.2614560134,0.2555500387,0.2369395733,0.2010710932,0.0726354118,0.2614560134,0.00000000
76080.000000,21.1333333333,0.2612948869,0.2553947668,0.2368022265,0.2009659171,0.0725900510,0.2612948869,0.00000000
76140.000000,21.1500000000,0.2611340918,0.2552398129,0.2366651575,0.2008609483,0.0725448324,0.2611340918,0.00000000
76200.000000,21.1666666667,0.2609736271,0.2550851760,0.2365283653,0.2007561861,0.0724997554,0.2609736271,0.00000000
76260.000000,21.1833333333,0.2608134917,0.2549308553,0.2363918491,0.2006516299,0.0724548194,0.2608134917,0.00000000
76320.000000,21.2000000000,0.2606536845,0.2547768496,0.2362556081,0.2005472791,0.0724100238,0.2606536845,0.00000000
76380.000000,21.2166666667,0.2604942047,0.2546231581,0.2361196413,0.2004431330,0.0723653680,0.2604942047,0.00000000
76440.000000,21.2333333333,0.2603350511,0.2544697798,0.2359839481,0.2003391911,0.0723208514,0.2603350511,0.00000000
76500.000000,21.2500000000,0.2601762228,0.2543167137,0.2358485275,0.2002354526,0.0722764735,0.2601762228,0.00000000
76560.000000,21.2666666667,0.2600177187,0.2541639587,0.2357133787,0.2001319170,0.0722322337,0.2600177187,0.00000000
76620.000000,21.2833333333,0.2598595378,0.2540115141,0.2355785008,0.2000285836,0.0721881313,0.2598595378,0.00000000
76680.000000,21.3000000000,0.2597016793,0.2538593788,0.2354438930,0.1999254518,0.0721441659,0.2597016793,0.00000000
76740.000000,21.3166666667,0.2595441420,0.2537075519,0.2353095545,0.1998225210,0.0721003368,0.2595441420,0.00000000
76800.000000,21.3333333333,0.2593869250,0.2535560324,0.2351754845,0.1997197905,0.0720566435,0.2593869250,0.00000000
76860.000000,21.3500000000,0.2592300273,0.2534048194,0.2350416822,0.1996172599,0.0720130854,0.2592300273,0.00000000
76920.000000,21.3666666667,0.2590734479,0.2532539119,0.2349081466,0.1995149283,0.0719696619,0.2590734479,0.00000000
76980.000000,21.3833333333,0.2589171858,0.2531033090,0.2347748771,0.1994127954,0.0719263725,0.2589171858,0.00000000
77040.000000,21.4000000000,0.2587612401,0.2529530098,0.2346418727,0.1993108603,0.0718832166,0.2587612401,0.00000000
77100.000000,21.4166666667,0.2586056098,0.2528030133,0.2345091328,0.1992091226,0.0718401938,0.2586056098,0.00000000
77160.000000,21.4333333333,0.2584502940,0.2526533187,0.2343766564,0.1991075816,0.0717973033,0.2584502940,0.00000000
77220.000000,21.4500000000,0.2582952917,0.2525039250,0.2342444427,0.1990062367,0.0717545447,0.2582952917,0.00000000
77280.000000,21.4666666667,0.2581406018,0.2523548312,0.2341124911,0.1989050874,0.0717119174,0.2581406018,0.00000000
77340.000000,21.4833333333,0.2579862235,0.2522060365,0.2339808007,0.1988041330,0.0716694209,0.2579862235,0.00000000
77400.000000,21.5000000000,0.2578321559,0.2520575400,0.2338493706,0.1987033729,0.0716270547,0.2578321559,0.00000000
77460.000000,21.5166666667,0.2576783979,0.2519093407,0.2337182001,0.1986028067,0.0715848181,0.2576783979,0.00000000
77520.000000,21.5333333333,0.2575249487,0.2517614378,0.2335872884,0.1985024335,0.0715427108,0.2575249487,0.00000000
77580.000000,21.5500000000,0.2573718072,0.2516138303,0.2334566348,0.1984022530,0.0715007320,0.2573718072,0.00000000
77640.000000,21.5666666667,0.2572189727,0.2514665174,0.2333262384,0.1983022645,0.0714588814,0.2572189727,0.00000000
77700.000000,21.5833333333,0.2570664440,0.2513194981,0.2331960985,0.1982024674,0.0714171584,0.2570664440,0.00000000
77760.000000,21.6000000000,0.2569142203,0.2511727716,0.2330662142,0.1981028612,0.0713755624,0.2569142203,0.00000000
77820.000000,21.6166666667,0.2567623008,0.2510263370,0.2329365849,0.1980034453,0.0713340930,0.2567623008,0.00000000
77880.000000,21.6333333333,0.2566106844,0.2508801933,0.2328072097,0.1979042190,0.0712927496,0.2566106844,0.00000000
77940.000000,21.6500000000,0.2564593702,0.2507343398,0.2326780879,0.1978051819,0.0712515317,0.2564593702,0.00000000
78000.000000,21.6666666667,0.2563083573,0.2505887756,0.2325492188,0.1977063334,0.0712104388,0.2563083573,0.00000000
78060.000000,21.6833333333,0.2561576449,0.2504434997,0.2324206015,0.1976076728,0.0711694704,0.2561576449,0.00000000
78120.000000,21.7000000000,0.2560072320,0.2502985113,0.2322922353,0.1975091998,0.0711286259,0.2560072320,0.00000000
78180.000000,21.7166666667,0.2558571177,0.2501538096,0.2321641194,0.1974109135,0.0710879050,0.2558571177,0.00000000
78240.000000,21.7333333333,0.2557073011,0.2500093937,0.2320362532,0.1973128137,0.0710473070,0.2557073011,0.00000000
78300.000000,21.7500000000,0.2555577814,0.2498652627,0.2319086358,0.1972148995,0.0710068314,0.2555577814,0.00000000
78360.000000,21.7666666667,0.2554085576,0.2497214157,0.2317812666,0.1971171706,0.0709664779,0.2554085576,0.00000000
78420.000000,21.7833333333,0.2552596288,0.2495778520,0.2316541447,0.1970196264,0.0709262458,0.2552596288,0.00000000
78480.000000,21.8000000000,0.2551109941,0.2494345706,0.2315272694,0.1969222662,0.0708861347,0.2551109941,0.00000000
78540.000000,21.8166666667,0.2549626528,0.2492915707,0.2314006400,0.1968250896,0.0708461441,0.2549626528,0.00000000
78600.000000,21.8333333333,0.2548146038,0.2491488516,0.2312742558,0.1967280961,0.0708062735,0.2548146038,0.00000000
78660.000000,21.8500000000,0.2546668464,0.2490064122,0.2311481161,0.1966312850,0.0707665225,0.2546668464,0.00000000
78720.000000,21.8666666667,0.2545193796,0.2488642519,0.2310222200,0.1965346559,0.0707268904,0.2545193796,0.00000000
78780.000000,21.8833333333,0.2543722026,0.2487223698,0.2308965669,0.1964382081,0.0706873770,0.2543722026,0.00000000
78840.000000,21.9000000000,0.2542253145,0.2485807650,0.2307711561,0.1963419412,0.0706479816,0.2542253145,0.00000000
78900.000000,21.9166666667,0.2540787145,0.2484394367,0.2306459868,0.1962458547,0.0706087038,0.2540787145,0.00000000
78960.000000,21.9333333333,0.2539324016,0.2482983841,0.2305210583,0.1961499479,0.0705695432,0.2539324016,0.00000000
79020.000000,21.9500000000,0.2537863751,0.2481576064,0.2303963700,0.1960542204,0.0705304993,0.2537863751,0.00000000
79080.000000,21.9666666667,0.2536406342,0.2480171027,0.2302719210,0.1959586716,0.0704915715,0.2536406342,0.00000000
79140.000000,21.9833333333,0.2534951778,0.2478768724,0.2301477108,0.1958633011,0.0704527595,0.2534951778,0.00000000
79200.000000,22.0000000000,0.2533500053,0.2477369144,0.2300237385,0.1957681082,0.0704140627,0.2533500053,0.00000000
79260.000000,22.0166666667,0.2532051157,0.2475972281,0.2299000035,0.1956730925,0.0703754808,0.2532051157,0.00000000
79320.000000,22.0333333333,0.2530605082,0.2474578126,0.2297765052,0.1955782534,0.0703370132,0.2530605082,0.00000000
79380.000000,22.0500000000,0.2529161820,0.2473186671,0.2296532427,0.1954835905,0.0702986595,0.2529161820,0.00000000
79440.000000,22.0666666667,0.2527721363,0.2471797909,0.2295302153,0.1953891032,0.0702604192,0.2527721363,0.00000000
79500.000000,22.0833333333,0.2526283702,0.2470411830,0.2294074225,0.1952947910,0.0702222919,0.2526283702,0.00000000
79560.000000,22.1000000000,0.2524848829,0.2469028429,0.2292848636,0.1952006533,0.0701842772,0.2524848829,0.00000000
79620.000000,22.1166666667,0.2523416736,0.2467647696,0.2291625377,0.1951066898,0.0701463746,0.2523416736,0.00000000
79680.000000,22.1333333333,0.2521987415,0.2466269624,0.2290404443,0.1950128998,0.0701085836,0.2521987415,0.00000000
79740.000000,22.1500000000,0.2520560856,0.2464894204,0.2289185827,0.1949192829,0.0700709038,0.2520560856,0.00000000
79800.000000,22.1666666667,0.2519137054,0.2463521430,0.2287969521,0.1948258385,0.0700333348,0.2519137054,0.00000000
79860.000000,22.1833333333,0.2517715998,0.2462151293,0.2286755520,0.1947325663,0.0699958761,0.2517715998,0.00000000
79920.000000,22.2000000000,0.2516297682,0.2460783785,0.2285543816,0.1946394655,0.0699585273,0.2516297682,0.00000000
79980.000000,22.2166666667,0.2514882096,0.2459418900,0.2284334402,0.1945465359,0.0699212880,0.2514882096,0.00000000
80040.000000,22.2333333333,0.2513469234,0.2458056629,0.2283127273,0.1944537768,0.0698841576,0.2513469234,0.00000000
80100.000000,22.2500000000,0.2512059087,0.2456696964,0.2281922421,0.1943611878,0.0698471359,0.2512059087,0.00000000
80160.000000,22.2666666667,0.2510651647,0.2455339898,0.2280719840,0.1942687683,0.0698102224,0.2510651647,0.00000000
80220.000000,22.2833333333,0.2509246906,0.2453985424,0.2279519523,0.1941765180,0.0697734166,0.2509246906,0.00000000
80280.000000,22.3000000000,0.2507844857,0.2452633533,0.2278321463,0.1940844363,0.0697367181,0.2507844857,0.00000000
80340.000000,22.3166666667,0.2506445492,0.2451284219,0.2277125655,0.1939925227,0.0697001265,0.2506445492,0.00000000
80400.000000,22.3333333333,0.2505048802,0.2449937473,0.2275932091,0.1939007767,0.0696636413,0.2505048802,0.00000000
80460.000000,22.3500000000,0.2503654779,0.2448593289,0.2274740765,0.1938091979,0.0696272623,0.2503654779,0.00000000
80520.000000,22.3666666667,0.2502263417,0.2447251658,0.2273551670,0.1937177858,0.0695909889,0.2502263417,0.00000000
80580.000000,22.3833333333,0.2500874708,0.2445912574,0.2272364801,0.1936265398,0.0695548207,0.2500874708,0.00000000
80640.000000,22.4000000000,0.2499488643,0.2444576030,0.2271180150,0.1935354596,0.0695187573,0.2499488643,0.00000000
80700.000000,22.4166666667,0.2498105215,0.2443242016,0.2269997711,0.1934445446,0.0694827984,0.2498105215,0.00000000
80760.000000,22.4333333333,0.2496724417,0.2441910528,0.2268817479,0.1933537945,0.0694469435,0.2496724417,0.00000000
80820.000000,22.4500000000,0.2495346240,0.2440581556,0.2267639445,0.1932632086,0.0694111921,0.2495346240,0.00000000
80880.000000,22.4666666667,0.2493970678,0.2439255094,0.2266463605,0.1931727865,0.0693755440,0.2493970678,0.00000000
80940.000000,22.4833333333,0.2492597722,0.2437931134,0.2265289952,0.1930825278,0.0693399987,0.2492597722,0.00000000
81000.000000,22.5000000000,0.2491227365,0.2436609670,0.2264118480,0.1929924320,0.0693045557,0.2491227365,0.00000000
81060.000000,22.5166666667,0.2489859600,0.2435290694,0.2262949181,0.1929024986,0.0692692148,0.2489859600,0.00000000
81120.000000,22.5333333333,0.2488494418,0.2433974199,0.2261782051,0.1928127272,0.0692339754,0.2488494418,0.00000000
81180.000000,22.5500000000,0.2487131814,0.2432660178,0.2260617083,0.1927231174,0.0691988373,0.2487131814,0.00000000
81240.000000,22.5666666667,0.2485771778,0.2431348623,0.2259454270,0.1926336685,0.0691638000,0.2485771778,0.00000000
81300.000000,22.5833333333,0.2484414305,0.2430039528,0.2258293607,0.1925443803,0.0691288632,0.2484414305,0.00000000
81360.000000,22.6000000000,0.2483059386,0.2428732885,0.2257135087,0.1924552523,0.0690940263,0.2483059386,0.00000000
81420.000000,22.6166666667,0.2481707014,0.2427428688,0.2255978705,0.1923662839,0.0690592892,0.2481707014,0.00000000
81480.000000,22.6333333333,0.2480357181,0.2426126930,0.2254824454,0.1922774747,0.0690246513,0.2480357181,0.00000000
81540.000000,22.6500000000,0.2479009882,0.2424827603,0.2253672328,0.1921888244,0.0689901123,0.2479009882,0.00000000
81600.000000,22.6666666667,0.2477665107,0.2423530700,0.2252522320,0.1921003324,0.0689556718,0.2477665107,0.00000000
81660.000000,22.6833333333,0.2476322851,0.2422236215,0.2251374426,0.1920119982,0.0689213294,0.2476322851,0.00000000
81720.000000,22.7000000000,0.2474983105,0.2420944141,0.2250228639,0.1919238216,0.0688870849,0.2474983105,0.00000000
81780.000000,22.7166666667,0.2473645863,0.2419654471,0.2249084953,0.1918358019,0.0688529376,0.2473645863,0.00000000
81840.000000,22.7333333333,0.2472311118,0.2418367198,0.2247943363,0.1917479388,0.0688188874,0.2472311118,0.00000000
81900.000000,22.7500000000,0.2470978861,0.2417082314,0.2246803861,0.1916602318,0.0687849339,0.2470978861,0.00000000
81960.000000,22.7666666667,0.2469649088,0.2415799815,0.2245666442,0.1915726806,0.0687510766,0.2469649088,0.00000000
82020.000000,22.7833333333,0.2468321789,0.2414519691,0.2244531101,0.1914852845,0.0687173152,0.2468321789,0.00000000
82080.000000,22.8000000000,0.2466996958,0.2413241938,0.2243397832,0.1913980433,0.0686836494,0.2466996958,0.00000000
82140.000000,22.8166666667,0.2465674589,0.2411966548,0.2242266628,0.1913109565,0.0686500787,0.2465674589,0.00000000
82200.000000,22.8333333333,0.2464354674,0.2410693514,0.2241137483,0.1912240236,0.0686166028,0.2464354674,0.00000000
82260.000000,22.8500000000,0.2463037206,0.2409422830,0.2240010393,0.1911372443,0.0685832214,0.2463037206,0.00000000
82320.000000,22.8666666667,0.2461722178,0.2408154488,0.2238885351,0.1910506181,0.0685499341,0.2461722178,0.00000000
82380.000000,22.8833333333,0.2460409584,0.2406888484,0.2237762352,0.1909641445,0.0685167405,0.2460409584,0.00000000
82440.000000,22.9000000000,0.2459099416,0.2405624809,0.2236641389,0.1908778231,0.0684836403,0.2459099416,0.00000000
82500.000000,22.9166666667,0.2457791667,0.2404363457,0.2235522457,0.1907916536,0.0684506331,0.2457791667,0.00000000
82560.000000,22.9333333333,0.2456486331,0.2403104422,0.2234405550,0.1907056355,0.0684177186,0.2456486331,0.00000000
82620.000000,22.9500000000,0.2455183402,0.2401847698,0.2233290664,0.1906197684,0.0683848964,0.2455183402,0.00000000
82680.000000,22.9666666667,0.2453882871,0.2400593277,0.2232177791,0.1905340518,0.0683521661,0.2453882871,0.00000000
82740.000000,22.9833333333,0.2452584733,0.2399341153,0.2231066926,0.1904484854,0.0683195276,0.2452584733,0.00000000
82800.000000,23.0000000000,0.2451288980,0.2398091320,0.2229958064,0.1903630687,0.0682869802,0.2451288980,0.00000000
82860.000000,23.0166666667,0.2449995606,0.2396843771,0.2228851200,0.1902778013,0.0682545239,0.2449995606,0.00000000
82920.000000,23.0333333333,0.2448704605,0.2395598500,0.2227746326,0.1901926829,0.0682221581,0.2448704605,0.00000000
82980.000000,23.0500000000,0.2447415969,0.2394355500,0.2226643439,0.1901077129,0.0681898826,0.2447415969,0.00000000
83040.000000,23.0666666667,0.2446129692,0.2393114766,0.2225542533,0.1900228910,0.0681576970,0.2446129692,0.00000000
83100.000000,23.0833333333,0.2444845767,0.2391876290,0.2224443601,0.1899382168,0.0681256009,0.2444845767,0.00000000
83160.000000,23.1000000000,0.2443564188,0.2390640067,0.2223346639,0.1898536898,0.0680935941,0.2443564188,0.00000000
83220.000000,23.1166666667,0.2442284948,0.2389406090,0.2222251640,0.1897693097,0.0680616763,0.2442284948,0.00000000
83280.000000,23.1333333333,0.2441008041,0.2388174353,0.2221158601,0.1896850761,0.0680298470,0.2441008041,0.00000000
83340.000000,23.1500000000,0.2439733460,0.2386944850,0.2220067514,0.1896009885,0.0679981059,0.2439733460,0.00000000
83400.000000,23.1666666667,0.2438461198,0.2385717574,0.2218978375,0.1895170466,0.0679664528,0.2438461198,0.00000000
83460.000000,23.1833333333,0.2437191250,0.2384492519,0.2217891179,0.1894332500,0.0679348872,0.2437191250,0.00000000
83520.000000,23.2000000000,0.2435923608,0.2383269679,0.2216805919,0.1893495982,0.0679034089,0.2435923608,0.00000000
83580.000000,23.2166666667,0.2434658267,0.2382049049,0.2215722591,0.1892660909,0.0678720176,0.2434658267,0.00000000
83640.000000,23.2333333333,0.2433395219,0.2380830621,0.2214641190,0.1891827276,0.0678407128,0.2433395219,0.00000000
83700.000000,23.2500000000,0.2432134459,0.2379614389,0.2213561709,0.1890995081,0.0678094944,0.2432134459,0.00000000
83760.000000,23.2666666667,0.2430875980,0.2378400349,0.2212484144,0.1890164318,0.0677783619,0.2430875980,0.00000000
83820.000000,23.2833333333,0.2429619776,0.2377188492,0.2211408489,0.1889334985,0.0677473151,0.2429619776,0.00000000
83880.000000,23.3000000000,0.2428365840,0.2375978814,0.2210334740,0.1888507076,0.0677163536,0.2428365840,0.00000000
83940.000000,23.3166666667,0.2427114166,0.2374771309,0.2209262890,0.1887680589,0.0676854771,0.2427114166,0.00000000
84000.000000,23.3333333333,0.2425864748,0.2373565970,0.2208192935,0.1886855519,0.0676546854,0.2425864748,0.00000000
84060.000000,23.3500000000,0.2424617580,0.2372362791,0.2207124870,0.1886031863,0.0676239780,0.2424617580,0.00000000
84120.000000,23.3666666667,0.2423372656,0.2371161767,0.2206058689,0.1885209616,0.0675933547,0.2423372656,0.00000000
84180.000000,23.3833333333,0.2422129968,0.2369962891,0.2204994387,0.1884388775,0.0675628152,0.2422129968,0.00000000
84240.000000,23.4000000000,0.2420889512,0.2368766158,0.2203931959,0.1883569337,0.0675323591,0.2420889512,0.00000000
84300.000000,23.4166666667,0.2419651281,0.2367571562,0.2202871400,0.1882751296,0.0675019862,0.2419651281,0.00000000
84360.000000,23.4333333333,0.2418415269,0.2366379097,0.2201812705,0.1881934651,0.0674716961,0.2418415269,0.00000000
84420.000000,23.4500000000,0.2417181469,0.2365188756,0.2200755868,0.1881119396,0.0674414886,0.2417181469,0.00000000
84480.000000,23.4666666667,0.2415949876,0.2364000535,0.2199700885,0.1880305528,0.0674113633,0.2415949876,0.00000000
84540.000000,23.4833333333,0.2414720483,0.2362814427,0.2198647751,0.1879493043,0.0673813200,0.2414720483,0.00000000
84600.000000,23.5000000000,0.2413493285,0.2361630427,0.2197596460,0.1878681938,0.0673513583,0.2413493285,0.00000000
84660.000000,23.5166666667,0.2412268276,0.2360448528,0.2196547008,0.1877872209,0.0673214779,0.2412268276,0.00000000
84720.000000,23.5333333333,0.2411045449,0.2359268726,0.2195499389,0.1877063852,0.0672916786,0.2411045449,0.00000000
84780.000000,23.5500000000,0.2409824798,0.2358091013,0.2194453599,0.1876256863,0.0672619600,0.2409824798,0.00000000
84840.000000,23.5666666667,0.2408606319,0.2356915386,0.2193409632,0.1875451240,0.0672323219,0.2408606319,0.00000000
84900.000000,23.5833333333,0.2407390003,0.2355741837,0.2192367485,0.1874646978,0.0672027640,0.2407390003,0.00000000
84960.000000,23.6000000000,0.2406175847,0.2354570362,0.2191327151,0.1873844073,0.0671732859,0.2406175847,0.00000000
85020.000000,23.6166666667,0.2404963843,0.2353400954,0.2190288625,0.1873042522,0.0671438873,0.2404963843,0.00000000
85080.000000,23.6333333333,0.2403753986,0.2352233608,0.2189251904,0.1872242321,0.0671145681,0.2403753986,0.00000000
85140.000000,23.6500000000,0.2402546271,0.2351068319,0.2188216982,0.1871443468,0.0670853279,0.2402546271,0.00000000
85200.000000,23.6666666667,0.2401340691,0.2349905080,0.2187183854,0.1870645957,0.0670561664,0.2401340691,0.00000000
85260.000000,23.6833333333,0.2400137240,0.2348743887,0.2186152516,0.1869849786,0.0670270833,0.2400137240,0.00000000
85320.000000,23.7000000000,0.2398935913,0.2347584733,0.2185122962,0.1869054951,0.0669980783,0.2398935913,0.00000000
85380.000000,23.7166666667,0.2397736704,0.2346427614,0.2184095188,0.1868261448,0.0669691512,0.2397736704,0.00000000
85440.000000,23.7333333333,0.2396539607,0.2345272523,0.2183069188,0.1867469275,0.0669403017,0.2396539607,0.00000000
85500.000000,23.7500000000,0.2395344616,0.2344119456,0.2182044960,0.1866678426,0.0669115295,0.2395344616,0.00000000
85560.000000,23.7666666667,0.2394151727,0.2342968406,0.2181022496,0.1865888900,0.0668828343,0.2394151727,0.00000000
85620.000000,23.7833333333,0.2392960932,0.2341819368,0.2180001794,0.1865100692,0.0668542159,0.2392960932,0.00000000
85680.000000,23.8000000000,0.2391772227,0.2340672337,0.2178982847,0.1864313799,0.0668256739,0.2391772227,0.00000000
85740.000000,23.8166666667,0.2390585605,0.2339527308,0.2177965652,0.1863528217,0.0667972081,0.2390585605,0.00000000
85800.000000,23.8333333333,0.2389401062,0.2338384275,0.2176950203,0.1862743944,0.0667688182,0.2389401062,0.00000000
85860.000000,23.8500000000,0.2388218591,0.2337243232,0.2175936496,0.1861960975,0.0667405039,0.2388218591,0.00000000
85920.000000,23.8666666667,0.2387038187,0.2336104174,0.2174924527,0.1861179307,0.0667122651,0.2387038187,0.00000000
85980.000000,23.8833333333,0.2385859845,0.2334967097,0.2173914291,0.1860398937,0.0666841013,0.2385859845,0.00000000
86040.000000,23.9000000000,0.2384683558,0.2333831994,0.2172905782,0.1859619861,0.0666560123,0.2384683558,0.00000000
86100.000000,23.9166666667,0.2383509322,0.2332698861,0.2171898997,0.1858842076,0.0666279980,0.2383509322,0.00000000
86160.000000,23.9333333333,0.2382337131,0.2331567692,0.2170893931,0.1858065578,0.0666000579,0.2382337131,0.00000000
86220.000000,23.9500000000,0.2381166978,0.2330438481,0.2169890580,0.1857290364,0.0665721918,0.2381166978,0.00000000
86280.000000,23.9666666667,0.2379998860,0.2329311225,0.2168888938,0.1856516432,0.0665443996,0.2379998860,0.00000000
86340.000000,23.9833333333,0.2378832770,0.2328185916,0.2167889001,0.1855743776,0.0665166808,0.2378832770,0.00000000
86400.000000,24.0000000000,0.2377668704,0.2327062551,0.2166890765,0.1854972395,0.0664890352,0.2377668704,0.00000000
86460.000000,24.0166666667,0.2376506654,0.2325941124,0.2165894225,0.1854202285,0.0664614627,0.2376506654,0.00000000
86520.000000,24.0333333333,0.2375346617,0.2324821629,0.2164899377,0.1853433442,0.0664339629,0.2375346617,0.00000000
86580.000000,24.0500000000,0.2374188587,0.2323704063,0.2163906217,0.1852665863,0.0664065355,0.2374188587,0.00000000
86640.000000,24.0666666667,0.2373032558,0.2322588418,0.2162914739,0.1851899544,0.0663791803,0.2373032558,0.00000000
86700.000000,24.0833333333,0.2371878526,0.2321474692,0.2161924939,0.1851134484,0.0663518971,0.2371878526,0.00000000
86760.000000,24.1000000000,0.2370726484,0.2320362877,0.2160936814,0.1850370678,0.0663246856,0.2370726484,0.00000000
86820.000000,24.1166666667,0.2369576428,0.2319252970,0.2159950358,0.1849608122,0.0662975455,0.2369576428,0.00000000
86880.000000,24.1333333333,0.2368428351,0.2318144965,0.2158965567,0.1848846815,0.0662704766,0.2368428351,0.00000000
86940.000000,24.1500000000,0.2367282250,0.2317038857,0.2157982437,0.1848086752,0.0662434787,0.2367282250,0.00000000
87000.000000,24.1666666667,0.2366138119,0.2315934642,0.2157000963,0.1847327930,0.0662165514,0.2366138119,0.00000000
87060.000000,24.1833333333,0.2364995952,0.2314832313,0.2156021142,0.1846570347,0.0661896946,0.2364995952,0.00000000
87120.000000,24.2000000000,0.2363855745,0.2313731867,0.2155042968,0.1845813998,0.0661629079,0.2363855745,0.00000000
87180.000000,24.2166666667,0.2362717491,0.2312633298,0.2154066437,0.1845058881,0.0661361912,0.2362717491,0.00000000
87240.000000,24.2333333333,0.2361581187,0.2311536601,0.2153091546,0.1844304993,0.0661095442,0.2361581187,0.00000000
87300.000000,24.2500000000,0.2360446826,0.2310441771,0.2152118290,0.1843552330,0.0660829667,0.2360446826,0.00000000
87360.000000,24.2666666667,0.2359314404,0.2309348804,0.2151146664,0.1842800889,0.0660564583,0.2359314404,0.00000000
87420.000000,24.2833333333,0.2358183916,0.2308257694,0.2150176664,0.1842050668,0.0660300189,0.2358183916,0.00000000
87480.000000,24.3000000000,0.2357055356,0.2307168437,0.2149208286,0.1841301662,0.0660036483,0.2357055356,0.00000000
87540.000000,24.3166666667,0.2355928719,0.2306081028,0.2148241526,0.1840553869,0.0659773461,0.2355928719,0.00000000
87600.000000,24.3333333333,0.2354804001,0.2304995461,0.2147276380,0.1839807286,0.0659511121,0.2354804001,0.00000000
87660.000000,24.3500000000,0.2353681196,0.2303911733,0.2146312843,0.1839061909,0.0659249462,0.2353681196,0.00000000
87720.000000,24.3666666667,0.2352560299,0.2302829837,0.2145350911,0.1838317736,0.0658988480,0.2352560299,0.00000000
87780.000000,24.3833333333,0.2351441306,0.2301749771,0.2144390581,0.1837574764,0.0658728174,0.2351441306,0.00000000
87840.000000,24.4000000000,0.2350324211,0.2300671527,0.2143431847,0.1836832989,0.0658468540,0.2350324211,0.00000000
87900.000000,24.4166666667,0.2349209009,0.2299595103,0.2142474706,0.1836092408,0.0658209577,0.2349209009,0.00000000
87960.000000,24.4333333333,0.2348095695,0.2298520493,0.2141519154,0.1835353018,0.0657951283,0.2348095695,0.00000000
88020.000000,24.4500000000,0.2346984265,0.2297447692,0.2140565186,0.1834614817,0.0657693654,0.2346984265,0.00000000
88080.000000,24.4666666667,0.2345874713,0.2296376696,0.2139612798,0.1833877800,0.0657436689,0.2345874713,0.00000000
88140.000000,24.4833333333,0.2344767035,0.2295307499,0.2138661987,0.1833141966,0.0657180385,0.2344767035,0.00000000
88200.000000,24.5000000000,0.2343661225,0.2294240098,0.2137712748,0.1832407311,0.0656924740,0.2343661225,0.00000000
88260.000000,24.5166666667,0.2342557279,0.2293174488,0.2136765078,0.1831673833,0.0656669752,0.2342557279,0.00000000
88320.000000,24.5333333333,0.2341455192,0.2292110664,0.2135818971,0.1830941527,0.0656415418,0.2341455192,0.00000000
88380.000000,24.5500000000,0.2340354960,0.2291048620,0.2134874425,0.1830210392,0.0656161737,0.2340354960,0.00000000
88440.000000,24.5666666667,0.2339256576,0.2289988354,0.2133931434,0.1829480424,0.0655908705,0.2339256576,0.00000000
88500.000000,24.5833333333,0.2338160037,0.2288929860,0.2132989996,0.1828751620,0.0655656321,0.2338160037,0.00000000
88560.000000,24.6000000000,0.2337065338,0.2287873133,0.2132050106,0.1828023978,0.0655404583,0.2337065338,0.00000000
88620.000000,24.6166666667,0.2335972473,0.2286818169,0.2131111760,0.1827297494,0.0655153488,0.2335972473,0.00000000
88680.000000,24.6333333333,0.2334881439,0.2285764963,0.2130174954,0.1826572165,0.0654903034,0.2334881439,0.00000000
88740.000000,24.6500000000,0.2333792230,0.2284713512,0.2129239685,0.1825847990,0.0654653218,0.2333792230,0.00000000
88800.000000,24.6666666667,0.2332704841,0.2283663809,0.2128305948,0.1825124963,0.0654404040,0.2332704841,0.00000000
88860.000000,24.6833333333,0.2331619269,0.2282615851,0.2127373739,0.1824403084,0.0654155495,0.2331619269,0.00000000
88920.000000,24.7000000000,0.2330535508,0.2281569634,0.2126443054,0.1823682348,0.0653907583,0.2330535508,0.00000000
88980.000000,24.7166666667,0.2329453553,0.2280525152,0.2125513890,0.1822962754,0.0653660301,0.2329453553,0.00000000
89040.000000,24.7333333333,0.2328373401,0.2279482402,0.2124586243,0.1822244297,0.0653413647,0.2328373401,0.00000000
89100.000000,24.7500000000,0.2327295045,0.2278441379,0.2123660109,0.1821526976,0.0653167619,0.2327295045,0.00000000
89160.000000,24.7666666667,0.2326218483,0.2277402078,0.2122735484,0.1820810788,0.0652922214,0.2326218483,0.00000000
89220.000000,24.7833333333,0.2325143708,0.2276364495,0.2121812363,0.1820095729,0.0652677431,0.2325143708,0.00000000
89280.000000,24.8000000000,0.2324070717,0.2275328626,0.2120890745,0.1819381797,0.0652433267,0.2324070717,0.00000000
89340.000000,24.8166666667,0.2322999505,0.2274294465,0.2119970623,0.1818668988,0.0652189721,0.2322999505,0.00000000
89400.000000,24.8333333333,0.2321930067,0.2273262010,0.2119051995,0.1817957301,0.0651946790,0.2321930067,0.00000000
89460.000000,24.8500000000,0.2320862398,0.2272231255,0.2118134858,0.1817246733,0.0651704471,0.2320862398,0.00000000
89520.000000,24.8666666667,0.2319796495,0.2271202197,0.2117219206,0.1816537279,0.0651462764,0.2319796495,0.00000000
89580.000000,24.8833333333,0.2318732353,0.2270174830,0.2116305037,0.1815828939,0.0651221666,0.2318732353,0.00000000
89640.000000,24.9000000000,0.2317669967,0.2269149151,0.2115392346,0.1815121709,0.0650981174,0.2317669967,0.00000000
89700.000000,24.9166666667,0.2316609332,0.2268125155,0.2114481130,0.1814415586,0.0650741287,0.2316609332,0.00000000
89760.000000,24.9333333333,0.2315550445,0.2267102837,0.2113571385,0.1813710567,0.0650502003,0.2315550445,0.00000000
89820.000000,24.9500000000,0.2314493301,0.2266082195,0.2112663108,0.1813006650,0.0650263320,0.2314493301,0.00000000
89880.000000,24.9666666667,0.2313437894,0.2265063223,0.2111756295,0.1812303833,0.0650025235,0.2313437894,0.00000000
89940.000000,24.9833333333,0.2312384222,0.2264045916,0.2110850941,0.1811602111,0.0649787747,0.2312384222,0.00000000
90000.000000,25.0000000000,0.2311332279,0.2263030272,0.2109947044,0.1810901483,0.0649550854,0.2311332279,0.00000000
90060.000000,25.0166666667,0.2310282061,0.2262016286,0.2109044599,0.1810201946,0.0649314553,0.2310282061,0.00000000
90120.000000,25.0333333333,0.2309233564,0.2261003953,0.2108143604,0.1809503498,0.0649078843,0.2309233564,0.00000000
90180.000000,25.0500000000,0.2308186784,0.2259993269,0.2107244054,0.1808806135,0.0648843721,0.2308186784,0.00000000
90240.000000,25.0666666667,0.2307141715,0.2258984230,0.2106345946,0.1808109854,0.0648609186,0.2307141715,0.00000000
90300.000000,25.0833333333,0.2306098354,0.2257976832,0.2105449276,0.1807414654,0.0648375235,0.2306098354,0.00000000
90360.000000,25.1000000000,0.2305056696,0.2256971071,0.2104554040,0.1806720531,0.0648141868,0.2305056696,0.00000000
90420.000000,25.1166666667,0.2304016737,0.2255966943,0.2103660236,0.1806027483,0.0647909081,0.2304016737,0.00000000
90480.000000,25.1333333333,0.2302978473,0.2254964443,0.2102767859,0.1805335508,0.0647676873,0.2302978473,0.00000000
90540.000000,25.1500000000,0.2301941899,0.2253963568,0.2101876905,0.1804644602,0.0647445241,0.2301941899,0.00000000
90600.000000,25.1666666667,0.2300907011,0.2252964313,0.2100987372,0.1803954762,0.0647214185,0.2300907011,0.00000000
90660.000000,25.1833333333,0.2299873806,0.2251966674,0.2100099256,0.1803265988,0.0646983701,0.2299873806,0.00000000
90720.000000,25.2000000000,0.2298842277,0.2250970648,0.2099212553,0.1802578275,0.0646753789,0.2298842277,0.00000000
90780.000000,25.2166666667,0.2297812423,0.2249976230,0.2098327260,0.1801891621,0.0646524446,0.2297812423,0.00000000
90840.000000,25.2333333333,0.2296784237,0.2248983415,0.2097443372,0.1801206023,0.0646295670,0.2296784237,0.00000000
90900.000000,25.2500000000,0.2295757716,0.2247992201,0.2096560888,0.1800521480,0.0646067459,0.2295757716,0.00000000
90960.000000,25.2666666667,0.2294732857,0.2247002583,0.2095679802,0.1799837988,0.0645839812,0.2294732857,0.00000000
91020.000000,25.2833333333,0.2293709654,0.2246014557,0.2094800113,0.1799155544,0.0645612727,0.2293709654,0.00000000
91080.000000,25.3000000000,0.2292688103,0.2245028120,0.2093921815,0.1798474147,0.0645386201,0.2292688103,0.00000000
91140.000000,25.3166666667,0.2291668201,0.2244043266,0.2093044907,0.1797793794,0.0645160233,0.2291668201,0.00000000
91200.000000,25.3333333333,0.2290649943,0.2243059993,0.2092169384,0.1797114482,0.0644934821,0.2290649943,0.00000000
91260.000000,25.3500000000,0.2289633325,0.2242078295,0.2091295242,0.1796436208,0.0644709963,0.2289633325,0.00000000
91320.000000,25.3666666667,0.2288618343,0.2241098170,0.2090422479,0.1795758971,0.0644485658,0.2288618343,0.00000000
91380.000000,25.3833333333,0.2287604993,0.2240119614,0.2089551092,0.1795082767,0.0644261903,0.2287604993,0.00000000
91440.000000,25.4000000000,0.2286593271,0.2239142622,0.2088681076,0.1794407594,0.0644038697,0.2286593271,0.00000000
91500.000000,25.4166666667,0.2285583172,0.2238167190,0.2087812428,0.1793733450,0.0643816038,0.2285583172,0.00000000
91560.000000,25.4333333333,0.2284574693,0.2237193315,0.2086945146,0.1793060332,0.0643593924,0.2284574693,0.00000000
91620.000000,25.4500000000,0.2283567830,0.2236220994,0.2086079225,0.1792388237,0.0643372353,0.2283567830,0.00000000
91680.000000,25.4666666667,0.2282562579,0.2235250221,0.2085214662,0.1791717164,0.0643151323,0.2282562579,0.00000000
91740.000000,25.4833333333,0.2281558935,0.2234280993,0.2084351454,0.1791047110,0.0642930833,0.2281558935,0.00000000
91800.000000,25.5000000000,0.2280556895,0.2233313306,0.2083489598,0.1790378071,0.0642710881,0.2280556895,0.00000000
91860.000000,25.5166666667,0.2279556455,0.2232347157,0.2082629090,0.1789710047,0.0642491466,0.2279556455,0.00000000
91920.000000,25.5333333333,0.2278557610,0.2231382542,0.2081769927,0.1789043033,0.0642272584,0.2278557610,0.00000000
91980.000000,25.5500000000,0.2277560358,0.2230419457,0.2080912106,0.1788377029,0.0642054235,0.2277560358,0.00000000
92040.000000,25.5666666667,0.2276564693,0.2229457897,0.2080055623,0.1787712031,0.0641836418,0.2276564693,0.00000000
92100.000000,25.5833333333,0.2275570611,0.2228497861,0.2079200475,0.1787048037,0.0641619129,0.2275570611,0.00000000
92160.000000,25.6000000000,0.2274578110,0.2227539342,0.2078346659,0.1786385045,0.0641402367,0.2274578110,0.00000000
92220.000000,25.6166666667,0.2273587185,0.2226582339,0.2077494172,0.1785723052,0.0641186132,0.2273587185,0.00000000
92280.000000,25.6333333333,0.2272597832,0.2225626847,0.2076643010,0.1785062056,0.0640970420,0.2272597832,0.00000000
92340.000000,25.6500000000,0.2271610048,0.2224672862,0.2075793170,0.1784402054,0.0640755230,0.2271610048,0.00000000
92400.000000,25.6666666667,0.2270623828,0.2223720381,0.2074944649,0.1783743044,0.0640540561,0.2270623828,0.00000000
92460.000000,25.6833333333,0.2269639168,0.2222769399,0.2074097443,0.1783085024,0.0640326411,0.2269639168,0.00000000
92520.000000,25.7000000000,0.2268656065,0.2221819915,0.2073251551,0.1782427992,0.0640112778,0.2268656065,0.00000000
92580.000000,25.7166666667,0.2267674515,0.2220871923,0.2072406967,0.1781771944,0.0639899661,0.2267674515,0.00000000
92640.000000,25.7333333333,0.2266694514,0.2219925419,0.2071563690,0.1781116879,0.0639687057,0.2266694514,0.00000000
92700.000000,25.7500000000,0.2265716059,0.2218980402,0.2070721716,0.1780462795,0.0639474965,0.2265716059,0.00000000
92760.000000,25.7666666667,0.2264739145,0.2218036866,0.2069881041,0.1779809688,0.0639263384,0.2264739145,0.00000000
92820.000000,25.7833333333,0.2263763769,0.2217094808,0.2069041663,0.1779157557,0.0639052311,0.2263763769,0.00000000
92880.000000,25.8000000000,0.2262789926,0.2216154224,0.2068203579,0.1778506399,0.0638841746,0.2262789926,0.00000000
92940.000000,25.8166666667,0.2261817614,0.2215215112,0.2067366785,0.1777856212,0.0638631686,0.2261817614,0.00000000
93000.000000,25.8333333333,0.2260846828,0.2214277467,0.2066531278,0.1777206994,0.0638422130,0.2260846828,0.00000000
93060.000000,25.8500000000,0.2259877565,0.2213341285,0.2065697056,0.1776558743,0.0638213076,0.2259877565,0.00000000
93120.000000,25.8666666667,0.2258909821,0.2212406564,0.2064864115,0.1775911455,0.0638004523,0.2258909821,0.00000000
93180.000000,25.8833333333,0.2257943593,0.2211473300,0.2064032451,0.1775265130,0.0637796469,0.2257943593,0.00000000
93240.000000,25.9000000000,0.2256978876,0.2210541488,0.2063202063,0.1774619763,0.0637588912,0.2256978876,0.00000000
93300.000000,25.9166666667,0.2256015667,0.2209611126,0.2062372946,0.1773975355,0.0637381851,0.2256015667,0.00000000
93360.000000,25.9333333333,0.2255053962,0.2208682210,0.2061545098,0.1773331901,0.0637175284,0.2255053962,0.00000000
93420.000000,25.9500000000,0.2254093758,0.2207754737,0.2060718516,0.1772689400,0.0636969209,0.2254093758,0.00000000
93480.000000,25.9666666667,0.2253135051,0.2206828703,0.2059893196,0.1772047849,0.0636763626,0.2253135051,0.00000000
93540.000000,25.9833333333,0.2252177837,0.2205904104,0.2059069137,0.1771407247,0.0636558532,0.2252177837,0.00000000
93600.000000,26.0000000000,0.2251222113,0.2204980937,0.2058246333,0.1770767591,0.0636353926,0.2251222113,0.00000000
93660.000000,26.0166666667,0.2250267874,0.2204059199,0.2057424784,0.1770128879,0.0636149806,0.2250267874,0.00000000
93720.000000,26.0333333333,0.2249315119,0.2203138886,0.2056604485,0.1769491108,0.0635946170,0.2249315119,0.00000000
93780.000000,26.0500000000,0.2248363842,0.2202219995,0.2055785434,0.1768854277,0.0635743018,0.2248363842,0.00000000
93840.000000,26.0666666667,0.2247414041,0.2201302522,0.2054967627,0.1768218383,0.0635540348,0.2247414041,0.00000000
93900.000000,26.0833333333,0.2246465711,0.2200386464,0.2054151062,0.1767583424,0.0635338157,0.2246465711,0.00000000
93960.000000,26.1000000000,0.2245518850,0.2199471818,0.2053335736,0.1766949398,0.0635136445,0.2245518850,0.00000000
94020.000000,26.1166666667,0.2244573453,0.2198558579,0.2052521646,0.1766316303,0.0634935210,0.2244573453,0.00000000
94080.000000,26.1333333333,0.2243629518,0.2197646746,0.2051708789,0.1765684136,0.0634734451,0.2243629518,0.00000000
94140.000000,26.1500000000,0.2242687040,0.2196736313,0.2050897161,0.1765052895,0.0634534166,0.2242687040,0.00000000
94200.000000,26.1666666667,0.2241746016,0.2195827279,0.2050086760,0.1764422579,0.0634334353,0.2241746016,0.00000000
94260.000000,26.1833333333,0.2240806443,0.2194919639,0.2049277584,0.1763793184,0.0634135010,0.2240806443,0.00000000
94320.000000,26.2000000000,0.2239868317,0.2194013391,0.2048469629,0.1763164710,0.0633936138,0.2239868317,0.00000000
94380.000000,26.2166666667,0.2238931634,0.2193108530,0.2047662891,0.1762537153,0.0633737733,0.2238931634,0.00000000
94440.000000,26.2333333333,0.2237996392,0.2192205054,0.2046857370,0.1761910511,0.0633539795,0.2237996392,0.00000000
94500.000000,26.2500000000,0.2237062586,0.2191302960,0.2046053061,0.1761284783,0.0633342322,0.2237062586,0.00000000
94560.000000,26.2666666667,0.2236130214,0.2190402243,0.2045249961,0.1760659967,0.0633145312,0.2236130214,0.00000000
94620.000000,26.2833333333,0.2235199272,0.2189502901,0.2044448068,0.1760036059,0.0632948764,0.2235199272,0.00000000
94680.000000,26.3000000000,0.2234269756,0.2188604931,0.2043647380,0.1759413059,0.0632752677,0.2234269756,0.00000000
94740.000000,26.3166666667,0.2233341663,0.2187708328,0.2042847892,0.1758790964,0.0632557049,0.2233341663,0.00000000
94800.000000,26.3333333333,0.2232414990,0.2186813091,0.2042049602,0.1758169771,0.0632361879,0.2232414990,0.00000000
94860.000000,26.3500000000,0.2231489733,0.2185919215,0.2041252508,0.1757549480,0.0632167165,0.2231489733,0.00000000
94920.000000,26.3666666667,0.2230565889,0.2185026698,0.2040456607,0.1756930087,0.0631972905,0.2230565889,0.00000000
94980.000000,26.3833333333,0.2229643455,0.2184135536,0.2039661895,0.1756311591,0.0631779099,0.2229643455,0.00000000
95040.000000,26.4000000000,0.2228722426,0.2183245726,0.2038868371,0.1755693989,0.0631585745,0.2228722426,0.00000000
95100.000000,26.4166666667,0.2227802801,0.2182357265,0.2038076030,0.1755077280,0.0631392842,0.2227802801,0.00000000
95160.000000,26.4333333333,0.2226884575,0.2181470149,0.2037284871,0.1754461462,0.0631200387,0.2226884575,0.00000000
95220.000000,26.4500000000,0.2225967745,0.2180584376,0.2036494891,0.1753846531,0.0631008380,0.2225967745,0.00000000
95280.000000,26.4666666667,0.2225052308,0.2179699942,0.2035706087,0.1753232488,0.0630816820,0.2225052308,0.00000000
95340.000000,26.4833333333,0.2224138260,0.2178816844,0.2034918456,0.1752619328,0.0630625704,0.2224138260,0.00000000
95400.000000,26.5000000000,0.2223225599,0.2177935079,0.2034131995,0.1752007051,0.0630435032,0.2223225599,0.00000000
95460.000000,26.5166666667,0.2222314321,0.2177054644,0.2033346702,0.1751395654,0.0630244802,0.2222314321,0.00000000
95520.000000,26.5333333333,0.2221404422,0.2176175536,0.2032562574,0.1750785136,0.0630055012,0.2221404422,0.00000000
95580.000000,26.5500000000,0.2220495900,0.2175297751,0.2031779608,0.1750175494,0.0629865662,0.2220495900,0.00000000
95640.000000,26.5666666667,0.2219588751,0.2174421286,0.2030997802,0.1749566726,0.0629676750,0.2219588751,0.00000000
95700.000000,26.5833333333,0.2218682972,0.2173546138,0.2030217152,0.1748958830,0.0629488274,0.2218682972,0.00000000
95760.000000,26.6000000000,0.2217778559,0.2172672305,0.2029437657,0.1748351805,0.0629300234,0.2217778559,0.00000000
95820.000000,26.6166666667,0.2216875510,0.2171799783,0.2028659313,0.1747745648,0.0629112627,0.2216875510,0.00000000
95880.000000,26.6333333333,0.2215973822,0.2170928569,0.2027882118,0.1747140357,0.0628925453,0.2215973822,0.00000000
95940.000000,26.6500000000,0.2215073490,0.2170058660,0.2027106069,0.1746535930,0.0628738710,0.2215073490,0.00000000
96000.000000,26.6666666667,0.2214174513,0.2169190052,0.2026331163,0.1745932366,0.0628552397,0.2214174513,0.00000000
96060.000000,26.6833333333,0.2213276886,0.2168322744,0.2025557398,0.1745329663,0.0628366512,0.2213276886,0.00000000
96120.000000,26.7000000000,0.2212380607,0.2167456731,0.2024784771,0.1744727817,0.0628181054,0.2212380607,0.00000000
96180.000000,26.7166666667,0.2211485672,0.2166592011,0.2024013280,0.1744126829,0.0627996023,0.2211485672,0.00000000
96240.000000,26.7333333333,0.2210592078,0.2165728581,0.2023242922,0.1743526695,0.0627811416,0.2210592078,0.00000000
96300.000000,26.7500000000,0.2209699822,0.2164866438,0.2022473694,0.1742927413,0.0627627231,0.2209699822,0.00000000
96360.000000,26.7666666667,0.2208808902,0.2164005578,0.2021705593,0.1742328982,0.0627443469,0.2208808902,0.00000000
96420.000000,26.7833333333,0.2207919313,0.2163145999,0.2020938618,0.1741731400,0.0627260128,0.2207919313,0.00000000
96480.000000,26.8000000000,0.2207031053,0.2162287698,0.2020172765,0.1741134665,0.0627077205,0.2207031053,0.00000000
96540.000000,26.8166666667,0.2206144118,0.2161430672,0.2019408032,0.1740538775,0.0626894701,0.2206144118,0.00000000
96600.000000,26.8333333333,0.2205258506,0.2160574917,0.2018644416,0.1739943727,0.0626712613,0.2205258506,0.00000000
96660.000000,26.8500000000,0.2204374214,0.2159720432,0.2017881915,0.1739349521,0.0626530941,0.2204374214,0.00000000
96720.000000,26.8666666667,0.2203491238,0.2158867212,0.2017120526,0.1738756154,0.0626349683,0.2203491238,0.00000000
96780.000000,26.8833333333,0.2202609575,0.2158015255,0.2016360247,0.1738163625,0.0626168837,0.2202609575,0.00000000
96840.000000,26.9000000000,0.2201729222,0.2157164559,0.2015601075,0.1737571930,0.0625988403,0.2201729222,0.00000000
96900.000000,26.9166666667,0.2200850177,0.2156315119,0.2014843007,0.1736981070,0.0625808380,0.2200850177,0.00000000
96960.000000,26.9333333333,0.2199972436,0.2155466934,0.2014086041,0.1736391041,0.0625628765,0.2199972436,0.00000000
97020.000000,26.9500000000,0.2199095996,0.2154620000,0.2013330175,0.1735801842,0.0625449559,0.2199095996,0.00000000
97080.000000,26.9666666667,0.2198220854,0.2153774314,0.2012575406,0.1735213471,0.0625270759,0.2198220854,0.00000000
97140.000000,26.9833333333,0.2197347007,0.2152929874,0.2011821731,0.1734625926,0.0625092364,0.2197347007,0.00000000
97200.000000,27.0000000000,0.2196474453,0.2152086677,0.2011069148,0.1734039205,0.0624914373,0.2196474453,0.00000000
97260.000000,27.0166666667,0.2195603187,0.2151244720,0.2010317654,0.1733453307,0.0624736785,0.2195603187,0.00000000
97320.000000,27.0333333333,0.2194733208,0.2150403999,0.2009567247,0.1732868229,0.0624559598,0.2194733208,0.00000000
97380.000000,27.0500000000,0.2193864512,0.2149564513,0.2008817925,0.1732283970,0.0624382812,0.2193864512,0.00000000
97440.000000,27.0666666667,0.2192997096,0.2148726257,0.2008069685,0.1731700528,0.0624206425,0.2192997096,0.00000000
97500.000000,27.0833333333,0.2192130957,0.2147889231,0.2007322525,0.1731117901,0.0624030436,0.2192130957,0.00000000
97560.000000,27.1000000000,0.2191266093,0.2147053430,0.2006576441,0.1730536087,0.0623854844,0.2191266093,0.00000000
97620.000000,27.1166666667,0.2190402500,0.2146218851,0.2005831432,0.1729955085,0.0623679647,0.2190402500,0.00000000
97680.000000,27.1333333333,0.2189540176,0.2145385493,0.2005087496,0.1729374892,0.0623504844,0.2189540176,0.00000000
97740.000000,27.1500000000,0.2188679117,0.2144553352,0.2004344629,0.1728795507,0.0623330435,0.2188679117,0.00000000
97800.000000,27.1666666667,0.2187819321,0.2143722425,0.2003602829,0.1728216929,0.0623156417,0.2187819321,0.00000000
97860.000000,27.1833333333,0.2186960785,0.2142892710,0.2002862094,0.1727639154,0.0622982790,0.2186960785,0.00000000
97920.000000,27.2000000000,0.2186103505,0.2142064204,0.2002122422,0.1727062182,0.0622809553,0.2186103505,0.00000000
97980.000000,27.2166666667,0.2185247480,0.2141236904,0.2001383810,0.1726486011,0.0622636704,0.2185247480,0.00000000
98040.000000,27.2333333333,0.2184392705,0.2140410807,0.2000646256,0.1725910639,0.0622464242,0.2184392705,0.00000000
98100.000000,27.2500000000,0.2183539179,0.2139585911,0.1999909757,0.1725336064,0.0622292166,0.2183539179,0.00000000
98160.000000,27.2666666667,0.2182686898,0.2138762213,0.1999174311,0.1724762284,0.0622120475,0.2182686898,0.00000000
98220.000000,27.2833333333,0.2181835860,0.2137939710,0.1998439915,0.1724189298,0.0621949168,0.2181835860,0.00000000
98280.000000,27.3000000000,0.2180986062,0.2137118399,0.1997706568,0.1723617103,0.0621778243,0.2180986062,0.00000000
98340.000000,27.3166666667,0.2180137500,0.2136298278,0.1996974267,0.1723045699,0.0621607699,0.2180137500,0.00000000
98400.000000,27.3333333333,0.2179290173,0.2135479344,0.1996243009,0.1722475084,0.0621437535,0.2179290173,0.00000000
98460.000000,27.3500000000,0.2178444076,0.2134661595,0.1995512792,0.1721905255,0.0621267751,0.2178444076,0.00000000
98520.000000,27.3666666667,0.2177599208,0.2133845027,0.1994783614,0.1721336210,0.0621098345,0.2177599208,0.00000000
98580.000000,27.3833333333,0.2176755566,0.2133029638,0.1994055472,0.1720767949,0.0620929315,0.2176755566,0.00000000
98640.000000,27.4000000000,0.2175913147,0.2132215425,0.1993328365,0.1720200470,0.0620760661,0.2175913147,0.00000000
98700.000000,27.4166666667,0.2175071948,0.2131402386,0.1992602289,0.1719633770,0.0620592381,0.2175071948,0.00000000
98760.000000,27.4333333333,0.2174231966,0.2130590517,0.1991877243,0.1719067849,0.0620424475,0.2174231966,0.00000000
98820.000000,27.4500000000,0.2173393199,0.2129779817,0.1991153224,0.1718502703,0.0620256941,0.2173393199,0.00000000
98880.000000,27.4666666667,0.2172555644,0.2128970283,0.1990430230,0.1717938333,0.0620089778,0.2172555644,0.00000000
98940.000000,27.4833333333,0.2171719297,0.2128161912,0.1989708259,0.1717374735,0.0619922985,0.2171719297,0.00000000
99000.000000,27.5000000000,0.2170884157,0.2127354701,0.1988987308,0.1716811909,0.0619756561,0.2170884157,0.00000000
99060.000000,27.5166666667,0.2170050221,0.2126548648,0.1988267375,0.1716249852,0.0619590505,0.2170050221,0.00000000
99120.000000,27.5333333333,0.2169217485,0.2125743750,0.1987548458,0.1715688563,0.0619424816,0.2169217485,0.00000000
99180.000000,27.5500000000,0.2168385948,0.2124940005,0.1986830554,0.1715128040,0.0619259492,0.2168385948,0.00000000
99240.000000,27.5666666667,0.2167555606,0.2124137410,0.1986113662,0.1714568282,0.0619094533,0.2167555606,0.00000000
99300.000000,27.5833333333,0.2166726457,0.2123335962,0.1985397778,0.1714009286,0.0618929938,0.2166726457,0.00000000
99360.000000,27.6000000000,0.2165898498,0.2122535659,0.1984682902,0.1713451052,0.0618765704,0.2165898498,0.00000000
99420.000000,27.6166666667,0.2165071727,0.2121736499,0.1983969030,0.1712893577,0.0618601832,0.2165071727,0.00000000
99480.000000,27.6333333333,0.2164246140,0.2120938478,0.1983256160,0.1712336861,0.0618438320,0.2164246140,0.00000000
99540.000000,27.6500000000,0.2163421735,0.2120141594,0.1982544291,0.1711780900,0.0618275168,0.2163421735,0.00000000
99600.000000,27.6666666667,0.2162598510,0.2119345845,0.1981833419,0.1711225694,0.0618112373,0.2162598510,0.00000000
99660.000000,27.6833333333,0.2161776462,0.2118551228,0.1981123543,0.1710671242,0.0617949935,0.2161776462,0.00000000
99720.000000,27.7000000000,0.2160955587,0.2117757740,0.1980414660,0.1710117540,0.0617787854,0.2160955587,0.00000000
99780.000000,27.7166666667,0.2160135885,0.2116965380,0.1979706769,0.1709564588,0.0617626127,0.2160135885,0.00000000
99840.000000,27.7333333333,0.2159317351,0.2116174144,0.1978999867,0.1709012385,0.0617464754,0.2159317351,0.00000000
99900.000000,27.7500000000,0.2158499983,0.2115384030,0.1978293952,0.1708460927,0.0617303734,0.2158499983,0.00000000
99960.000000,27.7666666667,0.2157683779,0.2114595035,0.1977589021,0.1707910215,0.0617143066,0.2157683779,0.00000000
100020.000000,27.7833333333,0.2156868737,0.2113807158,0.1976885073,0.1707360246,0.0616982748,0.2156868737,0.00000000
100080.000000,27.8000000000,0.2156054852,0.2113020395,0.1976182105,0.1706811018,0.0616822780,0.2156054852,0.00000000
100140.000000,27.8166666667,0.2155242124,0.2112234744,0.1975480116,0.1706262531,0.0616663161,0.2155242124,0.00000000
100200.000000,27.8333333333,0.2154430549,0.2111450203,0.1974779103,0.1705714782,0.0616503889,0.2154430549,0.00000000
100260.000000,27.8500000000,0.2153620124,0.2110666768,0.1974079063,0.1705167770,0.0616344964,0.2153620124,0.00000000
100320.000000,27.8666666667,0.2152810848,0.2109884439,0.1973379996,0.1704621493,0.0616186384,0.2152810848,0.00000000
100380.000000,27.8833333333,0.2152002718,0.2109103211,0.1972681898,0.1704075950,0.0616028149,0.2152002718,0.00000000
100440.000000,27.9000000000,0.2151195730,0.2108323084,0.1971984767,0.1703531139,0.0615870258,0.2151195730,0.00000000
100500.000000,27.9166666667,0.2150389884,0.2107544054,0.1971288602,0.1702987059,0.0615712709,0.2150389884,0.00000000
100560.000000,27.9333333333,0.2149585175,0.2106766118,0.1970593401,0.1702443707,0.0615555502,0.2149585175,0.00000000
100620.000000,27.9500000000,0.2148781601,0.2105989275,0.1969899160,0.1701901084,0.0615398635,0.2148781601,0.00000000
100680.000000,27.9666666667,0.2147979161,0.2105213523,0.1969205879,0.1701359185,0.0615242108,0.2147979161,0.00000000
100740.000000,27.9833333333,0.2147177851,0.2104438858,0.1968513554,0.1700818012,0.0615085919,0.2147177851,0.00000000
100800.000000,28.0000000000,0.2146377670,0.2103665278,0.1967822185,0.1700277561,0.0614930068,0.2146377670,0.00000000
100860.000000,28.0166666667,0.2145578613,0.2102892781,0.1967131768,0.1699737831,0.0614774553,0.2145578613,0.00000000
100920.000000,28.0333333333,0.2144780680,0.2102121364,0.1966442302,0.1699198821,0.0614619374,0.2144780680,0.00000000
100980.000000,28.0500000000,0.2143983867,0.2101351026,0.1965753785,0.1698660529,0.0614464530,0.2143983867,0.00000000
101040.000000,28.0666666667,0.2143188172,0.2100581763,0.1965066215,0.1698122953,0.0614310019,0.2143188172,0.00000000
101100.000000,28.0833333333,0.2142393593,0.2099813574,0.1964379589,0.1697586093,0.0614155841,0.2142393593,0.00000000
101160.000000,28.1000000000,0.2141600127,0.2099046456,0.1963693905,0.1697049946,0.0614001994,0.2141600127,0.00000000
101220.000000,28.1166666667,0.2140807772,0.2098280407,0.1963009162,0.1696514512,0.0613848479,0.2140807772,0.00000000
101280.000000,28.1333333333,0.2140016525,0.2097515423,0.1962325358,0.1695979788,0.0613695293,0.2140016525,0.00000000
101340.000000,28.1500000000,0.2139226384,0.2096751504,0.1961642489,0.1695445773,0.0613542435,0.2139226384,0.00000000
101400.000000,28.1666666667,0.2138437346,0.2095988647,0.1960960556,0.1694912465,0.0613389906,0.2138437346,0.00000000
101460.000000,28.1833333333,0.2137649409,0.2095226849,0.1960279554,0.1694379864,0.0613237703,0.2137649409,0.00000000
101520.000000,28.2000000000,0.2136862571,0.2094466108,0.1959599483,0.1693847967,0.0613085827,0.2136862571,0.00000000
101580.000000,28.2166666667,0.2136076828,0.2093706421,0.1958920340,0.1693316773,0.0612934275,0.2136076828,0.00000000
101640.000000,28.2333333333,0.2135292180,0.2092947787,0.1958242123,0.1692786280,0.0612783048,0.2135292180,0.00000000
101700.000000,28.2500000000,0.2134508623,0.2092190204,0.1957564831,0.1692256488,0.0612632144,0.2134508623,0.00000000
101760.000000,28.2666666667,0.2133726155,0.2091433668,0.1956888461,0.1691727394,0.0612481561,0.2133726155,0.00000000
101820.000000,28.2833333333,0.2132944773,0.2090678177,0.1956213011,0.1691198998,0.0612331300,0.2132944773,0.00000000
101880.000000,28.3000000000,0.2132164476,0.2089923730,0.1955538480,0.1690671297,0.0612181360,0.2132164476,0.00000000
101940.000000,28.3166666667,0.2131385260,0.2089170324,0.1954864865,0.1690144290,0.0612031739,0.2131385260,0.00000000
102000.000000,28.3333333333,0.2130607124,0.2088417957,0.1954192165,0.1689617976,0.0611882436,0.2130607124,0.00000000
102060.000000,28.3500000000,0.2129830065,0.2087666626,0.1953520376,0.1689092353,0.0611733451,0.2129830065,0.00000000
102120.000000,28.3666666667,0.2129054081,0.2086916329,0.1952849499,0.1688567420,0.0611584782,0.2129054081,0.00000000
102180.000000,28.3833333333,0.2128279170,0.2086167065,0.1952179530,0.1688043176,0.0611436430,0.2128279170,0.00000000
102240.000000,28.4000000000,0.2127505328,0.2085418830,0.1951510467,0.1687519618,0.0611288392,0.2127505328,0.00000000
102300.000000,28.4166666667,0.2126732554,0.2084671623,0.1950842309,0.1686996746,0.0611140668,0.2126732554,0.00000000
102360.000000,28.4333333333,0.2125960846,0.2083925441,0.1950175054,0.1686474557,0.0610993257,0.2125960846,0.00000000
102420.000000,28.4500000000,0.2125190201,0.2083180282,0.1949508700,0.1685953052,0.0610846158,0.2125190201,0.00000000
102480.000000,28.4666666667,0.2124420617,0.2082436144,0.1948843244,0.1685432227,0.0610699370,0.2124420617,0.00000000
102540.000000,28.4833333333,0.2123652091,0.2081693025,0.1948178685,0.1684912083,0.0610552893,0.2123652091,0.00000000
102600.000000,28.5000000000,0.2122884622,0.2080950922,0.1947515022,0.1684392616,0.0610406725,0.2122884622,0.00000000
102660.000000,28.5166666667,0.2122118207,0.2080209834,0.1946852251,0.1683873827,0.0610260866,0.2122118207,0.00000000
102720.000000,28.5333333333,0.2121352843,0.2079469758,0.1946190372,0.1683355713,0.0610115314,0.2121352843,0.00000000
102780.000000,28.5500000000,0.2120588529,0.2078730692,0.1945529381,0.1682838273,0.0609970069,0.2120588529,0.00000000
102840.000000,28.5666666667,0.2119825262,0.2077992633,0.1944869279,0.1682321506,0.0609825131,0.2119825262,0.00000000
102900.000000,28.5833333333,0.2119063040,0.2077255580,0.1944210061,0.1681805410,0.0609680497,0.2119063040,0.00000000
102960.000000,28.6000000000,0.2118301861,0.2076519531,0.1943551728,0.1681289984,0.0609536167,0.2118301861,0.00000000
103020.000000,28.6166666667,0.2117541722,0.2075784482,0.1942894276,0.1680775226,0.0609392141,0.2117541722,0.00000000
103080.000000,28.6333333333,0.2116782621,0.2075050433,0.1942237704,0.1680261136,0.0609248417,0.2116782621,0.00000000
103140.000000,28.6500000000,0.2116024557,0.2074317381,0.1941582010,0.1679747711,0.0609104995,0.2116024557,0.00000000
103200.000000,28.6666666667,0.2115267526,0.2073585324,0.1940927192,0.1679234951,0.0608961874,0.2115267526,0.00000000
103260.000000,28.6833333333,0.2114511526,0.2072854260,0.1940273249,0.1678722853,0.0608819052,0.2114511526,0.00000000
103320.000000,28.7000000000,0.2113756556,0.2072124186,0.1939620178,0.1678211417,0.0608676530,0.2113756556,0.00000000
103380.000000,28.7166666667,0.2113002613,0.2071395101,0.1938967977,0.1677700642,0.0608534305,0.2113002613,0.00000000
103440.000000,28.7333333333,0.2112249695,0.2070667002,0.1938316646,0.1677190525,0.0608392378,0.2112249695,0.00000000
103500.000000,28.7500000000,0.2111497800,0.2069939887,0.1937666181,0.1676681066,0.0608250748,0.2111497800,0.00000000
103560.000000,28.7666666667,0.2110746925,0.2069213755,0.1937016582,0.1676172263,0.0608109413,0.2110746925,0.00000000
103620.000000,28.7833333333,0.2109997068,0.2068488603,0.1936367845,0.1675664114,0.0607968373,0.2109997068,0.00000000
103680.000000,28.8000000000,0.2109248228,0.2067764429,0.1935719970,0.1675156619,0.0607827627,0.2109248228,0.00000000
103740.000000,28.8166666667,0.2108500402,0.2067041230,0.1935072955,0.1674649777,0.0607687174,0.2108500402,0.00000000
103800.000000,28.8333333333,0.2107753587,0.2066319006,0.1934426798,0.1674143584,0.0607547014,0.2107753587,0.00000000
103860.000000,28.8500000000,0.2107007782,0.2065597753,0.1933781497,0.1673638042,0.0607407145,0.2107007782,0.00000000
103920.000000,28.8666666667,0.2106262985,0.2064877470,0.1933137050,0.1673133147,0.0607267566,0.2106262985,0.00000000
103980.000000,28.8833333333,0.2105519193,0.2064158155,0.1932493455,0.1672628899,0.0607128278,0.2105519193,0.00000000
104040.000000,28.9000000000,0.2104776405,0.2063439805,0.1931850711,0.1672125297,0.0606989279,0.2104776405,0.00000000
104100.000000,28.9166666667,0.2104034617,0.2062722419,0.1931208816,0.1671622338,0.0606850568,0.2104034617,0.00000000
104160.000000,28.9333333333,0.2103293829,0.2062005995,0.1930567768,0.1671120023,0.0606712144,0.2103293829,0.00000000
104220.000000,28.9500000000,0.2102554037,0.2061290530,0.1929927565,0.1670618348,0.0606574007,0.2102554037,0.00000000
104280.000000,28.9666666667,0.2101815240,0.2060576022,0.1929288206,0.1670117314,0.0606436156,0.2101815240,0.00000000
104340.000000,28.9833333333,0.2101077436,0.2059862470,0.1928649689,0.1669616919,0.0606298590,0.2101077436,0.00000000
104400.000000,29.0000000000,0.2100340622,0.2059149872,0.1928012012,0.1669117161,0.0606161308,0.2100340622,0.00000000
104460.000000,29.0166666667,0.2099604797,0.2058438225,0.1927375173,0.1668618040,0.0606024309,0.2099604797,0.00000000
104520.000000,29.0333333333,0.2098869958,0.2057727527,0.1926739170,0.1668119553,0.0605887593,0.2098869958,0.00000000
104580.000000,29.0500000000,0.2098136104,0.2057017777,0.1926104003,0.1667621700,0.0605751159,0.2098136104,0.00000000
104640.000000,29.0666666667,0.2097403232,0.2056308972,0.1925469668,0.1667124479,0.0605615007,0.2097403232,0.00000000
104700.000000,29.0833333333,0.2096671339,0.2055601110,0.1924836165,0.1666627890,0.0605479134,0.2096671339,0.00000000
104760.000000,29.1000000000,0.2095940425,0.2054894190,0.1924203491,0.1666131930,0.0605343541,0.2095940425,0.00000000
104820.000000,29.1166666667,0.2095210487,0.2054188210,0.1923571646,0.1665636598,0.0605208226,0.2095210487,0.00000000
104880.000000,29.1333333333,0.2094481523,0.2053483167,0.1922940626,0.1665141894,0.0605073190,0.2094481523,0.00000000
104940.000000,29.1500000000,0.2093753531,0.2052779060,0.1922310431,0.1664647816,0.0604938431,0.2093753531,0.00000000
105000.000000,29.1666666667,0.2093026509,0.2052075886,0.1921681058,0.1664154362,0.0604803948,0.2093026509,0.00000000
105060.000000,29.1833333333,0.2092300454,0.2051373644,0.1921052507,0.1663661532,0.0604669740,0.2092300454,0.00000000
105120.000000,29.2000000000,0.2091575365,0.2050672331,0.1920424775,0.1663169323,0.0604535808,0.2091575365,0.00000000
105180.000000,29.2166666667,0.2090851241,0.2049971947,0.1919797860,0.1662677736,0.0604402150,0.2090851241,0.00000000
105240.000000,29.2333333333,0.2090128077,0.2049272488,0.1919171762,0.1662186768,0.0604268765,0.2090128077,0.00000000
105300.000000,29.2500000000,0.2089405874,0.2048573953,0.1918546478,0.1661696419,0.0604135652,0.2089405874,0.00000000
105360.000000,29.2666666667,0.2088684628,0.2047876339,0.1917922006,0.1661206687,0.0604002812,0.2088684628,0.00000000
105420.000000,29.2833333333,0.2087964338,0.2047179646,0.1917298345,0.1660717570,0.0603870242,0.2087964338,0.00000000
105480.000000,29.3000000000,0.2087245002,0.2046483871,0.1916675494,0.1660229069,0.0603737943,0.2087245002,0.00000000
105540.000000,29.3166666667,0.2086526618,0.2045789013,0.1916053450,0.1659741180,0.0603605914,0.2086526618,0.00000000
105600.000000,29.3333333333,0.2085809183,0.2045095068,0.1915432212,0.1659253904,0.0603474153,0.2085809183,0.00000000
105660.000000,29.3500000000,0.2085092696,0.2044402036,0.1914811778,0.1658767239,0.0603342660,0.2085092696,0.00000000
105720.000000,29.3666666667,0.2084377155,0.2043709915,0.1914192147,0.1658281183,0.0603211435,0.2084377155,0.00000000
105780.000000,29.3833333333,0.2083662557,0.2043018702,0.1913573316,0.1657795736,0.0603080476,0.2083662557,0.00000000
105840.000000,29.4000000000,0.2082948902,0.2042328395,0.1912955286,0.1657310896,0.0602949784,0.2082948902,0.00000000
105900.000000,29.4166666667,0.2082236186,0.2041638994,0.1912338052,0.1656826662,0.0602819356,0.2082236186,0.00000000
105960.000000,29.4333333333,0.2081524409,0.2040950496,0.1911721615,0.1656343032,0.0602689193,0.2081524409,0.00000000
106020.000000,29.4500000000,0.2080813567,0.2040262898,0.1911105972,0.1655860007,0.0602559293,0.2080813567,0.00000000
106080.000000,29.4666666667,0.2080103660,0.2039576200,0.1910491122,0.1655377584,0.0602429657,0.2080103660,0.00000000
106140.000000,29.4833333333,0.2079394684,0.2038890399,0.1909877063,0.1654895762,0.0602300283,0.2079394684,0.00000000
106200.000000,29.5000000000,0.2078686639,0.2038205494,0.1909263793,0.1654414539,0.0602171170,0.2078686639,0.00000000
106260.000000,29.5166666667,0.2077979522,0.2037521483,0.1908651312,0.1653933916,0.0602042318,0.2077979522,0.00000000
106320.000000,29.5333333333,0.2077273331,0.2036838363,0.1908039617,0.1653453890,0.0601913726,0.2077273331,0.00000000
106380.000000,29.5500000000,0.2076568065,0.2036156133,0.1907428706,0.1652974461,0.0601785394,0.2076568065,0.00000000
106440.000000,29.5666666667,0.2075863721,0.2035474792,0.1906818579,0.1652495627,0.0601657320,0.2075863721,0.00000000
106500.000000,29.5833333333,0.2075160298,0.2034794337,0.1906209233,0.1652017386,0.0601529504,0.2075160298,0.00000000
106560.000000,29.6000000000,0.2074457794,0.2034114766,0.1905600667,0.1651539739,0.0601401946,0.2074457794,0.00000000
106620.000000,29.6166666667,0.2073756207,0.2033436078,0.1904992879,0.1651062683,0.0601274644,0.2073756207,0.00000000
106680.000000,29.6333333333,0.2073055534,0.2032758271,0.1904385868,0.1650586218,0.0601147598,0.2073055534,0.00000000
106740.000000,29.6500000000,0.2072355775,0.2032081343,0.1903779632,0.1650110342,0.0601020807,0.2072355775,0.00000000
106800.000000,29.6666666667,0.2071656926,0.2031405292,0.1903174170,0.1649635054,0.0600894271,0.2071656926,0.00000000
106860.000000,29.6833333333,0.2070958987,0.2030730117,0.1902569480,0.1649160353,0.0600767988,0.2070958987,0.00000000
106920.000000,29.7000000000,0.2070261956,0.2030055815,0.1901965561,0.1648686238,0.0600641959,0.2070261956,0.00000000
106980.000000,29.7166666667,0.2069565830,0.2029382386,0.1901362410,0.1648212707,0.0600516181,0.2069565830,0.00000000
107040.000000,29.7333333333,0.2068870607,0.2028709826,0.1900760027,0.1647739760,0.0600390656,0.2068870607,0.00000000
107100.000000,29.7500000000,0.2068176287,0.2028038135,0.1900158409,0.1647267395,0.0600265382,0.2068176287,0.00000000
107160.000000,29.7666666667,0.2067482866,0.2027367310,0.1899557556,0.1646795612,0.0600140358,0.2067482866,0.00000000
107220.000000,29.7833333333,0.2066790344,0.2026697350,0.1898957465,0.1646324408,0.0600015584,0.2066790344,0.00000000
107280.000000,29.8000000000,0.2066098718,0.2026028253,0.1898358136,0.1645853783,0.0599891058,0.2066098718,0.00000000
107340.000000,29.8166666667,0.2065407987,0.2025360018,0.1897759566,0.1645383736,0.0599766781,0.2065407987,0.00000000
107400.000000,29.8333333333,0.2064718148,0.2024692642,0.1897161754,0.1644914266,0.0599642752,0.2064718148,0.00000000
107460.000000,29.8500000000,0.2064029200,0.2024026123,0.1896564699,0.1644445371,0.0599518970,0.2064029200,0.00000000
107520.000000,29.8666666667,0.2063341141,0.2023360461,0.1895968399,0.1643977050,0.0599395434,0.2063341141,0.00000000
107580.000000,29.8833333333,0.2062653969,0.2022695653,0.1895372853,0.1643509303,0.0599272144,0.2062653969,0.00000000
107640.000000,29.9000000000,0.2061967683,0.2022031697,0.1894778058,0.1643042127,0.0599149098,0.2061967683,0.00000000
107700.000000,29.9166666667,0.2061282280,0.2021368593,0.1894184014,0.1642575523,0.0599026297,0.2061282280,0.00000000
107760.000000,29.9333333333,0.2060597760,0.2020706337,0.1893590720,0.1642109488,0.0598903740,0.2060597760,0.00000000
107820.000000,29.9500000000,0.2059914119,0.2020044929,0.1892998172,0.1641644022,0.0598781426,0.2059914119,0.00000000
107880.000000,29.9666666667,0.2059231356,0.2019384367,0.1892406371,0.1641179124,0.0598659354,0.2059231356,0.00000000
107940.000000,29.9833333333,0.2058549470,0.2018724648,0.1891815314,0.1640714792,0.0598537524,0.2058549470,0.00000000
108000.000000,30.0000000000,0.2057868458,0.2018065772,0.1891225000,0.1640251025,0.0598415934,0.2057868458,0.00000000
108060.000000,30.0166666667,0.2057188320,0.2017407736,0.1890635428,0.1639787823,0.0598294586,0.2057188320,0.00000000
108120.000000,30.0333333333,0.2056509052,0.2016750539,0.1890046596,0.1639325184,0.0598173477,0.2056509052,0.00000000
108180.000000,30.0500000000,0.2055830654,0.2016094179,0.1889458502,0.1638863107,0.0598052607,0.2055830654,0.00000000
108240.000000,30.0666666667,0.2055153124,0.2015438654,0.1888871145,0.1638401590,0.0597931976,0.2055153124,0.00000000
108300.000000,30.0833333333,0.2054476459,0.2014783964,0.1888284524,0.1637940634,0.0597811582,0.2054476459,0.00000000
108360.000000,30.1000000000,0.2053800658,0.2014130105,0.1887698638,0.1637480236,0.0597691426,0.2053800658,0.00000000
108420.000000,30.1166666667,0.2053125720,0.2013477077,0.1887113484,0.1637020397,0.0597571507,0.2053125720,0.00000000
108480.000000,30.1333333333,0.2052451643,0.2012824878,0.1886529061,0.1636561113,0.0597451823,0.2052451643,0.00000000
108540.000000,30.1500000000,0.2051778424,0.2012173506,0.1885945368,0.1636102385,0.0597332374,0.2051778424,0.00000000
108600.000000,30.1666666667,0.2051106062,0.2011522959,0.1885362403,0.1635644212,0.0597213161,0.2051106062,0.00000000
108660.000000,30.1833333333,0.2050434556,0.2010873236,0.1884780166,0.1635186592,0.0597094181,0.2050434556,0.00000000
108720.000000,30.2000000000,0.2049763904,0.2010224335,0.1884198653,0.1634729524,0.0596975435,0.2049763904,0.00000000
108780.000000,30.2166666667,0.2049094103,0.2009576254,0.1883617865,0.1634273008,0.0596856922,0.2049094103,0.00000000
108840.000000,30.2333333333,0.2048425153,0.2008928992,0.1883037800,0.1633817041,0.0596738641,0.2048425153,0.00000000
108900.000000,30.2500000000,0.2047757052,0.2008282548,0.1882458455,0.1633361624,0.0596620591,0.2047757052,0.00000000
108960.000000,30.2666666667,0.2047089797,0.2007636919,0.1881879830,0.1632906755,0.0596502773,0.2047089797,0.00000000
109020.000000,30.2833333333,0.2046423387,0.2006992104,0.1881301924,0.1632452432,0.0596385185,0.2046423387,0.00000000
109080.000000,30.3000000000,0.2045757821,0.2006348101,0.1880724734,0.1631998656,0.0596267826,0.2045757821,0.00000000
109140.000000,30.3166666667,0.2045093097,0.2005704909,0.1880148260,0.1631545424,0.0596150697,0.2045093097,0.00000000
109200.000000,30.3333333333,0.2044429213,0.2005062526,0.1879572500,0.1631092736,0.0596033796,0.2044429213,0.00000000
109260.000000,30.3500000000,0.2043766167,0.2004420951,0.1878997453,0.1630640591,0.0595917123,0.2043766167,0.00000000
109320.000000,30.3666666667,0.2043103958,0.2003780181,0.1878423117,0.1630188987,0.0595800678,0.2043103958,0.00000000
109380.000000,30.3833333333,0.2042442584,0.2003140215,0.1877849491,0.1629737924,0.0595684459,0.2042442584,0.00000000
109440.000000,30.4000000000,0.2041782043,0.2002501052,0.1877276573,0.1629287401,0.0595568466,0.2041782043,0.00000000
109500.000000,30.4166666667,0.2041122334,0.2001862691,0.1876704362,0.1628837416,0.0595452699,0.2041122334,0.00000000
109560.000000,30.4333333333,0.2040463456,0.2001225128,0.1876132857,0.1628387969,0.0595337157,0.2040463456,0.00000000
109620.000000,30.4500000000,0.2039805405,0.2000588364,0.1875562056,0.1627939058,0.0595221839,0.2039805405,0.00000000
109680.000000,30.4666666667,0.2039148182,0.1999952396,0.1874991958,0.1627490683,0.0595106745,0.2039148182,0.00000000
109740.000000,30.4833333333,0.2038491783,0.1999317222,0.1874422562,0.1627042842,0.0594991874,0.2038491783,0.00000000
109800.000000,30.5000000000,0.2037836208,0.1998682842,0.1873853866,0.1626595535,0.0594877226,0.2037836208,0.00000000
109860.000000,30.5166666667,0.2037181455,0.1998049253,0.1873285868,0.1626148760,0.0594762800,0.2037181455,0.00000000
109920.000000,30.5333333333,0.2036527523,0.1997416454,0.1872718568,0.1625702516,0.0594648595,0.2036527523,0.00000000
109980.000000,30.5500000000,0.2035874409,0.1996784443,0.1872151964,0.1625256803,0.0594534611,0.2035874409,0.00000000
110040.000000,30.5666666667,0.2035222111,0.1996153220,0.1871586055,0.1624811619,0.0594420847,0.2035222111,0.00000000
110100.000000,30.5833333333,0.2034570630,0.1995522782,0.1871020839,0.1624366963,0.0594307303,0.2034570630,0.00000000
110160.000000,30.6000000000,0.2033919961,0.1994893127,0.1870456315,0.1623922835,0.0594193978,0.2033919961,0.00000000
110220.000000,30.6166666667,0.2033270106,0.1994264255,0.1869892482,0.1623479233,0.0594080871,0.2033270106,0.00000000
110280.000000,30.6333333333,0.2032621060,0.1993636163,0.1869329337,0.1623036156,0.0593967982,0.2032621060,0.00000000
110340.000000,30.6500000000,0.2031972824,0.1993008851,0.1868766881,0.1622593604,0.0593855311,0.2031972824,0.00000000
110400.000000,30.6666666667,0.2031325395,0.1992382316,0.1868205112,0.1622151575,0.0593742857,0.2031325395,0.00000000
110460.000000,30.6833333333,0.2030678771,0.1991756557,0.1867644027,0.1621710068,0.0593630619,0.2030678771,0.00000000
110520.000000,30.7000000000,0.2030032952,0.1991131573,0.1867083627,0.1621269083,0.0593518596,0.2030032952,0.00000000
110580.000000,30.7166666667,0.2029387936,0.1990507362,0.1866523909,0.1620828617,0.0593406789,0.2029387936,0.00000000
110640.000000,30.7333333333,0.2028743720,0.1989883922,0.1865964873,0.1620388672,0.0593295196,0.2028743720,0.00000000
110700.000000,30.7500000000,0.2028100304,0.1989261253,0.1865406516,0.1619949244,0.0593183817,0.2028100304,0.00000000
110760.000000,30.7666666667,0.2027457686,0.1988639352,0.1864848838,0.1619510334,0.0593072652,0.2027457686,0.00000000
110820.000000,30.7833333333,0.2026815863,0.1988018218,0.1864291838,0.1619071940,0.0592961699,0.2026815863,0.00000000
110880.000000,30.8000000000,0.2026174836,0.1987397849,0.1863735513,0.1618634062,0.0592850959,0.2026174836,0.00000000
110940.000000,30.8166666667,0.2025534602,0.1986778244,0.1863179863,0.1618196698,0.0592740430,0.2025534602,0.00000000
111000.000000,30.8333333333,0.2024895159,0.1986159402,0.1862624887,0.1617759848,0.0592630113,0.2024895159,0.00000000
111060.000000,30.8500000000,0.2024256507,0.1985541321,0.1862070583,0.1617323510,0.0592520007,0.2024256507,0.00000000
111120.000000,30.8666666667,0.2023618643,0.1984924000,0.1861516949,0.1616887683,0.0592410110,0.2023618643,0.00000000
111180.000000,30.8833333333,0.2022981566,0.1984307436,0.1860963985,0.1616452367,0.0592300424,0.2022981566,0.00000000
111240.000000,30.9000000000,0.2022345274,0.1983691629,0.1860411689,0.1616017561,0.0592190946,0.2022345274,0.00000000
111300.000000,30.9166666667,0.2021709767,0.1983076577,0.1859860060,0.1615583264,0.0592081677,0.2021709767,0.00000000
111360.000000,30.9333333333,0.2021075041,0.1982462279,0.1859309097,0.1615149474,0.0591972615,0.2021075041,0.00000000
111420.000000,30.9500000000,0.2020441097,0.1981848733,0.1858758798,0.1614716190,0.0591863762,0.2020441097,0.00000000
111480.000000,30.9666666667,0.2019807932,0.1981235938,0.1858209162,0.1614283413,0.0591755115,0.2019807932,0.00000000
111540.000000,30.9833333333,0.2019175544,0.1980623892,0.1857660188,0.1613851140,0.0591646674,0.2019175544,0.00000000
111600.000000,31.0000000000,0.2018543933,0.1980012594,0.1857111875,0.1613419371,0.0591538439,0.2018543933,0.00000000
111660.000000,31.0166666667,0.2017913097,0.1979402042,0.1856564221,0.1612988106,0.0591430410,0.2017913097,0.00000000
111720.000000,31.0333333333,0.2017283034,0.1978792235,0.1856017225,0.1612557342,0.0591322585,0.2017283034,0.00000000
111780.000000,31.0500000000,0.2016653743,0.1978183171,0.1855470885,0.1612127079,0.0591214965,0.2016653743,0.00000000
111840.000000,31.0666666667,0.2016025222,0.1977574849,0.1854925201,0.1611697316,0.0591107548,0.2016025222,0.00000000
111900.000000,31.0833333333,0.2015397470,0.1976967268,0.1854380171,0.1611268052,0.0591000335,0.2015397470,0.00000000
111960.000000,31.1000000000,0.2014770485,0.1976360426,0.1853835795,0.1610839287,0.0590893324,0.2014770485,0.00000000
112020.000000,31.1166666667,0.2014144265,0.1975754322,0.1853292070,0.1610411019,0.0590786515,0.2014144265,0.00000000
112080.000000,31.1333333333,0.2013518810,0.1975148955,0.1852748995,0.1609983247,0.0590679908,0.2013518810,0.00000000
112140.000000,31.1500000000,0.2012894118,0.1974544322,0.1852206570,0.1609555971,0.0590573502,0.2012894118,0.00000000
112200.000000,31.1666666667,0.2012270188,0.1973940422,0.1851664793,0.1609129189,0.0590467297,0.2012270188,0.00000000
112260.000000,31.1833333333,0.2011647017,0.1973337255,0.1851123663,0.1608702901,0.0590361292,0.2011647017,0.00000000
112320.000000,31.2000000000,0.2011024605,0.1972734818,0.1850583178,0.1608277105,0.0590255486,0.2011024605,0.00000000
112380.000000,31.2166666667,0.2010402949,0.1972133110,0.1850043337,0.1607851802,0.0590149879,0.2010402949,0.00000000
112440.000000,31.2333333333,0.2009782049,0.1971532130,0.1849504140,0.1607426989,0.0590044471,0.2009782049,0.00000000
112500.000000,31.2500000000,0.2009161903,0.1970931877,0.1848965584,0.1607002666,0.0589939261,0.2009161903,0.00000000
112560.000000,31.2666666667,0.2008542510,0.1970332349,0.1848427669,0.1606578832,0.0589834249,0.2008542510,0.00000000
112620.000000,31.2833333333,0.2007923868,0.1969733544,0.1847890394,0.1606155486,0.0589729433,0.2007923868,0.00000000
112680.000000,31.3000000000,0.2007305975,0.1969135462,0.1847353756,0.1605732627,0.0589624814,0.2007305975,0.00000000
112740.000000,31.3166666667,0.2006688831,0.1968538100,0.1846817756,0.1605310255,0.0589520392,0.2006688831,0.00000000
112800.000000,31.3333333333,0.2006072433,0.1967941458,0.1846282392,0.1604888368,0.0589416164,0.2006072433,0.00000000
112860.000000,31.3500000000,0.2005456781,0.1967345534,0.1845747662,0.1604466965,0.0589312132,0.2005456781,0.00000000
112920.000000,31.3666666667,0.2004841873,0.1966750327,0.1845213565,0.1604046046,0.0589208294,0.2004841873,0.00000000
112980.000000,31.3833333333,0.2004227708,0.1966155835,0.1844680101,0.1603625610,0.0589104651,0.2004227708,0.00000000
113040.000000,31.4000000000,0.2003614283,0.1965562057,0.1844147268,0.1603205656,0.0589001201,0.2003614283,0.00000000
113100.000000,31.4166666667,0.2003001598,0.1964968992,0.1843615064,0.1602786182,0.0588897944,0.2003001598,0.00000000
113160.000000,31.4333333333,0.2002389652,0.1964376638,0.1843083490,0.1602367189,0.0588794879,0.2002389652,0.00000000
113220.000000,31.4500000000,0.2001778442,0.1963784994,0.1842552542,0.1601948675,0.0588692007,0.2001778442,0.00000000
113280.000000,31.4666666667,0.2001167968,0.1963194059,0.1842022221,0.1601530639,0.0588589326,0.2001167968,0.00000000
113340.000000,31.4833333333,0.2000558227,0.1962603831,0.1841492525,0.1601113080,0.0588486836,0.2000558227,0.00000000
113400.000000,31.5000000000,0.1999949220,0.1962014309,0.1840963453,0.1600695998,0.0588384537,0.1999949220,0.00000000
113460.000000,31.5166666667,0.1999340943,0.1961425491,0.1840435004,0.1600279392,0.0588282428,0.1999340943,0.00000000
113520.000000,31.5333333333,0.1998733397,0.1960837376,0.1839907176,0.1599863260,0.0588180509,0.1998733397,0.00000000
113580.000000,31.5500000000,0.1998126579,0.1960249964,0.1839379968,0.1599447602,0.0588078779,0.1998126579,0.00000000
113640.000000,31.5666666667,0.1997520488,0.1959663252,0.1838853380,0.1599032417,0.0587977238,0.1997520488,0.00000000
113700.000000,31.5833333333,0.1996915122,0.1959077239,0.1838327410,0.1598617704,0.0587875885,0.1996915122,0.00000000
113760.000000,31.6000000000,0.1996310481,0.1958491924,0.1837802057,0.1598203463,0.0587774720,0.1996310481,0.00000000
113820.000000,31.6166666667,0.1995706563,0.1957907305,0.1837277319,0.1597789692,0.0587673742,0.1995706563,0.00000000
113880.000000,31.6333333333,0.1995103367,0.1957323382,0.1836753197,0.1597376390,0.0587572951,0.1995103367,0.00000000
113940.000000,31.6500000000,0.1994500890,0.1956740153,0.1836229687,0.1596963558,0.0587472346,0.1994500890,0.00000000
114000.000000,31.6666666667,0.1993899133,0.1956157616,0.1835706790,0.1596551193,0.0587371927,0.1993899133,0.00000000
114060.000000,31.6833333333,0.1993298093,0.1955575771,0.1835184504,0.1596139295,0.0587271694,0.1993298093,0.00000000
114120.000000,31.7000000000,0.1992697769,0.1954994615,0.1834662828,0.1595727863,0.0587171645,0.1992697769,0.00000000
114180.000000,31.7166666667,0.1992098159,0.1954414149,0.1834141761,0.1595316896,0.0587071781,0.1992098159,0.00000000
114240.000000,31.7333333333,0.1991499264,0.1953834369,0.1833621302,0.1594906394,0.0586972101,0.1991499264,0.00000000
114300.000000,31.7500000000,0.1990901080,0.1953255276,0.1833101449,0.1594496356,0.0586872605,0.1990901080,0.00000000
114360.000000,31.7666666667,0.1990303607,0.1952676868,0.1832582202,0.1594086780,0.0586773291,0.1990303607,0.00000000
114420.000000,31.7833333333,0.1989706843,0.1952099143,0.1832063559,0.1593677666,0.0586674161,0.1989706843,0.00000000
114480.000000,31.8000000000,0.1989110787,0.1951522100,0.1831545520,0.1593269013,0.0586575212,0.1989110787,0.00000000
114540.000000,31.8166666667,0.1988515438,0.1950945739,0.1831028082,0.1592860821,0.0586476446,0.1988515438,0.00000000
114600.000000,31.8333333333,0.1987920795,0.1950370057,0.1830511246,0.1592453087,0.0586377860,0.1987920795,0.00000000
114660.000000,31.8500000000,0.1987326855,0.1949795054,0.1829995009,0.1592045813,0.0586279456,0.1987326855,0.00000000
114720.000000,31.8666666667,0.1986733618,0.1949220727,0.1829479371,0.1591638996,0.0586181231,0.1986733618,0.00000000
114780.000000,31.8833333333,0.1986141083,0.1948647077,0.1828964331,0.1591232635,0.0586083187,0.1986141083,0.00000000
114840.000000,31.9000000000,0.1985549247,0.1948074101,0.1828449887,0.1590826731,0.0585985322,0.1985549247,0.00000000
114900.000000,31.9166666667,0.1984958111,0.1947501798,0.1827936039,0.1590421282,0.0585887636,0.1984958111,0.00000000
114960.000000,31.9333333333,0.1984367671,0.1946930168,0.1827422785,0.1590016288,0.0585790129,0.1984367671,0.00000000
115020.000000,31.9500000000,0.1983777928,0.1946359208,0.1826910125,0.1589611747,0.0585692800,0.1983777928,0.00000000
115080.000000,31.9666666667,0.1983188880,0.1945788918,0.1826398056,0.1589207659,0.0585595649,0.1983188880,0.00000000
115140.000000,31.9833333333,0.1982600525,0.1945219296,0.1825886579,0.1588804023,0.0585498675,0.1982600525,0.00000000
115200.000000,32.0000000000,0.1982012863,0.1944650342,0.1825375691,0.1588400838,0.0585401878,0.1982012863,0.00000000
115260.000000,32.0166666667,0.1981425891,0.1944082053,0.1824865393,0.1587998103,0.0585305257,0.1981425891,0.00000000
115320.000000,32.0333333333,0.1980839609,0.1943514429,0.1824355682,0.1587595818,0.0585208812,0.1980839609,0.00000000
115380.000000,32.0500000000,0.1980254015,0.1942947468,0.1823846558,0.1587193981,0.0585112543,0.1980254015,0.00000000
115440.000000,32.0666666667,0.1979669109,0.1942381169,0.1823338020,0.1586792593,0.0585016448,0.1979669109,0.00000000
115500.000000,32.0833333333,0.1979084888,0.1941815531,0.1822830066,0.1586391651,0.0584920529,0.1979084888,0.00000000
115560.000000,32.1000000000,0.1978501352,0.1941250553,0.1822322695,0.1585991156,0.0584824783,0.1978501352,0.00000000
115620.000000,32.1166666667,0.1977918499,0.1940686233,0.1821815907,0.1585591106,0.0584729212,0.1977918499,0.00000000
115680.000000,32.1333333333,0.1977336328,0.1940122571,0.1821309701,0.1585191501,0.0584633813,0.1977336328,0.00000000
115740.000000,32.1500000000,0.1976754838,0.1939559564,0.1820804074,0.1584792340,0.0584538588,0.1976754838,0.00000000
115800.000000,32.1666666667,0.1976174027,0.1938997213,0.1820299027,0.1584393622,0.0584443535,0.1976174027,0.00000000
115860.000000,32.1833333333,0.1975593894,0.1938435514,0.1819794558,0.1583995346,0.0584348655,0.1975593894,0.00000000
115920.000000,32.2000000000,0.1975014438,0.1937874469,0.1819290666,0.1583597511,0.0584253945,0.1975014438,0.00000000
115980.000000,32.2166666667,0.1974435658,0.1937314074,0.1818787350,0.1583200117,0.0584159408,0.1974435658,0.00000000
116040.000000,32.2333333333,0.1973857552,0.1936754329,0.1818284609,0.1582803164,0.0584065041,0.1973857552,0.00000000
116100.000000,32.2500000000,0.1973280120,0.1936195233,0.1817782442,0.1582406649,0.0583970844,0.1973280120,0.00000000
116160.000000,32.2666666667,0.1972703359,0.1935636785,0.1817280848,0.1582010573,0.0583876817,0.1972703359,0.00000000
116220.000000,32.2833333333,0.1972127269,0.1935078983,0.1816779826,0.1581614934,0.0583782960,0.1972127269,0.00000000
116280.000000,32.3000000000,0.1971551848,0.1934521826,0.1816279374,0.1581219732,0.0583689272,0.1971551848,0.00000000
116340.000000,32.3166666667,0.1970977096,0.1933965313,0.1815779492,0.1580824966,0.0583595753,0.1970977096,0.00000000
116400.000000,32.3333333333,0.1970403011,0.1933409443,0.1815280179,0.1580430635,0.0583502402,0.1970403011,0.00000000
116460.000000,32.3500000000,0.1969829591,0.1932854215,0.1814781434,0.1580036739,0.0583409219,0.1969829591,0.00000000
116520.000000,32.3666666667,0.1969256836,0.1932299627,0.1814283255,0.1579643276,0.0583316203,0.1969256836,0.00000000
116580.000000,32.3833333333,0.1968684744,0.1931745678,0.1813785642,0.1579250247,0.0583223355,0.1968684744,0.00000000
116640.000000,32.4000000000,0.1968113314,0.1931192367,0.1813288594,0.1578857649,0.0583130673,0.1968113314,0.00000000
116700.000000,32.4166666667,0.1967542544,0.1930639693,0.1812792109,0.1578465483,0.0583038158,0.1967542544,0.00000000
116760.000000,32.4333333333,0.1966972435,0.1930087655,0.1812296186,0.1578073747,0.0582945808,0.1966972435,0.00000000
116820.000000,32.4500000000,0.1966402984,0.1929536252,0.1811800825,0.1577682441,0.0582853624,0.1966402984,0.00000000
116880.000000,32.4666666667,0.1965834190,0.1928985482,0.1811306025,0.1577291565,0.0582761605,0.1965834190,0.00000000
116940.000000,32.4833333333,0.1965266052,0.1928435344,0.1810811784,0.1576901116,0.0582669750,0.1965266052,0.00000000
117000.000000,32.5000000000,0.1964698569,0.1927885837,0.1810318102,0.1576511095,0.0582578060,0.1964698569,0.00000000
117060.000000,32.5166666667,0.1964131739,0.1927336960,0.1809824977,0.1576121501,0.0582486533,0.1964131739,0.00000000
117120.000000,32.5333333333,0.1963565562,0.1926788713,0.1809332408,0.1575732333,0.0582395170,0.1963565562,0.00000000
117180.000000,32.5500000000,0.1963000036,0.1926241092,0.1808840395,0.1575343591,0.0582303971,0.1963000036,0.00000000
117240.000000,32.5666666667,0.1962435160,0.1925694098,0.1808348936,0.1574955272,0.0582212933,0.1962435160,0.00000000
117300.000000,32.5833333333,0.1961870933,0.1925147730,0.1807858031,0.1574567378,0.0582122058,0.1961870933,0.00000000
117360.000000,32.6000000000,0.1961307353,0.1924601986,0.1807367679,0.1574179907,0.0582031345,0.1961307353,0.00000000
117420.000000,32.6166666667,0.1960744420,0.1924056865,0.1806877877,0.1573792858,0.0581940794,0.1960744420,0.00000000
117480.000000,32.6333333333,0.1960182132,0.1923512365,0.1806388627,0.1573406230,0.0581850403,0.1960182132,0.00000000
117540.000000,32.6500000000,0.1959620488,0.1922968487,0.1805899925,0.1573020023,0.0581760173,0.1959620488,0.00000000
117600.000000,32.6666666667,0.1959059487,0.1922425228,0.1805411772,0.1572634237,0.0581670104,0.1959059487,0.00000000
117660.000000,32.6833333333,0.1958499128,0.1921882588,0.1804924167,0.1572248870,0.0581580194,0.1958499128,0.00000000
117720.000000,32.7000000000,0.1957939409,0.1921340565,0.1804437108,0.1571863921,0.0581490444,0.1957939409,0.00000000
117780.000000,32.7166666667,0.1957380330,0.1920799159,0.1803950595,0.1571479390,0.0581400854,0.1957380330,0.00000000
117840.000000,32.7333333333,0.1956821889,0.1920258368,0.1803464626,0.1571095277,0.0581311421,0.1956821889,0.00000000
117900.000000,32.7500000000,0.1956264085,0.1919718191,0.1802979201,0.1570711579,0.0581222148,0.1956264085,0.00000000
117960.000000,32.7666666667,0.1955706916,0.1919178627,0.1802494319,0.1570328298,0.0581133032,0.1955706916,0.00000000
118020.000000,32.7833333333,0.1955150383,0.1918639675,0.1802009978,0.1569945431,0.0581044074,0.1955150383,0.00000000
118080.000000,32.8000000000,0.1954594483,0.1918101333,0.1801526177,0.1569562979,0.0580955273,0.1954594483,0.00000000
118140.000000,32.8166666667,0.1954039216,0.1917563601,0.1801042917,0.1569180940,0.0580866629,0.1954039216,0.00000000
118200.000000,32.8333333333,0.1953484580,0.1917026478,0.1800560195,0.1568799313,0.0580778142,0.1953484580,0.00000000
118260.000000,32.8500000000,0.1952930574,0.1916489962,0.1800078011,0.1568418099,0.0580689810,0.1952930574,0.00000000
118320.000000,32.8666666667,0.1952377198,0.1915954053,0.1799596364,0.1568037297,0.0580601635,0.1952377198,0.00000000
118380.000000,32.8833333333,0.1951824449,0.1915418749,0.1799115252,0.1567656904,0.0580513614,0.1951824449,0.00000000
118440.000000,32.9000000000,0.1951272327,0.1914884049,0.1798634676,0.1567276922,0.0580425749,0.1951272327,0.00000000
118500.000000,32.9166666667,0.1950720830,0.1914349952,0.1798154633,0.1566897349,0.0580338038,0.1950720830,0.00000000
118560.000000,32.9333333333,0.1950169958,0.1913816457,0.1797675124,0.1566518184,0.0580250482,0.1950169958,0.00000000
118620.000000,32.9500000000,0.1949619710,0.1913283563,0.1797196147,0.1566139427,0.0580163079,0.1949619710,0.00000000
118680.000000,32.9666666667,0.1949070083,0.1912751269,0.1796717700,0.1565761077,0.0580075830,0.1949070083,0.00000000
118740.000000,32.9833333333,0.1948521078,0.1912219574,0.1796239784,0.1565383134,0.0579988734,0.1948521078,0.00000000
118800.000000,33.0000000000,0.1947972693,0.1911688476,0.1795762397,0.1565005596,0.0579901791,0.1947972693,0.00000000
118860.000000,33.0166666667,0.1947424926,0.1911157975,0.1795285538,0.1564628463,0.0579815001,0.1947424926,0.00000000
118920.000000,33.0333333333,0.1946877778,0.1910628069,0.1794809207,0.1564251734,0.0579728362,0.1946877778,0.00000000
118980.000000,33.0500000000,0.1946331246,0.1910098758,0.1794333402,0.1563875409,0.0579641875,0.1946331246,0.00000000
119040.000000,33.0666666667,0.1945785329,0.1909570041,0.1793858123,0.1563499487,0.0579555540,0.1945785329,0.00000000
119100.000000,33.0833333333,0.1945240027,0.1909041916,0.1793383368,0.1563123967,0.0579469355,0.1945240027,0.00000000
119160.000000,33.1000000000,0.1944695339,0.1908514382,0.1792909136,0.1562748848,0.0579383321,0.1944695339,0.00000000
119220.000000,33.1166666667,0.1944151263,0.1907987438,0.1792435428,0.1562374130,0.0579297437,0.1944151263,0.00000000
119280.000000,33.1333333333,0.1943607797,0.1907461083,0.1791962241,0.1561999812,0.0579211703,0.1943607797,0.00000000
119340.000000,33.1500000000,0.1943064942,0.1906935317,0.1791489575,0.1561625893,0.0579126119,0.1943064942,0.00000000
119400.000000,33.1666666667,0.1942522696,0.1906410138,0.1791017429,0.1561252373,0.0579040684,0.1942522696,0.00000000
119460.000000,33.1833333333,0.1941981058,0.1905885545,0.1790545802,0.1560879251,0.0578955397,0.1941981058,0.00000000
119520.000000,33.2000000000,0.1941440026,0.1905361536,0.1790074693,0.1560506526,0.0578870260,0.1941440026,0.00000000
119580.000000,33.2166666667,0.1940899601,0.1904838112,0.1789604101,0.1560134198,0.0578785270,0.1940899601,0.00000000
119640.000000,33.2333333333,0.1940359780,0.1904315271,0.1789134026,0.1559762266,0.0578700428,0.1940359780,0.00000000
119700.000000,33.2500000000,0.1939820562,0.1903793011,0.1788664466,0.1559390729,0.0578615733,0.1939820562,0.00000000
119760.000000,33.2666666667,0.1939281947,0.1903271333,0.1788195420,0.1559019586,0.0578531186,0.1939281947,0.00000000
119820.000000,33.2833333333,0.1938743933,0.1902750234,0.1787726888,0.1558648838,0.0578446785,0.1938743933,0.00000000
119880.000000,33.3000000000,0.1938206520,0.1902229714,0.1787258868,0.1558278483,0.0578362531,0.1938206520,0.00000000
119940.000000,33.3166666667,0.1937669706,0.1901709772,0.1786791361,0.1557908520,0.0578278423,0.1937669706,0.00000000
120000.000000,33.3333333333,0.1937133490,0.1901190406,0.1786324364,0.1557538949,0.0578194460,0.1937133490,0.00000000
120060.000000,33.3500000000,0.1936597871,0.1900671617,0.1785857877,0.1557169769,0.0578110643,0.1936597871,0.00000000
120120.000000,33.3666666667,0.1936062848,0.1900153401,0.1785391899,0.1556800980,0.0578026970,0.1936062848,0.00000000
120180.000000,33.3833333333,0.1935528421,0.1899635760,0.1784926430,0.1556432581,0.0577943443,0.1935528421,0.00000000
120240.000000,33.4000000000,0.1934994587,0.1899118691,0.1784461468,0.1556064570,0.0577860060,0.1934994587,0.00000000
120300.000000,33.4166666667,0.1934461346,0.1898602194,0.1783997012,0.1555696949,0.0577776820,0.1934461346,0.00000000
120360.000000,33.4333333333,0.1933928697,0.1898086268,0.1783533061,0.1555329715,0.0577693725,0.1933928697,0.00000000
120420.000000,33.4500000000,0.1933396639,0.1897570911,0.1783069616,0.1554962868,0.0577610772,0.1933396639,0.00000000
120480.000000,33.4666666667,0.1932865171,0.1897056123,0.1782606674,0.1554596408,0.0577527963,0.1932865171,0.00000000
120540.000000,33.4833333333,0.1932334291,0.1896541902,0.1782144234,0.1554230334,0.0577445296,0.1932334291,0.00000000
120600.000000,33.5000000000,0.1931803999,0.1896028248,0.1781682297,0.1553864645,0.0577362772,0.1931803999,0.00000000
120660.000000,33.5166666667,0.1931274294,0.1895515160,0.1781220861,0.1553499341,0.0577280389,0.1931274294,0.00000000
120720.000000,33.5333333333,0.1930745174,0.1895002637,0.1780759926,0.1553134420,0.0577198148,0.1930745174,0.00000000
120780.000000,33.5500000000,0.1930216639,0.1894490677,0.1780299489,0.1552769883,0.0577116049,0.1930216639,0.00000000
120840.000000,33.5666666667,0.1929688687,0.1893979279,0.1779839552,0.1552405728,0.0577034090,0.1929688687,0.00000000
120900.000000,33.5833333333,0.1929161318,0.1893468444,0.1779380112,0.1552041955,0.0576952272,0.1929161318,0.00000000
120960.000000,33.6000000000,0.1928634530,0.1892958169,0.1778921168,0.1551678564,0.0576870595,0.1928634530,0.00000000
121020.000000,33.6166666667,0.1928108323,0.1892448453,0.1778462721,0.1551315553,0.0576789057,0.1928108323,0.00000000
121080.000000,33.6333333333,0.1927582696,0.1891939297,0.1778004768,0.1550952922,0.0576707659,0.1927582696,0.00000000
121140.000000,33.6500000000,0.1927057646,0.1891430698,0.1777547310,0.1550590671,0.0576626400,0.1927057646,0.00000000
121200.000000,33.6666666667,0.1926533174,0.1890922656,0.1777090345,0.1550228798,0.0576545281,0.1926533174,0.00000000
121260.000000,33.6833333333,0.1926009279,0.1890415170,0.1776633873,0.1549867303,0.0576464300,0.1926009279,0.00000000
121320.000000,33.7000000000,0.1925485959,0.1889908239,0.1776177893,0.1549506186,0.0576383457,0.1925485959,0.00000000
121380.000000,33.7166666667,0.1924963213,0.1889401861,0.1775722403,0.1549145446,0.0576302753,0.1924963213,0.00000000
121440.000000,33.7333333333,0.1924441041,0.1888896036,0.1775267403,0.1548785082,0.0576222186,0.1924441041,0.00000000
121500.000000,33.7500000000,0.1923919441,0.1888390764,0.1774812892,0.1548425093,0.0576141757,0.1923919441,0.00000000
121560.000000,33.7666666667,0.1923398412,0.1887886042,0.1774358870,0.1548065479,0.0576061464,0.1923398412,0.00000000
121620.000000,33.7833333333,0.1922877954,0.1887381870,0.1773905334,0.1547706240,0.0575981309,0.1922877954,0.00000000
121680.000000,33.8000000000,0.1922358065,0.1886878247,0.1773452286,0.1547347374,0.0575901290,0.1922358065,0.00000000
121740.000000,33.8166666667,0.1921838745,0.1886375172,0.1772999723,0.1546988881,0.0575821407,0.1921838745,0.00000000
121800.000000,33.8333333333,0.1921319992,0.1885872645,0.1772547645,0.1546630760,0.0575741659,0.1921319992,0.00000000
121860.000000,33.8500000000,0.1920801805,0.1885370664,0.1772096051,0.1546273011,0.0575662048,0.1920801805,0.00000000
121920.000000,33.8666666667,0.1920284184,0.1884869227,0.1771644941,0.1545915634,0.0575582571,0.1920284184,0.00000000
121980.000000,33.8833333333,0.1919767127,0.1884368336,0.1771194313,0.1545558626,0.0575503230,0.1919767127,0.00000000
122040.000000,33.9000000000,0.1919250634,0.1883867987,0.1770744166,0.1545201989,0.0575424023,0.1919250634,0.00000000
122100.000000,33.9166666667,0.1918734703,0.1883368181,0.1770294500,0.1544845721,0.0575344950,0.1918734703,0.00000000
122160.000000,33.9333333333,0.1918219334,0.1882868916,0.1769845314,0.1544489822,0.0575266011,0.1918219334,0.00000000
122220.000000,33.9500000000,0.1917704525,0.1882370192,0.1769396608,0.1544134290,0.0575187206,0.1917704525,0.00000000
122280.000000,33.9666666667,0.1917190275,0.1881872007,0.1768948379,0.1543779126,0.0575108534,0.1917190275,0.00000000
122340.000000,33.9833333333,0.1916676584,0.1881374362,0.1768500628,0.1543424329,0.0575029995,0.1916676584,0.00000000
122400.000000,34.0000000000,0.1916163451,0.1880877253,0.1768053354,0.1543069898,0.0574951589,0.1916163451,0.00000000
122460.000000,34.0166666667,0.1915650875,0.1880380682,0.1767606555,0.1542715833,0.0574873315,0.1915650875,0.00000000
122520.000000,34.0333333333,0.1915138854,0.1879884646,0.1767160232,0.1542362132,0.0574795173,0.1915138854,0.00000000
122580.000000,34.0500000000,0.1914627387,0.1879389146,0.1766714382,0.1542008796,0.0574717163,0.1914627387,0.00000000
122640.000000,34.0666666667,0.1914116475,0.1878894179,0.1766269007,0.1541655823,0.0574639285,0.1914116475,0.00000000
122700.000000,34.0833333333,0.1913606115,0.1878399746,0.1765824103,0.1541303214,0.0574561538,0.1913606115,0.00000000
122760.000000,34.1000000000,0.1913096307,0.1877905844,0.1765379672,0.1540950967,0.0574483921,0.1913096307,0.00000000
122820.000000,34.1166666667,0.1912587050,0.1877412474,0.1764935711,0.1540599082,0.0574406435,0.1912587050,0.00000000
122880.000000,34.1333333333,0.1912078343,0.1876919634,0.1764492221,0.1540247559,0.0574329080,0.1912078343,0.00000000
122940.000000,34.1500000000,0.1911570185,0.1876427324,0.1764049200,0.1539896396,0.0574251855,0.1911570185,0.00000000
123000.000000,34.1666666667,0.1911062575,0.1875935542,0.1763606648,0.1539545593,0.0574174759,0.1911062575,0.00000000
123060.000000,34.1833333333,0.1910555512,0.1875444288,0.1763164563,0.1539195150,0.0574097792,0.1910555512,0.00000000
123120.000000,34.2000000000,0.1910048995,0.1874953561,0.1762722946,0.1538845065,0.0574020955,0.1910048995,0.00000000
123180.000000,34.2166666667,0.1909543024,0.1874463359,0.1762281794,0.1538495339,0.0573944247,0.1909543024,0.00000000
123240.000000,34.2333333333,0.1909037596,0.1873973682,0.1761841108,0.1538145971,0.0573867667,0.1909037596,0.00000000
123300.000000,34.2500000000,0.1908532712,0.1873484530,0.1761400887,0.1537796960,0.0573791215,0.1908532712,0.00000000
123360.000000,34.2666666667,0.1908028371,0.1872995900,0.1760961129,0.1537448305,0.0573714891,0.1908028371,0.00000000
123420.000000,34.2833333333,0.1907524570,0.1872507793,0.1760521835,0.1537100006,0.0573638695,0.1907524570,0.00000000
123480.000000,34.3000000000,0.1907021311,0.1872020207,0.1760083003,0.1536752063,0.0573562626,0.1907021311,0.00000000
123540.000000,34.3166666667,0.1906518591,0.1871533141,0.1759644632,0.1536404474,0.0573486684,0.1906518591,0.00000000
123600.000000,34.3333333333,0.1906016409,0.1871046595,0.1759206722,0.1536057240,0.0573410869,0.1906016409,0.00000000
123660.000000,34.3500000000,0.1905514766,0.1870560567,0.1758769272,0.1535710359,0.0573335181,0.1905514766,0.00000000
123720.000000,34.3666666667,0.1905013659,0.1870075058,0.1758332281,0.1535363831,0.0573259618,0.1905013659,0.00000000
123780.000000,34.3833333333,0.1904513088,0.1869590065,0.1757895749,0.1535017656,0.0573184182,0.1904513088,0.00000000
123840.000000,34.4000000000,0.1904013052,0.1869105588,0.1757459674,0.1534671832,0.0573108871,0.1904013052,0.00000000
123900.000000,34.4166666667,0.1903513551,0.1868621626,0.1757024056,0.1534326360,0.0573033686,0.1903513551,0.00000000
123960.000000,34.4333333333,0.1903014582,0.1868138179,0.1756588894,0.1533981238,0.0572958625,0.1903014582,0.00000000
124020.000000,34.4500000000,0.1902516146,0.1867655245,0.1756154187,0.1533636467,0.0572883690,0.1902516146,0.00000000
124080.000000,34.4666666667,0.1902018241,0.1867172823,0.1755719935,0.1533292045,0.0572808878,0.1902018241,0.00000000
124140.000000,34.4833333333,0.1901520867,0.1866690913,0.1755286137,0.1532947972,0.0572734191,0.1901520867,0.00000000
124200.000000,34.5000000000,0.1901024022,0.1866209514,0.1754852791,0.1532604248,0.0572659628,0.1901024022,0.00000000
124260.000000,34.5166666667,0.1900527706,0.1865728625,0.1754419898,0.1532260871,0.0572585189,0.1900527706,0.00000000
124320.000000,34.5333333333,0.1900031917,0.1865248245,0.1753987457,0.1531917841,0.0572510873,0.1900031917,0.00000000
124380.000000,34.5500000000,0.1899536655,0.1864768373,0.1753555466,0.1531575158,0.0572436680,0.1899536655,0.00000000
124440.000000,34.5666666667,0.1899041920,0.1864289008,0.1753123925,0.1531232822,0.0572362609,0.1899041920,0.00000000
124500.000000,34.5833333333,0.1898547709,0.1863810150,0.1752692833,0.1530890831,0.0572288662,0.1898547709,0.00000000
124560.000000,34.6000000000,0.1898054023,0.1863331797,0.1752262190,0.1530549184,0.0572214836,0.1898054023,0.00000000
124620.000000,34.6166666667,0.1897560860,0.1862853949,0.1751831994,0.1530207883,0.0572141133,0.1897560860,0.00000000
124680.000000,34.6333333333,0.1897068219,0.1862376605,0.1751402246,0.1529866925,0.0572067551,0.1897068219,0.00000000
124740.000000,34.6500000000,0.1896576100,0.1861899764,0.1750972943,0.1529526310,0.0571994091,0.1896576100,0.00000000
124800.000000,34.6666666667,0.1896084501,0.1861423425,0.1750544086,0.1529186038,0.0571920751,0.1896084501,0.00000000
124860.000000,34.6833333333,0.1895593422,0.1860947588,0.1750115674,0.1528846108,0.0571847533,0.1895593422,0.00000000
124920.000000,34.7000000000,0.1895102863,0.1860472251,0.1749687706,0.1528506520,0.0571774435,0.1895102863,0.00000000
124980.000000,34.7166666667,0.1894612821,0.1859997413,0.1749260181,0.1528167273,0.0571701458,0.1894612821,0.00000000
125040.000000,34.7333333333,0.1894123296,0.1859523075,0.1748833099,0.1527828366,0.0571628601,0.1894123296,0.00000000
125100.000000,34.7500000000,0.1893634287,0.1859049234,0.1748406458,0.1527489800,0.0571555863,0.1893634287,0.00000000
125160.000000,34.7666666667,0.1893145794,0.1858575891,0.1747980259,0.1527151573,0.0571483245,0.1893145794,0.00000000
125220.000000,34.7833333333,0.1892657815,0.1858103044,0.1747554500,0.1526813684,0.0571410746,0.1892657815,0.00000000
125280.000000,34.8000000000,0.1892170350,0.1857630692,0.1747129180,0.1526476134,0.0571338366,0.1892170350,0.00000000
125340.000000,34.8166666667,0.1891683398,0.1857158835,0.1746704299,0.1526138921,0.0571266105,0.1891683398,0.00000000
125400.000000,34.8333333333,0.1891196958,0.1856687472,0.1746279857,0.1525802046,0.0571193963,0.1891196958,0.00000000
125460.000000,34.8500000000,0.1890711028,0.1856216601,0.1745855851,0.1525465508,0.0571121939,0.1890711028,0.00000000
125520.000000,34.8666666667,0.1890225609,0.1855746223,0.1745432283,0.1525129305,0.0571050032,0.1890225609,0.00000000
125580.000000,34.8833333333,0.1889740700,0.1855276337,0.1745009150,0.1524793438,0.0570978243,0.1889740700,0.00000000
125640.000000,34.9000000000,0.1889256298,0.1854806940,0.1744586453,0.1524457906,0.0570906572,0.1889256298,0.00000000
125700.000000,34.9166666667,0.1888772405,0.1854338034,0.1744164190,0.1524122709,0.0570835018,0.1888772405,0.00000000
125760.000000,34.9333333333,0.1888289018,0.1853869616,0.1743742361,0.1523787845,0.0570763580,0.1888289018,0.00000000
125820.000000,34.9500000000,0.1887806137,0.1853401686,0.1743320965,0.1523453315,0.0570692260,0.1887806137,0.00000000
125880.000000,34.9666666667,0.1887323761,0.1852934244,0.1742900001,0.1523119118,0.0570621055,0.1887323761,0.00000000
125940.000000,34.9833333333,0.1886841889,0.1852467288,0.1742479469,0.1522785252,0.0570549967,0.1886841889,0.00000000
126000.000000,35.0000000000,0.1886360521,0.1852000817,0.1742059368,0.1522451719,0.0570478995,0.1886360521,0.00000000
126060.000000,35.0166666667,0.1885879655,0.1851534832,0.1741639697,0.1522118517,0.0570408138,0.1885879655,0.00000000
126120.000000,35.0333333333,0.1885399291,0.1851069330,0.1741220456,0.1521785646,0.0570337396,0.1885399291,0.00000000
126180.000000,35.0500000000,0.1884919428,0.1850604312,0.1740801643,0.1521453105,0.0570266770,0.1884919428,0.00000000
126240.000000,35.0666666667,0.1884440065,0.1850139776,0.1740383258,0.1521120893,0.0570196258,0.1884440065,0.00000000
126300.000000,35.0833333333,0.1883961201,0.1849675721,0.1739965301,0.1520789011,0.0570125861,0.1883961201,0.00000000
126360.000000,35.1000000000,0.1883482836,0.1849212147,0.1739547771,0.1520457457,0.0570055579,0.1883482836,0.00000000
126420.000000,35.1166666667,0.1883004968,0.1848749054,0.1739130666,0.1520126231,0.0569985410,0.1883004968,0.00000000
126480.000000,35.1333333333,0.1882527597,0.1848286439,0.1738713987,0.1519795332,0.0569915355,0.1882527597,0.00000000
126540.000000,35.1500000000,0.1882050721,0.1847824303,0.1738297733,0.1519464761,0.0569845414,0.1882050721,0.00000000
126600.000000,35.1666666667,0.1881574341,0.1847362644,0.1737881902,0.1519134516,0.0569775586,0.1881574341,0.00000000
126660.000000,35.1833333333,0.1881098455,0.1846901463,0.1737466495,0.1518804597,0.0569705871,0.1881098455,0.00000000
126720.000000,35.2000000000,0.1880623062,0.1846440757,0.1737051510,0.1518475004,0.0569636269,0.1880623062,0.00000000
126780.000000,35.2166666667,0.1880148162,0.1845980527,0.1736636946,0.1518145735,0.0569566779,0.1880148162,0.00000000
126840.000000,35.2333333333,0.1879673754,0.1845520770,0.1736222804,0.1517816791,0.0569497402,0.1879673754,0.00000000
126900.000000,35.2500000000,0.1879199837,0.1845061488,0.1735809083,0.1517488171,0.0569428137,0.1879199837,0.00000000
126960.000000,35.2666666667,0.1878726410,0.1844602679,0.1735395781,0.1517159874,0.0569358983,0.1878726410,0.00000000
127020.000000,35.2833333333,0.1878253472,0.1844144341,0.1734982898,0.1516831899,0.0569289942,0.1878253472,0.00000000
127080.000000,35.3000000000,0.1877781022,0.1843686475,0.1734570434,0.1516504248,0.0569221011,0.1877781022,0.00000000
127140.000000,35.3166666667,0.1877309061,0.1843229080,0.1734158387,0.1516176917,0.0569152192,0.1877309061,0.00000000
127200.000000,35.3333333333,0.1876837586,0.1842772154,0.1733746757,0.1515849909,0.0569083483,0.1876837586,0.00000000
127260.000000,35.3500000000,0.1876366598,0.1842315697,0.1733335544,0.1515523221,0.0569014885,0.1876366598,0.00000000
127320.000000,35.3666666667,0.1875896094,0.1841859708,0.1732924746,0.1515196853,0.0568946397,0.1875896094,0.00000000
127380.000000,35.3833333333,0.1875426076,0.1841404187,0.1732514363,0.1514870805,0.0568878020,0.1875426076,0.00000000
127440.000000,35.4000000000,0.1874956541,0.1840949133,0.1732104395,0.1514545076,0.0568809752,0.1874956541,0.00000000
127500.000000,35.4166666667,0.1874487489,0.1840494544,0.1731694840,0.1514219666,0.0568741594,0.1874487489,0.00000000
127560.000000,35.4333333333,0.1874018919,0.1840040421,0.1731285698,0.1513894574,0.0568673545,0.1874018919,0.00000000
127620.000000,35.4500000000,0.1873550830,0.1839586762,0.1730876969,0.1513569800,0.0568605606,0.1873550830,0.00000000
127680.000000,35.4666666667,0.1873083222,0.1839133566,0.1730468651,0.1513245343,0.0568537775,0.1873083222,0.00000000
127740.000000,35.4833333333,0.1872616093,0.1838680834,0.1730060744,0.1512921203,0.0568470053,0.1872616093,0.00000000
127800.000000,35.5000000000,0.1872149444,0.1838228564,0.1729653247,0.1512597379,0.0568402440,0.1872149444,0.00000000
127860.000000,35.5166666667,0.1871683272,0.1837776755,0.1729246160,0.1512273871,0.0568334934,0.1871683272,0.00000000
127920.000000,35.5333333333,0.1871217579,0.1837325406,0.1728839482,0.1511950678,0.0568267537,0.1871217579,0.00000000
127980.000000,35.5500000000,0.1870752361,0.1836874517,0.1728433212,0.1511627799,0.0568200247,0.1870752361,0.00000000
128040.000000,35.5666666667,0.1870287620,0.1836424088,0.1728027350,0.1511305235,0.0568133065,0.1870287620,0.00000000
128100.000000,35.5833333333,0.1869823353,0.1835974117,0.1727621895,0.1510982985,0.0568065990,0.1869823353,0.00000000
128160.000000,35.6000000000,0.1869359561,0.1835524603,0.1727216846,0.1510661047,0.0567999022,0.1869359561,0.00000000
128220.000000,35.6166666667,0.1868896242,0.1835075546,0.1726812203,0.1510339423,0.0567932161,0.1868896242,0.00000000
128280.000000,35.6333333333,0.1868433396,0.1834626946,0.1726407964,0.1510018111,0.0567865406,0.1868433396,0.00000000
128340.000000,35.6500000000,0.1867971022,0.1834178800,0.1726004130,0.1509697110,0.0567798758,0.1867971022,0.00000000
128400.000000,35.6666666667,0.1867509119,0.1833731110,0.1725600700,0.1509376421,0.0567732216,0.1867509119,0.00000000
128460.000000,35.6833333333,0.1867047686,0.1833283873,0.1725197673,0.1509056042,0.0567665779,0.1867047686,0.00000000
128520.000000,35.7000000000,0.1866586723,0.1832837089,0.1724795048,0.1508735974,0.0567599449,0.1866586723,0.00000000
128580.000000,35.7166666667,0.1866126229,0.1832390758,0.1724392825,0.1508416216,0.0567533223,0.1866126229,0.00000000
128640.000000,35.7333333333,0.1865666203,0.1831944878,0.1723991004,0.1508096766,0.0567467103,0.1865666203,0.00000000
128700.000000,35.7500000000,0.1865206645,0.1831499449,0.1723589582,0.1507777626,0.0567401088,0.1865206645,0.00000000
128760.000000,35.7666666667,0.1864747552,0.1831054471,0.1723188561,0.1507458794,0.0567335177,0.1864747552,0.00000000
128820.000000,35.7833333333,0.1864288926,0.1830609942,0.1722787938,0.1507140270,0.0567269371,0.1864288926,0.00000000
128880.000000,35.8000000000,0.1863830765,0.1830165862,0.1722387714,0.1506822053,0.0567203670,0.1863830765,0.00000000
128940.000000,35.8166666667,0.1863373068,0.1829722229,0.1721987889,0.1506504143,0.0567138072,0.1863373068,0.00000000
129000.000000,35.8333333333,0.1862915834,0.1829279044,0.1721588460,0.1506186539,0.0567072578,0.1862915834,0.00000000
129060.000000,35.8500000000,0.1862459064,0.1828836306,0.1721189428,0.1505869241,0.0567007188,0.1862459064,0.00000000
129120.000000,35.8666666667,0.1862002755,0.1828394013,0.1720790792,0.1505552249,0.0566941901,0.1862002755,0.00000000
129180.000000,35.8833333333,0.1861546908,0.1827952166,0.1720392551,0.1505235562,0.0566876717,0.1861546908,0.00000000
129240.000000,35.9000000000,0.1861091521,0.1827510763,0.1719994705,0.1504919179,0.0566811636,0.1861091521,0.00000000
129300.000000,35.9166666667,0.1860636594,0.1827069803,0.1719597253,0.1504603100,0.0566746658,0.1860636594,0.00000000
129360.000000,35.9333333333,0.1860182126,0.1826629287,0.1719200195,0.1504287324,0.0566681782,0.1860182126,0.00000000
129420.000000,35.9500000000,0.1859728117,0.1826189213,0.1718803529,0.1503971852,0.0566617008,0.1859728117,0.00000000
129480.000000,35.9666666667,0.1859274565,0.1825749580,0.1718407256,0.1503656682,0.0566552337,0.1859274565,0.00000000
129540.000000,35.9833333333,0.1858821469,0.1825310388,0.1718011374,0.1503341815,0.0566487767,0.1858821469,0.00000000
129600.000000,36.0000000000,0.1858368830,0.1824871637,0.1717615883,0.1503027249,0.0566423299,0.1858368830,0.00000000
129660.000000,36.0166666667,0.1857916646,0.1824433324,0.1717220783,0.1502712984,0.0566358933,0.1857916646,0.00000000
129720.000000,36.0333333333,0.1857464917,0.1823995451,0.1716826072,0.1502399020,0.0566294667,0.1857464917,0.00000000
129780.000000,36.0500000000,0.1857013642,0.1823558015,0.1716431751,0.1502085356,0.0566230503,0.1857013642,0.00000000
129840.000000,36.0666666667,0.1856562820,0.1823121017,0.1716037817,0.1501771992,0.0566166439,0.1856562820,0.00000000
129900.000000,36.0833333333,0.1856112450,0.1822684455,0.1715644272,0.1501458927,0.0566102475,0.1856112450,0.00000000
129960.000000,36.1000000000,0.1855662532,0.1822248329,0.1715251114,0.1501146161,0.0566038612,0.1855662532,0.00000000
130020.000000,36.1166666667,0.1855213065,0.1821812639,0.1714858343,0.1500833693,0.0565974849,0.1855213065,0.00000000
130080.000000,36.1333333333,0.1854764048,0.1821377383,0.1714465957,0.1500521523,0.0565911186,0.1854764048,0.00000000
130140.000000,36.1500000000,0.1854315481,0.1820942560,0.1714073957,0.1500209651,0.0565847623,0.1854315481,0.00000000
130200.000000,36.1666666667,0.1853867362,0.1820508171,0.1713682342,0.1499898075,0.0565784159,0.1853867362,0.00000000
130260.000000,36.1833333333,0.1853419692,0.1820074214,0.1713291111,0.1499586797,0.0565720794,0.1853419692,0.00000000
130320.000000,36.2000000000,0.1852972469,0.1819640689,0.1712900264,0.1499275814,0.0565657528,0.1852972469,0.00000000
130380.000000,36.2166666667,0.1852525692,0.1819207595,0.1712509800,0.1498965127,0.0565594361,0.1852525692,0.00000000
130440.000000,36.2333333333,0.1852079362,0.1818774931,0.1712119717,0.1498654734,0.0565531293,0.1852079362,0.00000000
130500.000000,36.2500000000,0.1851633476,0.1818342697,0.1711730017,0.1498344637,0.0565468323,0.1851633476,0.00000000
130560.000000,36.2666666667,0.1851188036,0.1817910892,0.1711340698,0.1498034834,0.0565405451,0.1851188036,0.00000000
130620.000000,36.2833333333,0.1850743038,0.1817479515,0.1710951760,0.1497725325,0.0565342678,0.1850743038,0.00000000
130680.000000,36.3000000000,0.1850298485,0.1817048566,0.1710563201,0.1497416108,0.0565280001,0.1850298485,0.00000000
130740.000000,36.3166666667,0.1849854373,0.1816618044,0.1710175022,0.1497107185,0.0565217423,0.1849854373,0.00000000
130800.000000,36.3333333333,0.1849410703,0.1816187948,0.1709787221,0.1496798555,0.0565154942,0.1849410703,0.00000000
130860.000000,36.3500000000,0.1848967474,0.1815758277,0.1709399799,0.1496490216,0.0565092558,0.1848967474,0.00000000
130920.000000,36.3666666667,0.1848524685,0.1815329032,0.1709012754,0.1496182168,0.0565030271,0.1848524685,0.00000000
130980.000000,36.3833333333,0.1848082336,0.1814900210,0.1708626087,0.1495874412,0.0564968080,0.1848082336,0.00000000
131040.000000,36.4000000000,0.1847640426,0.1814471813,0.1708239795,0.1495566947,0.0564905986,0.1847640426,0.00000000
131100.000000,36.4166666667,0.1847198954,0.1814043838,0.1707853880,0.1495259771,0.0564843989,0.1847198954,0.00000000
131160.000000,36.4333333333,0.1846757919,0.1813616285,0.1707468339,0.1494952886,0.0564782087,0.1846757919,0.00000000
131220.000000,36.4500000000,0.1846317321,0.1813189154,0.1707083174,0.1494646289,0.0564720282,0.1846317321,0.00000000
131280.000000,36.4666666667,0.1845877159,0.1812762443,0.1706698382,0.1494339982,0.0564658572,0.1845877159,0.00000000
131340.000000,36.4833333333,0.1845437433,0.1812336153,0.1706313964,0.1494033963,0.0564596958,0.1845437433,0.00000000
131400.000000,36.5000000000,0.1844998141,0.1811910282,0.1705929918,0.1493728231,0.0564535439,0.1844998141,0.00000000
131460.000000,36.5166666667,0.1844559283,0.1811484830,0.1705546245,0.1493422788,0.0564474015,0.1844559283,0.00000000
131520.000000,36.5333333333,0.1844120859,0.1811059797,0.1705162944,0.1493117631,0.0564412686,0.1844120859,0.00000000
131580.000000,36.5500000000,0.1843682867,0.1810635181,0.1704780014,0.1492812761,0.0564351451,0.1843682867,0.00000000
131640.000000,36.5666666667,0.1843245307,0.1810210982,0.1704397454,0.1492508177,0.0564290311,0.1843245307,0.00000000
131700.000000,36.5833333333,0.1842808178,0.1809787199,0.1704015264,0.1492203879,0.0564229266,0.1842808178,0.00000000
131760.000000,36.6000000000,0.1842371480,0.1809363831,0.1703633444,0.1491899867,0.0564168314,0.1842371480,0.00000000
131820.000000,36.6166666667,0.1841935211,0.1808940879,0.1703251992,0.1491596139,0.0564107457,0.1841935211,0.00000000
131880.000000,36.6333333333,0.1841499372,0.1808518340,0.1702870908,0.1491292695,0.0564046693,0.1841499372,0.00000000
131940.000000,36.6500000000,0.1841063962,0.1808096216,0.1702490193,0.1490989536,0.0563986023,0.1841063962,0.00000000
132000.000000,36.6666666667,0.1840628979,0.1807674504,0.1702109844,0.1490686660,0.0563925446,0.1840628979,0.00000000
132060.000000,36.6833333333,0.1840194424,0.1807253205,0.1701729862,0.1490384068,0.0563864962,0.1840194424,0.00000000
132120.000000,36.7000000000,0.1839760295,0.1806832317,0.1701350246,0.1490081758,0.0563804571,0.1839760295,0.00000000
132180.000000,36.7166666667,0.1839326591,0.1806411840,0.1700970995,0.1489779730,0.0563744272,0.1839326591,0.00000000
132240.000000,36.7333333333,0.1838893313,0.1805991774,0.1700592109,0.1489477985,0.0563684067,0.1838893313,0.00000000
132300.000000,36.7500000000,0.1838460460,0.1805572117,0.1700213587,0.1489176521,0.0563623953,0.1838460460,0.00000000
132360.000000,36.7666666667,0.1838028030,0.1805152870,0.1699835429,0.1488875337,0.0563563932,0.1838028030,0.00000000
132420.000000,36.7833333333,0.1837596023,0.1804734031,0.1699457634,0.1488574435,0.0563504002,0.1837596023,0.00000000
132480.000000,36.8000000000,0.1837164439,0.1804315599,0.1699080201,0.1488273812,0.0563444165,0.1837164439,0.00000000
132540.000000,36.8166666667,0.1836733277,0.1803897575,0.1698703131,0.1487973469,0.0563384419,0.1836733277,0.00000000
132600.000000,36.8333333333,0.1836302536,0.1803479958,0.1698326422,0.1487673406,0.0563324764,0.1836302536,0.00000000
132660.000000,36.8500000000,0.1835872215,0.1803062746,0.1697950073,0.1487373621,0.0563265201,0.1835872215,0.00000000
132720.000000,36.8666666667,0.1835442315,0.1802645939,0.1697574086,0.1487074115,0.0563205728,0.1835442315,0.00000000
132780.000000,36.8833333333,0.1835012833,0.1802229538,0.1697198457,0.1486774887,0.0563146347,0.1835012833,0.00000000
132840.000000,36.9000000000,0.1834583770,0.1801813540,0.1696823188,0.1486475937,0.0563087056,0.1834583770,0.00000000
132900.000000,36.9166666667,0.1834155125,0.1801397945,0.1696448278,0.1486177263,0.0563027855,0.1834155125,0.00000000
132960.000000,36.9333333333,0.1833726897,0.1800982753,0.1696073726,0.1485878867,0.0562968745,0.1833726897,0.00000000
133020.000000,36.9500000000,0.1833299085,0.1800567964,0.1695699531,0.1485580747,0.0562909724,0.1833299085,0.00000000
133080.000000,36.9666666667,0.1832871690,0.1800153575,0.1695325693,0.1485282903,0.0562850794,0.1832871690,0.00000000
133140.000000,36.9833333333,0.1832444710,0.1799739588,0.1694952212,0.1484985334,0.0562791953,0.1832444710,0.00000000
133200.000000,37.0000000000,0.1832018144,0.1799326001,0.1694579086,0.1484688041,0.0562733202,0.1832018144,0.00000000
133260.000000,37.0166666667,0.1831591992,0.1798912813,0.1694206316,0.1484391022,0.0562674539,0.1831591992,0.00000000
133320.000000,37.0333333333,0.1831166254,0.1798500025,0.1693833901,0.1484094277,0.0562615967,0.1831166254,0.00000000
133380.000000,37.0500000000,0.1830740928,0.1798087634,0.1693461840,0.1483797807,0.0562557483,0.1830740928,0.00000000
133440.000000,37.0666666667,0.1830316015,0.1797675642,0.1693090132,0.1483501609,0.0562499087,0.1830316015,0.00000000
133500.000000,37.0833333333,0.1829891513,0.1797264047,0.1692718778,0.1483205685,0.0562440781,0.1829891513,0.00000000
133560.000000,37.1000000000,0.1829467421,0.1796852848,0.1692347777,0.1482910034,0.0562382562,0.1829467421,0.00000000
133620.000000,37.1166666667,0.1829043740,0.1796442045,0.1691977127,0.1482614655,0.0562324432,0.1829043740,0.00000000
133680.000000,37.1333333333,0.1828620468,0.1796031637,0.1691606829,0.1482319547,0.0562266390,0.1828620468,0.00000000
133740.000000,37.1500000000,0.1828197605,0.1795621624,0.1691236882,0.1482024711,0.0562208436,0.1828197605,0.00000000
133800.000000,37.1666666667,0.1827775150,0.1795212005,0.1690867285,0.1481730146,0.0562150569,0.1827775150,0.00000000
133860.000000,37.1833333333,0.1827353103,0.1794802780,0.1690498039,0.1481435852,0.0562092790,0.1827353103,0.00000000
133920.000000,37.2000000000,0.1826931463,0.1794393947,0.1690129141,0.1481141828,0.0562035098,0.1826931463,0.00000000
133980.000000,37.2166666667,0.1826510229,0.1793985506,0.1689760593,0.1480848073,0.0561977493,0.1826510229,0.00000000
134040.000000,37.2333333333,0.1826089400,0.1793577458,0.1689392393,0.1480554588,0.0561919976,0.1826089400,0.00000000
134100.000000,37.2500000000,0.1825668977,0.1793169800,0.1689024540,0.1480261372,0.0561862544,0.1825668977,0.00000000
134160.000000,37.2666666667,0.1825248958,0.1792762532,0.1688657035,0.1479968425,0.0561805200,0.1825248958,0.00000000
134220.000000,37.2833333333,0.1824829343,0.1792355655,0.1688289877,0.1479675746,0.0561747942,0.1824829343,0.00000000
134280.000000,37.3000000000,0.1824410132,0.1791949166,0.1687923065,0.1479383334,0.0561690770,0.1824410132,0.00000000
134340.000000,37.3166666667,0.1823991322,0.1791543067,0.1687556598,0.1479091190,0.0561633684,0.1823991322,0.00000000
134400.000000,37.3333333333,0.1823572915,0.1791137355,0.1687190477,0.1478799313,0.0561576684,0.1823572915,0.00000000
134460.000000,37.3500000000,0.1823154909,0.1790732031,0.1686824700,0.1478507703,0.0561519770,0.1823154909,0.00000000
134520.000000,37.3666666667,0.1822737304,0.1790327093,0.1686459267,0.1478216358,0.0561462941,0.1822737304,0.00000000
134580.000000,37.3833333333,0.1822320098,0.1789922542,0.1686094178,0.1477925280,0.0561406197,0.1822320098,0.00000000
134640.000000,37.4000000000,0.1821903293,0.1789518376,0.1685729432,0.1477634467,0.0561349539,0.1821903293,0.00000000
134700.000000,37.4166666667,0.1821486886,0.1789114596,0.1685365029,0.1477343919,0.0561292965,0.1821486886,0.00000000
134760.000000,37.4333333333,0.1821070877,0.1788711200,0.1685000967,0.1477053635,0.0561236477,0.1821070877,0.00000000
134820.000000,37.4500000000,0.1820655266,0.1788308188,0.1684637247,0.1476763616,0.0561180073,0.1820655266,0.00000000
134880.000000,37.4666666667,0.1820240052,0.1787905559,0.1684273868,0.1476473861,0.0561123753,0.1820240052,0.00000000
134940.000000,37.4833333333,0.1819825234,0.1787503312,0.1683910829,0.1476184369,0.0561067518,0.1819825234,0.00000000
135000.000000,37.5000000000,0.1819410812,0.1787101448,0.1683548131,0.1475895140,0.0561011367,0.1819410812,0.00000000
135060.000000,37.5166666667,0.1818996785,0.1786699966,0.1683185771,0.1475606173,0.0560955300,0.1818996785,0.00000000
135120.000000,37.5333333333,0.1818583153,0.1786298864,0.1682823751,0.1475317469,0.0560899317,0.1818583153,0.00000000
135180.000000,37.5500000000,0.1818169915,0.1785898143,0.1682462069,0.1475029027,0.0560843417,0.1818169915,0.00000000
135240.000000,37.5666666667,0.1817757070,0.1785497801,0.1682100725,0.1474740847,0.0560787600,0.1817757070,0.00000000
135300.000000,37.5833333333,0.1817344618,0.1785097839,0.1681739718,0.1474452927,0.0560731867,0.1817344618,0.00000000
135360.000000,37.6000000000,0.1816932558,0.1784698255,0.1681379048,0.1474165268,0.0560676217,0.1816932558,0.00000000
135420.000000,37.6166666667,0.1816520890,0.1784299049,0.1681018715,0.1473877870,0.0560620650,0.1816520890,0.00000000
135480.000000,37.6333333333,0.1816109613,0.1783900221,0.1680658717,0.1473590731,0.0560565166,0.1816109613,0.00000000
135540.000000,37.6500000000,0.1815698726,0.1783501770,0.1680299055,0.1473303852,0.0560509764,0.1815698726,0.00000000
135600.000000,37.6666666667,0.1815288228,0.1783103694,0.1679939727,0.1473017233,0.0560454445,0.1815288228,0.00000000
135660.000000,37.6833333333,0.1814878120,0.1782705995,0.1679580734,0.1472730872,0.0560399208,0.1814878120,0.00000000
135720.000000,37.7000000000,0.1814468401,0.1782308671,0.1679222075,0.1472444769,0.0560344053,0.1814468401,0.00000000
135780.000000,37.7166666667,0.1814059069,0.1781911722,0.1678863749,0.1472158925,0.0560288979,0.1814059069,0.00000000
135840.000000,37.7333333333,0.1813650125,0.1781515146,0.1678505755,0.1471873338,0.0560233988,0.1813650125,0.00000000
135900.000000,37.7500000000,0.1813241568,0.1781118944,0.1678148095,0.1471588008,0.0560179078,0.1813241568,0.00000000
135960.000000,37.7666666667,0.1812833397,0.1780723115,0.1677790766,0.1471302936,0.0560124250,0.1812833397,0.00000000
136020.000000,37.7833333333,0.1812425612,0.1780327658,0.1677433768,0.1471018120,0.0560069503,0.1812425612,0.00000000
136080.000000,37.8000000000,0.1812018211,0.1779932573,0.1677077101,0.1470733560,0.0560014837,0.1812018211,0.00000000
136140.000000,37.8166666667,0.1811611195,0.1779537859,0.1676720764,0.1470449255,0.0559960252,0.1811611195,0.00000000
136200.000000,37.8333333333,0.1811204563,0.1779143516,0.1676364758,0.1470165207,0.0559905747,0.1811204563,0.00000000
136260.000000,37.8500000000,0.1810798315,0.1778749543,0.1676009080,0.1469881413,0.0559851323,0.1810798315,0.00000000
136320.000000,37.8666666667,0.1810392449,0.1778355939,0.1675653732,0.1469597874,0.0559796980,0.1810392449,0.00000000
136380.000000,37.8833333333,0.1809986965,0.1777962705,0.1675298712,0.1469314589,0.0559742717,0.1809986965,0.00000000
136440.000000,37.9000000000,0.1809581863,0.1777569839,0.1674944020,0.1469031558,0.0559688534,0.1809581863,0.00000000
136500.000000,37.9166666667,0.1809177141,0.1777177340,0.1674589655,0.1468748781,0.0559634431,0.1809177141,0.00000000
136560.000000,37.9333333333,0.1808772800,0.1776785209,0.1674235617,0.1468466257,0.0559580408,0.1808772800,0.00000000
136620.000000,37.9500000000,0.1808368839,0.1776393445,0.1673881905,0.1468183985,0.0559526464,0.1808368839,0.00000000
136680.000000,37.9666666667,0.1807965257,0.1776002047,0.1673528519,0.1467901966,0.0559472600,0.1807965257,0.00000000
136740.000000,37.9833333333,0.1807562054,0.1775611014,0.1673175459,0.1467620199,0.0559418815,0.1807562054,0.00000000
136800.000000,38.0000000000,0.1807159229,0.1775220347,0.1672822724,0.1467338684,0.0559365109,0.1807159229,0.00000000
136860.000000,38.0166666667,0.1806756781,0.1774830044,0.1672470313,0.1467057420,0.0559311483,0.1806756781,0.00000000
136920.000000,38.0333333333,0.1806354711,0.1774440105,0.1672118226,0.1466776407,0.0559257935,0.1806354711,0.00000000
136980.000000,38.0500000000,0.1805953017,0.1774050530,0.1671766463,0.1466495645,0.0559204465,0.1805953017,0.00000000
137040.000000,38.0666666667,0.1805551698,0.1773661317,0.1671415023,0.1466215133,0.0559151075,0.1805551698,0.00000000
137100.000000,38.0833333333,0.1805150755,0.1773272467,0.1671063905,0.1465934870,0.0559097762,0.1805150755,0.00000000
137160.000000,38.1000000000,0.1804750187,0.1772883979,0.1670713109,0.1465654858,0.0559044528,0.1804750187,0.00000000
137220.000000,38.1166666667,0.1804349993,0.1772495851,0.1670362635,0.1465375094,0.0558991372,0.1804349993,0.00000000
137280.000000,38.1333333333,0.1803950172,0.1772108085,0.1670012482,0.1465095579,0.0558938294,0.1803950172,0.00000000
137340.000000,38.1500000000,0.1803550724,0.1771720679,0.1669662650,0.1464816313,0.0558885293,0.1803550724,0.00000000
137400.000000,38.1666666667,0.1803151649,0.1771333632,0.1669313137,0.1464537294,0.0558832370,0.1803151649,0.00000000
137460.000000,38.1833333333,0.1802752946,0.1770946945,0.1668963945,0.1464258524,0.0558779524,0.1802752946,0.00000000
137520.000000,38.2000000000,0.1802354613,0.1770560616,0.1668615071,0.1463980000,0.0558726756,0.1802354613,0.00000000
137580.000000,38.2166666667,0.1801956652,0.1770174645,0.1668266517,0.1463701724,0.0558674065,0.1801956652,0.00000000
137640.000000,38.2333333333,0.1801559061,0.1769789032,0.1667918280,0.1463423694,0.0558621450,0.1801559061,0.00000000
137700.000000,38.2500000000,0.1801161840,0.1769403775,0.1667570362,0.1463145911,0.0558568913,0.1801161840,0.00000000
137760.000000,38.2666666667,0.1800764988,0.1769018875,0.1667222760,0.1462868373,0.0558516452,0.1800764988,0.00000000
137820.000000,38.2833333333,0.1800368504,0.1768634331,0.1666875476,0.1462591081,0.0558464068,0.1800368504,0.00000000
137880.000000,38.3000000000,0.1799972388,0.1768250142,0.1666528508,0.1462314034,0.0558411760,0.1799972388,0.00000000
137940.000000,38.3166666667,0.1799576640,0.1767866309,0.1666181856,0.1462037232,0.0558359528,0.1799576640,0.00000000
138000.000000,38.3333333333,0.1799181259,0.1767482829,0.1665835519,0.1461760675,0.0558307372,0.1799181259,0.00000000
138060.000000,38.3500000000,0.1798786244,0.1767099703,0.1665489498,0.1461484361,0.0558255292,0.1798786244,0.00000000
138120.000000,38.3666666667,0.1798391595,0.1766716931,0.1665143790,0.1461208292,0.0558203288,0.1798391595,0.00000000
138180.000000,38.3833333333,0.1797997311,0.1766334511,0.1664798397,0.1460932466,0.0558151359,0.1797997311,0.00000000
138240.000000,38.4000000000,0.1797603391,0.1765952443,0.1664453318,0.1460656883,0.0558099506,0.1797603391,0.00000000
138300.000000,38.4166666667,0.1797209837,0.1765570727,0.1664108551,0.1460381542,0.0558047728,0.1797209837,0.00000000
138360.000000,38.4333333333,0.1796816645,0.1765189363,0.1663764098,0.1460106445,0.0557996025,0.1796816645,0.00000000
138420.000000,38.4500000000,0.1796423817,0.1764808349,0.1663419956,0.1459831589,0.0557944397,0.1796423817,0.00000000
138480.000000,38.4666666667,0.1796031351,0.1764427685,0.1663076127,0.1459556974,0.0557892844,0.1796031351,0.00000000
138540.000000,38.4833333333,0.1795639248,0.1764047370,0.1662732608,0.1459282602,0.0557841366,0.1795639248,0.00000000
138600.000000,38.5000000000,0.1795247505,0.1763667405,0.1662389401,0.1459008470,0.0557789962,0.1795247505,0.00000000
138660.000000,38.5166666667,0.1794856124,0.1763287788,0.1662046503,0.1458734579,0.0557738633,0.1794856124,0.00000000
138720.000000,38.5333333333,0.1794465103,0.1762908519,0.1661703916,0.1458460928,0.0557687378,0.1794465103,0.00000000
138780.000000,38.5500000000,0.1794074442,0.1762529598,0.1661361639,0.1458187517,0.0557636197,0.1794074442,0.00000000
138840.000000,38.5666666667,0.1793684141,0.1762151024,0.1661019670,0.1457914345,0.0557585089,0.1793684141,0.00000000
138900.000000,38.5833333333,0.1793294198,0.1761772796,0.1660678010,0.1457641413,0.0557534056,0.1793294198,0.00000000
138960.000000,38.6000000000,0.1792904613,0.1761394915,0.1660336658,0.1457368720,0.0557483097,0.1792904613,0.00000000
139020.000000,38.6166666667,0.1792515386,0.1761017379,0.1659995613,0.1457096266,0.0557432210,0.1792515386,0.00000000
139080.000000,38.6333333333,0.1792126517,0.1760640188,0.1659654876,0.1456824049,0.0557381398,0.1792126517,0.00000000
139140.000000,38.6500000000,0.1791738004,0.1760263341,0.1659314446,0.1456552071,0.0557330658,0.1791738004,0.00000000
139200.000000,38.6666666667,0.1791349847,0.1759886838,0.1658974322,0.1456280330,0.0557279991,0.1791349847,0.00000000
139260.000000,38.6833333333,0.1790962046,0.1759510679,0.1658634504,0.1456008827,0.0557229398,0.1790962046,0.00000000
139320.000000,38.7000000000,0.1790574600,0.1759134862,0.1658294991,0.1455737560,0.0557178877,0.1790574600,0.00000000
139380.000000,38.7166666667,0.1790187508,0.1758759389,0.1657955784,0.1455466530,0.0557128429,0.1790187508,0.00000000
139440.000000,38.7333333333,0.1789800771,0.1758384257,0.1657616880,0.1455195736,0.0557078053,0.1789800771,0.00000000
139500.000000,38.7500000000,0.1789414387,0.1758009466,0.1657278281,0.1454925178,0.0557027750,0.1789414387,0.00000000
139560.000000,38.7666666667,0.1789028356,0.1757635016,0.1656939986,0.1454654856,0.0556977519,0.1789028356,0.00000000
139620.000000,38.7833333333,0.1788642678,0.1757260907,0.1656601994,0.1454384768,0.0556927360,0.1788642678,0.00000000
139680.000000,38.8000000000,0.1788257351,0.1756887138,0.1656264305,0.1454114916,0.0556877273,0.1788257351,0.00000000
139740.000000,38.8166666667,0.1787872376,0.1756513708,0.1655926918,0.1453845298,0.0556827258,0.1787872376,0.00000000
139800.000000,38.8333333333,0.1787487752,0.1756140617,0.1655589833,0.1453575915,0.0556777314,0.1787487752,0.00000000
139860.000000,38.8500000000,0.1787103479,0.1755767865,0.1655253049,0.1453306765,0.0556727442,0.1787103479,0.00000000
139920.000000,38.8666666667,0.1786719555,0.1755395451,0.1654916566,0.1453037849,0.0556677641,0.1786719555,0.00000000
139980.000000,38.8833333333,0.1786335981,0.1755023374,0.1654580384,0.1452769166,0.0556627912,0.1786335981,0.00000000
140040.000000,38.9000000000,0.1785952756,0.1754651634,0.1654244503,0.1452500715,0.0556578253,0.1785952756,0.00000000
140100.000000,38.9166666667,0.1785569879,0.1754280230,0.1653908921,0.1452232498,0.0556528666,0.1785569879,0.00000000
140160.000000,38.9333333333,0.1785187350,0.1753909162,0.1653573638,0.1451964513,0.0556479149,0.1785187350,0.00000000
140220.000000,38.9500000000,0.1784805168,0.1753538430,0.1653238654,0.1451696759,0.0556429703,0.1784805168,0.00000000
140280.000000,38.9666666667,0.1784423333,0.1753168033,0.1652903968,0.1451429237,0.0556380327,0.1784423333,0.00000000
140340.000000,38.9833333333,0.1784041844,0.1752797971,0.1652569581,0.1451161947,0.0556331022,0.1784041844,0.00000000
140400.000000,39.0000000000,0.1783660701,0.1752428242,0.1652235491,0.1450894887,0.0556281788,0.1783660701,0.00000000
140460.000000,39.0166666667,0.1783279904,0.1752058847,0.1651901698,0.1450628058,0.0556232623,0.1783279904,0.00000000
140520.000000,39.0333333333,0.1782899451,0.1751689785,0.1651568202,0.1450361459,0.0556183528,0.1782899451,0.00000000
140580.000000,39.0500000000,0.1782519343,0.1751321055,0.1651235002,0.1450095090,0.0556134503,0.1782519343,0.00000000
140640.000000,39.0666666667,0.1782139579,0.1750952658,0.1650902098,0.1449828951,0.0556085548,0.1782139579,0.00000000
140700.000000,39.0833333333,0.1781760157,0.1750584592,0.1650569490,0.1449563041,0.0556036663,0.1781760157,0.00000000
140760.000000,39.1000000000,0.1781381079,0.1750216858,0.1650237176,0.1449297360,0.0555987847,0.1781381079,0.00000000
140820.000000,39.1166666667,0.1781002343,0.1749849454,0.1649905157,0.1449031907,0.0555939100,0.1781002343,0.00000000
140880.000000,39.1333333333,0.1780623949,0.1749482380,0.1649573432,0.1448766683,0.0555890422,0.1780623949,0.00000000
140940.000000,39.1500000000,0.1780245896,0.1749115635,0.1649242001,0.1448501687,0.0555841814,0.1780245896,0.00000000
141000.000000,39.1666666667,0.1779868184,0.1748749220,0.1648910864,0.1448236919,0.0555793274,0.1779868184,0.00000000
141060.000000,39.1833333333,0.1779490812,0.1748383134,0.1648580019,0.1447972378,0.0555744803,0.1779490812,0.00000000
141120.000000,39.2000000000,0.1779113780,0.1748017376,0.1648249467,0.1447708064,0.0555696401,0.1779113780,0.00000000
141180.000000,39.2166666667,0.1778737087,0.1747651946,0.1647919206,0.1447443976,0.0555648067,0.1778737087,0.00000000
141240.000000,39.2333333333,0.1778360733,0.1747286843,0.1647589238,0.1447180116,0.0555599802,0.1778360733,0.00000000
141300.000000,39.2500000000,0.1777984718,0.1746922067,0.1647259560,0.1446916481,0.0555551604,0.1777984718,0.00000000
141360.000000,39.2666666667,0.1777609040,0.1746557617,0.1646930173,0.1446653072,0.0555503475,0.1777609040,0.00000000
141420.000000,39.2833333333,0.1777233700,0.1746193493,0.1646601077,0.1446389888,0.0555455414,0.1777233700,0.00000000
141480.000000,39.3000000000,0.1776858697,0.1745829694,0.1646272271,0.1446126930,0.0555407421,0.1776858697,0.00000000
141540.000000,39.3166666667,0.1776484030,0.1745466220,0.1645943754,0.1445864196,0.0555359495,0.1776484030,0.00000000
141600.000000,39.3333333333,0.1776109699,0.1745103071,0.1645615527,0.1445601687,0.0555311638,0.1776109699,0.00000000
141660.000000,39.3500000000,0.1775735703,0.1744740246,0.1645287588,0.1445339402,0.0555263847,0.1775735703,0.00000000
141720.000000,39.3666666667,0.1775362043,0.1744377744,0.1644959937,0.1445077341,0.0555216124,0.1775362043,0.00000000
141780.000000,39.3833333333,0.1774988717,0.1744015566,0.1644632574,0.1444815504,0.0555168468,0.1774988717,0.00000000
141840.000000,39.4000000000,0.1774615724,0.1743653710,0.1644305499,0.1444553890,0.0555120879,0.1774615724,0.00000000
141900.000000,39.4166666667,0.1774243066,0.1743292176,0.1643978711,0.1444292499,0.0555073357,0.1774243066,0.00000000
141960.000000,39.4333333333,0.1773870740,0.1742930964,0.1643652210,0.1444031330,0.0555025902,0.1773870740,0.00000000
142020.000000,39.4500000000,0.1773498747,0.1742570073,0.1643325995,0.1443770384,0.0554978513,0.1773498747,0.00000000
142080.000000,39.4666666667,0.1773127085,0.1742209503,0.1643000065,0.1443509660,0.0554931191,0.1773127085,0.00000000
142140.000000,39.4833333333,0.1772755756,0.1741849253,0.1642674422,0.1443249157,0.0554883936,0.1772755756,0.00000000
142200.000000,39.5000000000,0.1772384757,0.1741489322,0.1642349063,0.1442988876,0.0554836747,0.1772384757,0.00000000
142260.000000,39.5166666667,0.1772014089,0.1741129712,0.1642023989,0.1442728816,0.0554789624,0.1772014089,0.00000000
142320.000000,39.5333333333,0.1771643752,0.1740770420,0.1641699199,0.1442468977,0.0554742567,0.1771643752,0.00000000
142380.000000,39.5500000000,0.1771273743,0.1740411446,0.1641374693,0.1442209358,0.0554695575,0.1771273743,0.00000000
142440.000000,39.5666666667,0.1770904064,0.1740052791,0.1641050470,0.1441949959,0.0554648650,0.1770904064,0.00000000
142500.000000,39.5833333333,0.1770534714,0.1739694453,0.1640726531,0.1441690781,0.0554601790,0.1770534714,0.00000000
142560.000000,39.6000000000,0.1770165692,0.1739336432,0.1640402874,0.1441431822,0.0554554996,0.1770165692,0.00000000
142620.000000,39.6166666667,0.1769796998,0.1738978728,0.1640079499,0.1441173082,0.0554508267,0.1769796998,0.00000000
142680.000000,39.6333333333,0.1769428631,0.1738621340,0.1639756406,0.1440914561,0.0554461604,0.1769428631,0.00000000
142740.000000,39.6500000000,0.1769060591,0.1738264268,0.1639433595,0.1440656259,0.0554415006,0.1769060591,0.00000000
142800.000000,39.6666666667,0.1768692878,0.1737907511,0.1639111065,0.1440398175,0.0554368472,0.1768692878,0.00000000
142860.000000,39.6833333333,0.1768325490,0.1737551069,0.1638788815,0.1440140309,0.0554322004,0.1768325490,0.00000000
142920.000000,39.7000000000,0.1767958427,0.1737194941,0.1638466846,0.1439882661,0.0554275600,0.1767958427,0.00000000
142980.000000,39.7166666667,0.1767591690,0.1736839127,0.1638145156,0.1439625230,0.0554229262,0.1767591690,0.00000000
143040.000000,39.7333333333,0.1767225277,0.1736483627,0.1637823746,0.1439368016,0.0554182987,0.1767225277,0.00000000
143100.000000,39.7500000000,0.1766859188,0.1736128440,0.1637502615,0.1439111020,0.0554136777,0.1766859188,0.00000000
143160.000000,39.7666666667,0.1766493423,0.1735773565,0.1637181762,0.1438854240,0.0554090632,0.1766493423,0.00000000
143220.000000,39.7833333333,0.1766127981,0.1735419002,0.1636861188,0.1438597676,0.0554044550,0.1766127981,0.00000000
143280.000000,39.8000000000,0.1765762861,0.1735064752,0.1636540892,0.1438341328,0.0553998533,0.1765762861,0.00000000
143340.000000,39.8166666667,0.1765398064,0.1734710812,0.1636220873,0.1438085195,0.0553952579,0.1765398064,0.00000000
143400.000000,39.8333333333,0.1765033588,0.1734357183,0.1635901131,0.1437829279,0.0553906689,0.1765033588,0.00000000
143460.000000,39.8500000000,0.1764669434,0.1734003865,0.1635581666,0.1437573577,0.0553860863,0.1764669434,0.00000000
143520.000000,39.8666666667,0.1764305601,0.1733650856,0.1635262478,0.1437318090,0.0553815101,0.1764305601,0.00000000
143580.000000,39.8833333333,0.1763942088,0.1733298157,0.1634943565,0.1437062817,0.0553769402,0.1763942088,0.00000000
143640.000000,39.9000000000,0.1763578894,0.1732945767,0.1634624928,0.1436807758,0.0553723766,0.1763578894,0.00000000
143700.000000,39.9166666667,0.1763216021,0.1732593686,0.1634306566,0.1436552914,0.0553678193,0.1763216021,0.00000000
143760.000000,39.9333333333,0.1762853466,0.1732241913,0.1633988479,0.1436298283,0.0553632684,0.1762853466,0.00000000
143820.000000,39.9500000000,0.1762491230,0.1731890448,0.1633670666,0.1436043865,0.0553587237,0.1762491230,0.00000000
143880.000000,39.9666666667,0.1762129312,0.1731539290,0.1633353127,0.1435789660,0.0553541854,0.1762129312,0.00000000
143940.000000,39.9833333333,0.1761767711,0.1731188438,0.1633035862,0.1435535668,0.0553496533,0.1761767711,0.00000000
144000.000000,40.0000000000,0.1761406428,0.1730837894,0.1632718870,0.1435281889,0.0553451274,0.1761406428,0.00000000
144060.000000,40.0166666667,0.1761045461,0.1730487655,0.1632402151,0.1435028321,0.0553406078,0.1761045461,0.00000000
144120.000000,40.0333333333,0.1760684811,0.1730137722,0.1632085704,0.1434774966,0.0553360945,0.1760684811,0.00000000
144180.000000,40.0500000000,0.1760324477,0.1729788094,0.1631769530,0.1434521822,0.0553315874,0.1760324477,0.00000000
144240.000000,40.0666666667,0.1759964458,0.1729438770,0.1631453627,0.1434268889,0.0553270865,0.1759964458,0.00000000
144300.000000,40.0833333333,0.1759604754,0.1729089751,0.1631137995,0.1434016167,0.0553225917,0.1759604754,0.00000000
144360.000000,40.1000000000,0.1759245364,0.1728741036,0.1630822635,0.1433763656,0.0553181032,0.1759245364,0.00000000
144420.000000,40.1166666667,0.1758886289,0.1728392625,0.1630507545,0.1433511355,0.0553136209,0.1758886289,0.00000000
144480.000000,40.1333333333,0.1758527527,0.1728044516,0.1630192725,0.1433259265,0.0553091447,0.1758527527,0.00000000
144540.000000,40.1500000000,0.1758169078,0.1727696710,0.1629878176,0.1433007384,0.0553046747,0.1758169078,0.00000000
144600.000000,40.1666666667,0.1757810942,0.1727349206,0.1629563895,0.1432755712,0.0553002108,0.1757810942,0.00000000
144660.000000,40.1833333333,0.1757453119,0.1727002003,0.1629249884,0.1432504250,0.0552957531,0.1757453119,0.00000000
144720.000000,40.2000000000,0.1757095607,0.1726655102,0.1628936141,0.1432252997,0.0552913014,0.1757095607,0.00000000
144780.000000,40.2166666667,0.1756738406,0.1726308502,0.1628622667,0.1432001953,0.0552868559,0.1756738406,0.00000000
144840.000000,40.2333333333,0.1756381517,0.1725962203,0.1628309461,0.1431751117,0.0552824165,0.1756381517,0.00000000
144900.000000,40.2500000000,0.1756024938,0.1725616203,0.1627996522,0.1431500489,0.0552779831,0.1756024938,0.00000000
144960.000000,40.2666666667,0.1755668669,0.1725270503,0.1627683850,0.1431250069,0.0552735559,0.1755668669,0.00000000
145020.000000,40.2833333333,0.1755312710,0.1724925102,0.1627371446,0.1430999856,0.0552691347,0.1755312710,0.00000000
145080.000000,40.3000000000,0.1754957061,0.1724580000,0.1627059307,0.1430749851,0.0552647195,0.1754957061,0.00000000
145140.000000,40.3166666667,0.1754601720,0.1724235197,0.1626747435,0.1430500053,0.0552603104,0.1754601720,0.00000000
145200.000000,40.3333333333,0.1754246687,0.1723890691,0.1626435829,0.1430250461,0.0552559073,0.1754246687,0.00000000
145260.000000,40.3500000000,0.1753891962,0.1723546483,0.1626124488,0.1430001076,0.0552515103,0.1753891962,0.00000000
145320.000000,40.3666666667,0.1753537545,0.1723202572,0.1625813412,0.1429751897,0.0552471192,0.1753537545,0.00000000
145380.000000,40.3833333333,0.1753183435,0.1722858957,0.1625502601,0.1429502924,0.0552427341,0.1753183435,0.00000000
145440.000000,40.4000000000,0.1752829631,0.1722515639,0.1625192054,0.1429254157,0.0552383551,0.1752829631,0.00000000
145500.000000,40.4166666667,0.1752476134,0.1722172617,0.1624881770,0.1429005594,0.0552339820,0.1752476134,0.00000000
145560.000000,40.4333333333,0.1752122942,0.1721829890,0.1624571751,0.1428757237,0.0552296148,0.1752122942,0.00000000
145620.000000,40.4500000000,0.1751770056,0.1721487459,0.1624261994,0.1428509085,0.0552252536,0.1751770056,0.00000000
145680.000000,40.4666666667,0.1751417475,0.1721145322,0.1623952501,0.1428261137,0.0552208984,0.1751417475,0.00000000
145740.000000,40.4833333333,0.1751065198,0.1720803479,0.1623643270,0.1428013393,0.0552165490,0.1751065198,0.00000000
145800.000000,40.5000000000,0.1750713225,0.1720461930,0.1623334301,0.1427765853,0.0552122056,0.1750713225,0.00000000
145860.000000,40.5166666667,0.1750361556,0.1720120674,0.1623025593,0.1427518517,0.0552078681,0.1750361556,0.00000000
145920.000000,40.5333333333,0.1750010191,0.1719779711,0.1622717147,0.1427271384,0.0552035365,0.1750010191,0.00000000
145980.000000,40.5500000000,0.1749659128,0.1719439041,0.1622408962,0.1427024454,0.0551992108,0.1749659128,0.00000000
146040.000000,40.5666666667,0.1749308367,0.1719098663,0.1622101038,0.1426777728,0.0551948909,0.1749308367,0.00000000
146100.000000,40.5833333333,0.1748957908,0.1718758577,0.1621793374,0.1426531203,0.0551905769,0.1748957908,0.00000000
146160.000000,40.6000000000,0.1748607751,0.1718418782,0.1621485970,0.1426284881,0.0551862688,0.1748607751,0.00000000
146220.000000,40.6166666667,0.1748257895,0.1718079279,0.1621178825,0.1426038761,0.0551819665,0.1748257895,0.00000000
146280.000000,40.6333333333,0.1747908340,0.1717740065,0.1620871940,0.1425792843,0.0551776700,0.1747908340,0.00000000
146340.000000,40.6500000000,0.1747559085,0.1717401142,0.1620565314,0.1425547126,0.0551733793,0.1747559085,0.00000000
146400.000000,40.6666666667,0.1747210130,0.1717062509,0.1620258946,0.1425301611,0.0551690945,0.1747210130,0.00000000
146460.000000,40.6833333333,0.1746861474,0.1716724165,0.1619952836,0.1425056296,0.0551648154,0.1746861474,0.00000000
146520.000000,40.7000000000,0.1746513118,0.1716386110,0.1619646984,0.1424811182,0.0551605422,0.1746513118,0.00000000
146580.000000,40.7166666667,0.1746165060,0.1716048344,0.1619341390,0.1424566268,0.0551562747,0.1746165060,0.00000000
146640.000000,40.7333333333,0.1745817300,0.1715710865,0.1619036052,0.1424321555,0.0551520129,0.1745817300,0.00000000
146700.000000,40.7500000000,0.1745469838,0.1715373675,0.1618730972,0.1424077041,0.0551477570,0.1745469838,0.00000000
146760.000000,40.7666666667,0.1745122673,0.1715036772,0.1618426147,0.1423832727,0.0551435067,0.1745122673,0.00000000
146820.000000,40.7833333333,0.1744775806,0.1714700155,0.1618121579,0.1423588612,0.0551392623,0.1744775806,0.00000000
146880.000000,40.8000000000,0.1744429235,0.1714363826,0.1617817267,0.1423344697,0.0551350235,0.1744429235,0.00000000
146940.000000,40.8166666667,0.1744082960,0.1714027782,0.1617513210,0.1423100980,0.0551307904,0.1744082960,0.00000000
147000.000000,40.8333333333,0.1743736981,0.1713692025,0.1617209408,0.1422857462,0.0551265631,0.1743736981,0.00000000
147060.000000,40.8500000000,0.1743391297,0.1713356552,0.1616905860,0.1422614141,0.0551223414,0.1743391297,0.00000000
147120.000000,40.8666666667,0.1743045908,0.1713021365,0.1616602567,0.1422371019,0.0551181254,0.1743045908,0.00000000
147180.000000,40.8833333333,0.1742700814,0.1712686463,0.1616299528,0.1422128095,0.0551139151,0.1742700814,0.00000000
147240.000000,40.9000000000,0.1742356013,0.1712351844,0.1615996742,0.1421885368,0.0551097104,0.1742356013,0.00000000
147300.000000,40.9166666667,0.1742011507,0.1712017509,0.1615694210,0.1421642838,0.0551055114,0.1742011507,0.00000000
147360.000000,40.9333333333,0.1741667293,0.1711683458,0.1615391930,0.1421400506,0.0551013180,0.1741667293,0.00000000
147420.000000,40.9500000000,0.1741323373,0.1711349690,0.1615089904,0.1421158369,0.0550971303,0.1741323373,0.00000000
147480.000000,40.9666666667,0.1740979745,0.1711016205,0.1614788129,0.1420916430,0.0550929481,0.1740979745,0.00000000
147540.000000,40.9833333333,0.1740636409,0.1710683001,0.1614486606,0.1420674686,0.0550887716,0.1740636409,0.00000000
147600.000000,41.0000000000,0.1740293365,0.1710350080,0.1614185335,0.1420433139,0.0550846007,0.1740293365,0.00000000
147660.000000,41.0166666667,0.1739950613,0.1710017440,0.1613884315,0.1420191787,0.0550804354,0.1739950613,0.00000000
147720.000000,41.0333333333,0.1739608151,0.1709685081,0.1613583546,0.1419950630,0.0550762756,0.1739608151,0.00000000
147780.000000,41.0500000000,0.1739265979,0.1709353003,0.1613283028,0.1419709669,0.0550721214,0.1739265979,0.00000000
147840.000000,41.0666666667,0.1738924098,0.1709021206,0.1612982760,0.1419468902,0.0550679728,0.1738924098,0.00000000
147900.000000,41.0833333333,0.1738582506,0.1708689688,0.1612682741,0.1419228330,0.0550638297,0.1738582506,0.00000000
147960.000000,41.1000000000,0.1738241204,0.1708358450,0.1612382972,0.1418987952,0.0550596921,0.1738241204,0.00000000
148020.000000,41.1166666667,0.1737900190,0.1708027491,0.1612083452,0.1418747769,0.0550555601,0.1737900190,0.00000000
148080.000000,41.1333333333,0.1737559466,0.1707696811,0.1611784181,0.1418507779,0.0550514335,0.1737559466,0.00000000
148140.000000,41.1500000000,0.1737219029,0.1707366409,0.1611485159,0.1418267983,0.0550473125,0.1737219029,0.00000000
148200.000000,41.1666666667,0.1736878880,0.1707036285,0.1611186385,0.1418028380,0.0550431970,0.1736878880,0.00000000
148260.000000,41.1833333333,0.1736539018,0.1706706439,0.1610887858,0.1417788970,0.0550390870,0.1736539018,0.00000000
148320.000000,41.2000000000,0.1736199443,0.1706376870,0.1610589580,0.1417549753,0.0550349824,0.1736199443,0.00000000
148380.000000,41.2166666667,0.1735860155,0.1706047579,0.1610291548,0.1417310728,0.0550308833,0.1735860155,0.00000000
148440.000000,41.2333333333,0.1735521152,0.1705718563,0.1609993763,0.1417071896,0.0550267897,0.1735521152,0.00000000
148500.000000,41.2500000000,0.1735182436,0.1705389824,0.1609696224,0.1416833256,0.0550227015,0.1735182436,0.00000000
148560.000000,41.2666666667,0.1734844005,0.1705061361,0.1609398932,0.1416594808,0.0550186187,0.1734844005,0.00000000
148620.000000,41.2833333333,0.1734505859,0.1704733173,0.1609101886,0.1416356551,0.0550145414,0.1734505859,0.00000000
148680.000000,41.3000000000,0.1734167997,0.1704405260,0.1608805085,0.1416118485,0.0550104695,0.1734167997,0.00000000
148740.000000,41.3166666667,0.1733830420,0.1704077622,0.1608508529,0.1415880611,0.0550064030,0.1733830420,0.00000000
148800.000000,41.3333333333,0.1733493127,0.1703750258,0.1608212218,0.1415642927,0.0550023419,0.1733493127,0.00000000
148860.000000,41.3500000000,0.1733156117,0.1703423168,0.1607916152,0.1415405434,0.0549982861,0.1733156117,0.00000000
148920.000000,41.3666666667,0.1732819390,0.1703096351,0.1607620330,0.1415168131,0.0549942358,0.1732819390,0.00000000
148980.000000,41.3833333333,0.1732482945,0.1702769808,0.1607324752,0.1414931018,0.0549901908,0.1732482945,0.00000000
149040.000000,41.4000000000,0.1732146783,0.1702443538,0.1607029417,0.1414694095,0.0549861511,0.1732146783,0.00000000
149100.000000,41.4166666667,0.1731810903,0.1702117540,0.1606734325,0.1414457361,0.0549821169,0.1731810903,0.00000000
149160.000000,41.4333333333,0.1731475304,0.1701791814,0.1606439477,0.1414220817,0.0549780879,0.1731475304,0.00000000
149220.000000,41.4500000000,0.1731139987,0.1701466359,0.1606144871,0.1413984462,0.0549740643,0.1731139987,0.00000000
149280.000000,41.4666666667,0.1730804950,0.1701141176,0.1605850507,0.1413748295,0.0549700460,0.1730804950,0.00000000
149340.000000,41.4833333333,0.1730470193,0.1700816264,0.1605556385,0.1413512317,0.0549660330,0.1730470193,0.00000000
149400.000000,41.5000000000,0.1730135717,0.1700491623,0.1605262505,0.1413276528,0.0549620253,0.1730135717,0.00000000
149460.000000,41.5166666667,0.1729801520,0.1700167252,0.1604968865,0.1413040926,0.0549580229,0.1729801520,0.00000000
149520.000000,41.5333333333,0.1729467602,0.1699843151,0.1604675467,0.1412805512,0.0549540257,0.1729467602,0.00000000
149580.000000,41.5500000000,0.1729133964,0.1699519319,0.1604382310,0.1412570286,0.0549500339,0.1729133964,0.00000000
149640.000000,41.5666666667,0.1728800603,0.1699195756,0.1604089393,0.1412335247,0.0549460473,0.1728800603,0.00000000
149700.000000,41.5833333333,0.1728467521,0.1698872462,0.1603796715,0.1412100395,0.0549420659,0.1728467521,0.00000000
149760.000000,41.6000000000,0.1728134716,0.1698549437,0.1603504278,0.1411865730,0.0549380898,0.1728134716,0.00000000
149820.000000,41.6166666667,0.1727802189,0.1698226680,0.1603212080,0.1411631252,0.0549341190,0.1727802189,0.00000000
149880.000000,41.6333333333,0.1727469939,0.1697904190,0.1602920120,0.1411396960,0.0549301533,0.1727469939,0.00000000
149940.000000,41.6500000000,0.1727137965,0.1697581967,0.1602628400,0.1411162854,0.0549261929,0.1727137965,0.00000000
150000.000000,41.6666666667,0.1726806268,0.1697260012,0.1602336918,0.1410928933,0.0549222376,0.1726806268,0.00000000
150060.000000,41.6833333333,0.1726474846,0.1696938323,0.1602045674,0.1410695199,0.0549182876,0.1726474846,0.00000000
150120.000000,41.7000000000,0.1726143700,0.1696616901,0.1601754667,0.1410461649,0.0549143427,0.1726143700,0.00000000
150180.000000,41.7166666667,0.1725812829,0.1696295744,0.1601463898,0.1410228285,0.0549104030,0.1725812829,0.00000000
150240.000000,41.7333333333,0.1725482233,0.1695974853,0.1601173367,0.1409995106,0.0549064685,0.1725482233,0.00000000
150300.000000,41.7500000000,0.1725151911,0.1695654227,0.1600883072,0.1409762112,0.0549025392,0.1725151911,0.00000000
150360.000000,41.7666666667,0.1724821864,0.1695333866,0.1600593013,0.1409529301,0.0548986149,0.1724821864,0.00000000
150420.000000,41.7833333333,0.1724492089,0.1695013770,0.1600303191,0.1409296675,0.0548946959,0.1724492089,0.00000000
150480.000000,41.8000000000,0.1724162588,0.1694693937,0.1600013605,0.1409064233,0.0548907819,0.1724162588,0.00000000
150540.000000,41.8166666667,0.1723833360,0.1694374369,0.1599724254,0.1408831975,0.0548868731,0.1723833360,0.00000000
150600.000000,41.8333333333,0.1723504405,0.1694055064,0.1599435138,0.1408599900,0.0548829694,0.1723504405,0.00000000
150660.000000,41.8500000000,0.1723175721,0.1693736021,0.1599146257,0.1408368008,0.0548790708,0.1723175721,0.00000000
150720.000000,41.8666666667,0.1722847310,0.1693417242,0.1598857611,0.1408136299,0.0548751772,0.1722847310,0.00000000
150780.000000,41.8833333333,0.1722519170,0.1693098725,0.1598569199,0.1407904773,0.0548712888,0.1722519170,0.00000000
150840.000000,41.9000000000,0.1722191301,0.1692780470,0.1598281022,0.1407673429,0.0548674054,0.1722191301,0.00000000
150900.000000,41.9166666667,0.1721863702,0.1692462476,0.1597993078,0.1407442268,0.0548635271,0.1721863702,0.00000000
150960.000000,41.9333333333,0.1721536374,0.1692144744,0.1597705367,0.1407211289,0.0548596539,0.1721536374,0.00000000
151020.000000,41.9500000000,0.1721209316,0.1691827273,0.1597417889,0.1406980491,0.0548557857,0.1721209316,0.00000000
151080.000000,41.9666666667,0.1720882528,0.1691510063,0.1597130644,0.1406749875,0.0548519225,0.1720882528,0.00000000
151140.000000,41.9833333333,0.1720556009,0.1691193112,0.1596843632,0.1406519441,0.0548480644,0.1720556009,0.00000000
151200.000000,42.0000000000,0.1720229759,0.1690876422,0.1596556852,0.1406289187,0.0548442113,0.1720229759,0.00000000
151260.000000,42.0166666667,0.1719903777,0.1690559991,0.1596270303,0.1406059115,0.0548403632,0.1719903777,0.00000000
151320.000000,42.0333333333,0.1719578063,0.1690243820,0.1595983987,0.1405829223,0.0548365201,0.1719578063,0.00000000
151380.000000,42.0500000000,0.1719252618,0.1689927907,0.1595697901,0.1405599511,0.0548326820,0.1719252618,0.00000000
151440.000000,42.0666666667,0.1718927440,0.1689612253,0.1595412046,0.1405369979,0.0548288489,0.1718927440,0.00000000
151500.000000,42.0833333333,0.1718602529,0.1689296857,0.1595126422,0.1405140628,0.0548250207,0.1718602529,0.00000000
151560.000000,42.1000000000,0.1718277884,0.1688981720,0.1594841028,0.1404911456,0.0548211976,0.1718277884,0.00000000
151620.000000,42.1166666667,0.1717953506,0.1688666839,0.1594555865,0.1404682463,0.0548173793,0.1717953506,0.00000000
151680.000000,42.1333333333,0.1717629395,0.1688352216,0.1594270931,0.1404453650,0.0548135661,0.1717629395,0.00000000
151740.000000,42.1500000000,0.1717305548,0.1688037849,0.1593986226,0.1404225016,0.0548097577,0.1717305548,0.00000000
151800.000000,42.1666666667,0.1716981968,0.1687723739,0.1593701751,0.1403996561,0.0548059543,0.1716981968,0.00000000
151860.000000,42.1833333333,0.1716658652,0.1687409886,0.1593417504,0.1403768284,0.0548021559,0.1716658652,0.00000000
151920.000000,42.2000000000,0.1716335601,0.1687096288,0.1593133486,0.1403540185,0.0547983623,0.1716335601,0.00000000
151980.000000,42.2166666667,0.1716012814,0.1686782945,0.1592849696,0.1403312265,0.0547945736,0.1716012814,0.00000000
152040.000000,42.2333333333,0.1715690291,0.1686469858,0.1592566134,0.1403084522,0.0547907899,0.1715690291,0.00000000
152100.000000,42.2500000000,0.1715368032,0.1686157025,0.1592282800,0.1402856957,0.0547870110,0.1715368032,0.00000000
152160.000000,42.2666666667,0.1715046036,0.1685844447,0.1591999693,0.1402629569,0.0547832370,0.1715046036,0.00000000
152220.000000,42.2833333333,0.1714724302,0.1685532123,0.1591716813,0.1402402359,0.0547794679,0.1714724302,0.00000000
152280.000000,42.3000000000,0.1714402832,0.1685220053,0.1591434160,0.1402175325,0.0547757036,0.1714402832,0.00000000
152340.000000,42.3166666667,0.1714081623,0.1684908236,0.1591151733,0.1401948468,0.0547719442,0.1714081623,0.00000000
152400.000000,42.3333333333,0.1713760677,0.1684596673,0.1590869532,0.1401721788,0.0547681896,0.1713760677,0.00000000
152460.000000,42.3500000000,0.1713439992,0.1684285362,0.1590587557,0.1401495284,0.0547644399,0.1713439992,0.00000000
152520.000000,42.3666666667,0.1713119568,0.1683974304,0.1590305808,0.1401268956,0.0547606950,0.1713119568,0.00000000
152580.000000,42.3833333333,0.1712799405,0.1683663498,0.1590024284,0.1401042804,0.0547569549,0.1712799405,0.00000000
152640.000000,42.4000000000,0.1712479502,0.1683352943,0.1589742985,0.1400816827,0.0547532196,0.1712479502,0.00000000
152700.000000,42.4166666667,0.1712159859,0.1683042640,0.1589461911,0.1400591026,0.0547494892,0.1712159859,0.00000000
152760.000000,42.4333333333,0.1711840477,0.1682732589,0.1589181061,0.1400365400,0.0547457635,0.1711840477,0.00000000
152820.000000,42.4500000000,0.1711521353,0.1682422788,0.1588900435,0.1400139949,0.0547420426,0.1711521353,0.00000000
152880.000000,42.4666666667,0.1711202489,0.1682113237,0.1588620033,0.1399914673,0.0547383265,0.1711202489,0.00000000
152940.000000,42.4833333333,0.1710883884,0.1681803937,0.1588339854,0.1399689571,0.0547346151,0.1710883884,0.00000000
153000.000000,42.5000000000,0.1710565537,0.1681494886,0.1588059899,0.1399464643,0.0547309085,0.1710565537,0.00000000
153060.000000,42.5166666667,0.1710247448,0.1681186085,0.1587780166,0.1399239889,0.0547272067,0.1710247448,0.00000000
153120.000000,42.5333333333,0.1709929617,0.1680877533,0.1587500656,0.1399015309,0.0547235096,0.1709929617,0.00000000
153180.000000,42.5500000000,0.1709612043,0.1680569230,0.1587221369,0.1398790903,0.0547198172,0.1709612043,0.00000000
153240.000000,42.5666666667,0.1709294726,0.1680261176,0.1586942303,0.1398566670,0.0547161296,0.1709294726,0.00000000
153300.000000,42.5833333333,0.1708977666,0.1679953370,0.1586663460,0.1398342610,0.0547124467,0.1708977666,0.00000000
153360.000000,42.6000000000,0.1708660862,0.1679645811,0.1586384838,0.1398118724,0.0547087685,0.1708660862,0.00000000
153420.000000,42.6166666667,0.1708344315,0.1679338500,0.1586106437,0.1397895010,0.0547050950,0.1708344315,0.00000000
153480.000000,42.6333333333,0.1708028023,0.1679031437,0.1585828257,0.1397671468,0.0547014261,0.1708028023,0.00000000
153540.000000,42.6500000000,0.1707711987,0.1678724620,0.1585550297,0.1397448099,0.0546977620,0.1707711987,0.00000000
153600.000000,42.6666666667,0.1707396205,0.1678418050,0.1585272558,0.1397224901,0.0546941026,0.1707396205,0.00000000
153660.000000,42.6833333333,0.1707080679,0.1678111726,0.1584995039,0.1397001876,0.0546904478,0.1707080679,0.00000000
153720.000000,42.7000000000,0.1706765406,0.1677805648,0.1584717740,0.1396779022,0.0546867976,0.1706765406,0.00000000
153780.000000,42.7166666667,0.1706450388,0.1677499815,0.1584440660,0.1396556340,0.0546831522,0.1706450388,0.00000000
153840.000000,42.7333333333,0.1706135623,0.1677194228,0.1584163799,0.1396333829,0.0546795113,0.1706135623,0.00000000
153900.000000,42.7500000000,0.1705821112,0.1676888886,0.1583887158,0.1396111488,0.0546758752,0.1705821112,0.00000000
153960.000000,42.7666666667,0.1705506854,0.1676583788,0.1583610735,0.1395889319,0.0546722436,0.1705506854,0.00000000
154020.000000,42.7833333333,0.1705192849,0.1676278935,0.1583334530,0.1395667320,0.0546686166,0.1705192849,0.00000000
154080.000000,42.8000000000,0.1704879096,0.1675974326,0.1583058544,0.1395445491,0.0546649943,0.1704879096,0.00000000
154140.000000,42.8166666667,0.1704565595,0.1675669960,0.1582782775,0.1395223833,0.0546613766,0.1704565595,0.00000000
154200.000000,42.8333333333,0.1704252346,0.1675365838,0.1582507224,0.1395002344,0.0546577634,0.1704252346,0.00000000
154260.000000,42.8500000000,0.1703939348,0.1675061959,0.1582231889,0.1394781025,0.0546541549,0.1703939348,0.00000000
154320.000000,42.8666666667,0.1703626601,0.1674758323,0.1581956772,0.1394559876,0.0546505509,0.1703626601,0.00000000
154380.000000,42.8833333333,0.1703314105,0.1674454929,0.1581681872,0.1394338896,0.0546469515,0.1703314105,0.00000000
154440.000000,42.9000000000,0.1703001860,0.1674151777,0.1581407188,0.1394118085,0.0546433567,0.1703001860,0.00000000
154500.000000,42.9166666667,0.1702689864,0.1673848867,0.1581132720,0.1393897442,0.0546397664,0.1702689864,0.00000000
154560.000000,42.9333333333,0.1702378119,0.1673546199,0.1580858468,0.1393676969,0.0546361807,0.1702378119,0.00000000
154620.000000,42.9500000000,0.1702066622,0.1673243772,0.1580584432,0.1393456663,0.0546325995,0.1702066622,0.00000000
154680.000000,42.9666666667,0.1701755375,0.1672941585,0.1580310611,0.1393236526,0.0546290228,0.1701755375,0.00000000
154740.000000,42.9833333333,0.1701444377,0.1672639639,0.1580037004,0.1393016557,0.0546254507,0.1701444377,0.00000000
154800.000000,43.0000000000,0.1701133627,0.1672337934,0.1579763613,0.1392796756,0.0546218831,0.1701133627,0.00000000
154860.000000,43.0166666667,0.1700823126,0.1672036468,0.1579490436,0.1392577122,0.0546183200,0.1700823126,0.00000000
154920.000000,43.0333333333,0.1700512872,0.1671735242,0.1579217473,0.1392357656,0.0546147614,0.1700512872,0.00000000
154980.000000,43.0500000000,0.1700202866,0.1671434255,0.1578944725,0.1392138356,0.0546112073,0.1700202866,0.00000000
155040.000000,43.0666666667,0.1699893106,0.1671133508,0.1578672189,0.1391919224,0.0546076576,0.1699893106,0.00000000
155100.000000,43.0833333333,0.1699583594,0.1670832999,0.1578399868,0.1391700258,0.0546041125,0.1699583594,0.00000000
155160.000000,43.1000000000,0.1699274329,0.1670532728,0.1578127759,0.1391481459,0.0546005718,0.1699274329,0.00000000
155220.000000,43.1166666667,0.1698965309,0.1670232695,0.1577855863,0.1391262827,0.0545970356,0.1698965309,0.00000000
155280.000000,43.1333333333,0.1698656536,0.1669932901,0.1577584180,0.1391044360,0.0545935038,0.1698656536,0.00000000
155340.000000,43.1500000000,0.1698348008,0.1669633343,0.1577312709,0.1390826059,0.0545899765,0.1698348008,0.00000000
155400.000000,43.1666666667,0.1698039725,0.1669334023,0.1577041450,0.1390607924,0.0545864536,0.1698039725,0.00000000
155460.000000,43.1833333333,0.1697731688,0.1669034940,0.1576770403,0.1390389954,0.0545829351,0.1697731688,0.00000000
155520.000000,43.2000000000,0.1697423895,0.1668736093,0.1576499567,0.1390172150,0.0545794211,0.1697423895,0.00000000
155580.000000,43.2166666667,0.1697116346,0.1668437483,0.1576228942,0.1389954511,0.0545759115,0.1697116346,0.00000000
155640.000000,43.2333333333,0.1696809042,0.1668139108,0.1575958529,0.1389737036,0.0545724063,0.1696809042,0.00000000
155700.000000,43.2500000000,0.1696501981,0.1667840969,0.1575688326,0.1389519727,0.0545689055,0.1696501981,0.00000000
155760.000000,43.2666666667,0.1696195163,0.1667543065,0.1575418333,0.1389302581,0.0545654091,0.1696195163,0.00000000
155820.000000,43.2833333333,0.1695888589,0.1667245397,0.1575148551,0.1389085600,0.0545619170,0.1695888589,0.00000000
155880.000000,43.3000000000,0.1695582257,0.1666947963,0.1574878978,0.1388868783,0.0545584294,0.1695582257,0.00000000
155940.000000,43.3166666667,0.1695276168,0.1666650764,0.1574609615,0.1388652130,0.0545549461,0.1695276168,0.00000000
156000.000000,43.3333333333,0.1694970321,0.1666353799,0.1574340461,0.1388435641,0.0545514672,0.1694970321,0.00000000
156060.000000,43.3500000000,0.1694664716,0.1666057067,0.1574071517,0.1388219315,0.0545479926,0.1694664716,0.00000000
156120.000000,43.3666666667,0.1694359352,0.1665760569,0.1573802781,0.1388003152,0.0545445224,0.1694359352,0.00000000
156180.000000,43.3833333333,0.1694054230,0.1665464305,0.1573534254,0.1387787152,0.0545410565,0.1694054230,0.00000000
156240.000000,43.4000000000,0.1693749348,0.1665168273,0.1573265935,0.1387571315,0.0545375950,0.1693749348,0.00000000
156300.000000,43.4166666667,0.1693444707,0.1664872474,0.1572997824,0.1387355641,0.0545341378,0.1693444707,0.00000000
156360.000000,43.4333333333,0.1693140306,0.1664576907,0.1572729921,0.1387140129,0.0545306849,0.1693140306,0.00000000
156420.000000,43.4500000000,0.1692836146,0.1664281573,0.1572462225,0.1386924779,0.0545272363,0.1692836146,0.00000000
156480.000000,43.4666666667,0.1692532225,0.1663986470,0.1572194737,0.1386709591,0.0545237920,0.1692532225,0.00000000
156540.000000,43.4833333333,0.1692228543,0.1663691598,0.1571927455,0.1386494565,0.0545203520,0.1692228543,0.00000000
156600.000000,43.5000000000,0.1691925101,0.1663396958,0.1571660381,0.1386279701,0.0545169163,0.1691925101,0.00000000
156660.000000,43.5166666667,0.1691621897,0.1663102549,0.1571393512,0.1386064998,0.0545134849,0.1691621897,0.00000000
156720.000000,43.5333333333,0.1691318931,0.1662808370,0.1571126850,0.1385850457,0.0545100577,0.1691318931,0.00000000
156780.000000,43.5500000000,0.1691016204,0.1662514421,0.1570860394,0.1385636076,0.0545066348,0.1691016204,0.00000000
156840.000000,43.5666666667,0.1690713715,0.1662220703,0.1570594143,0.1385421856,0.0545032162,0.1690713715,0.00000000
156900.000000,43.5833333333,0.1690411463,0.1661927214,0.1570328098,0.1385207797,0.0544998018,0.1690411463,0.00000000
156960.000000,43.6000000000,0.1690109448,0.1661633954,0.1570062258,0.1384993898,0.0544963917,0.1690109448,0.00000000
157020.000000,43.6166666667,0.1689807671,0.1661340924,0.1569796623,0.1384780160,0.0544929858,0.1689807671,0.00000000
157080.000000,43.6333333333,0.1689506129,0.1661048123,0.1569531192,0.1384566581,0.0544895842,0.1689506129,0.00000000
157140.000000,43.6500000000,0.1689204825,0.1660755550,0.1569265966,0.1384353163,0.0544861867,0.1689204825,0.00000000
157200.000000,43.6666666667,0.1688903756,0.1660463205,0.1569000944,0.1384139904,0.0544827935,0.1688903756,0.00000000
157260.000000,43.6833333333,0.1688602923,0.1660171088,0.1568736126,0.1383926804,0.0544794045,0.1688602923,0.00000000
157320.000000,43.7000000000,0.1688302326,0.1659879199,0.1568471512,0.1383713864,0.0544760197,0.1688302326,0.00000000
157380.000000,43.7166666667,0.1688001963,0.1659587537,0.1568207100,0.1383501082,0.0544726391,0.1688001963,0.00000000
157440.000000,43.7333333333,0.1687701836,0.1659296102,0.1567942892,0.1383288460,0.0544692626,0.1687701836,0.00000000
157500.000000,43.7500000000,0.1687401943,0.1659004895,0.1567678887,0.1383075996,0.0544658904,0.1687401943,0.00000000
157560.000000,43.7666666667,0.1687102284,0.1658713913,0.1567415084,0.1382863691,0.0544625223,0.1687102284,0.00000000
157620.000000,43.7833333333,0.1686802859,0.1658423158,0.1567151484,0.1382651544,0.0544591584,0.1686802859,0.00000000
157680.000000,43.8000000000,0.1686503668,0.1658132629,0.1566888086,0.1382439555,0.0544557986,0.1686503668,0.00000000
157740.000000,43.8166666667,0.1686204710,0.1657842325,0.1566624889,0.1382227724,0.0544524430,0.1686204710,0.00000000
157800.000000,43.8333333333,0.1685905985,0.1657552247,0.1566361894,0.1382016050,0.0544490916,0.1685905985,0.00000000
157860.000000,43.8500000000,0.1685607493,0.1657262394,0.1566099101,0.1381804535,0.0544457442,0.1685607493,0.00000000
157920.000000,43.8666666667,0.1685309233,0.1656972765,0.1565836508,0.1381593176,0.0544424010,0.1685309233,0.00000000
157980.000000,43.8833333333,0.1685011206,0.1656683362,0.1565574116,0.1381381975,0.0544390620,0.1685011206,0.00000000
158040.000000,43.9000000000,0.1684713410,0.1656394182,0.1565311925,0.1381170930,0.0544357270,0.1684713410,0.00000000
158100.000000,43.9166666667,0.1684415846,0.1656105226,0.1565049935,0.1380960042,0.0544323962,0.1684415846,0.00000000
158160.000000,43.9333333333,0.1684118513,0.1655816494,0.1564788144,0.1380749311,0.0544290694,0.1684118513,0.00000000
158220.000000,43.9500000000,0.1683821412,0.1655527986,0.1564526553,0.1380538736,0.0544257468,0.1683821412,0.00000000
158280.000000,43.9666666667,0.1683524541,0.1655239700,0.1564265162,0.1380328317,0.0544224282,0.1683524541,0.00000000
158340.000000,43.9833333333,0.1683227900,0.1654951638,0.1564003969,0.1380118054,0.0544191138,0.1683227900,0.00000000
158400.000000,44.0000000000,0.1682931490,0.1654663798,0.1563742977,0.1379907947,0.0544158034,0.1682931490,0.00000000
158460.000000,44.0166666667,0.1682635309,0.1654376180,0.1563482182,0.1379697996,0.0544124970,0.1682635309,0.00000000
158520.000000,44.0333333333,0.1682339358,0.1654088784,0.1563221587,0.1379488200,0.0544091948,0.1682339358,0.00000000
158580.000000,44.0500000000,0.1682043636,0.1653801610,0.1562961190,0.1379278559,0.0544058965,0.1682043636,0.00000000
158640.000000,44.0666666667,0.1681748143,0.1653514657,0.1562700990,0.1379069073,0.0544026024,0.1681748143,0.00000000
158700.000000,44.0833333333,0.1681452879,0.1653227925,0.1562440989,0.1378859742,0.0543993122,0.1681452879,0.00000000
158760.000000,44.1000000000,0.1681157843,0.1652941415,0.1562181185,0.1378650565,0.0543960261,0.1681157843,0.00000000
158820.000000,44.1166666667,0.1680863035,0.1652655124,0.1561921579,0.1378441543,0.0543927441,0.1680863035,0.00000000
158880.000000,44.1333333333,0.1680568455,0.1652369055,0.1561662170,0.1378232676,0.0543894660,0.1680568455,0.00000000
158940.000000,44.1500000000,0.1680274103,0.1652083205,0.1561402957,0.1378023962,0.0543861920,0.1680274103,0.00000000
159000.000000,44.1666666667,0.1679979978,0.1651797575,0.1561143941,0.1377815402,0.0543829220,0.1679979978,0.00000000
159060.000000,44.1833333333,0.1679686080,0.1651512164,0.1560885122,0.1377606996,0.0543796559,0.1679686080,0.00000000
159120.000000,44.2000000000,0.1679392408,0.1651226973,0.1560626499,0.1377398744,0.0543763939,0.1679392408,0.00000000
159180.000000,44.2166666667,0.1679098963,0.1650942001,0.1560368071,0.1377190644,0.0543731358,0.1679098963,0.00000000
159240.000000,44.2333333333,0.1678805744,0.1650657247,0.1560109839,0.1376982698,0.0543698818,0.1678805744,0.00000000
159300.000000,44.2500000000,0.1678512751,0.1650372712,0.1559851803,0.1376774905,0.0543666317,0.1678512751,0.00000000
159360.000000,44.2666666667,0.1678219983,0.1650088395,0.1559593962,0.1376567265,0.0543633855,0.1678219983,0.00000000
159420.000000,44.2833333333,0.1677927441,0.1649804295,0.1559336316,0.1376359777,0.0543601434,0.1677927441,0.00000000
159480.000000,44.3000000000,0.1677635123,0.1649520414,0.1559078864,0.1376152442,0.0543569051,0.1677635123,0.00000000
159540.000000,44.3166666667,0.1677343030,0.1649236749,0.1558821607,0.1375945259,0.0543536709,0.1677343030,0.00000000
159600.000000,44.3333333333,0.1677051162,0.1648953302,0.1558564544,0.1375738228,0.0543504405,0.1677051162,0.00000000
159660.000000,44.3500000000,0.1676759518,0.1648670071,0.1558307675,0.1375531348,0.0543472141,0.1676759518,0.00000000
159720.000000,44.3666666667,0.1676468098,0.1648387057,0.1558050999,0.1375324621,0.0543439917,0.1676468098,0.00000000
159780.000000,44.3833333333,0.1676176901,0.1648104259,0.1557794517,0.1375118045,0.0543407731,0.1676176901,0.00000000
159840.000000,44.4000000000,0.1675885927,0.1647821678,0.1557538229,0.1374911620,0.0543375585,0.1675885927,0.00000000
159900.000000,44.4166666667,0.1675595177,0.1647539311,0.1557282133,0.1374705346,0.0543343477,0.1675595177,0.00000000
159960.000000,44.4333333333,0.1675304649,0.1647257161,0.1557026230,0.1374499223,0.0543311409,0.1675304649,0.00000000
160020.000000,44.4500000000,0.1675014344,0.1646975225,0.1556770520,0.1374293251,0.0543279380,0.1675014344,0.00000000
160080.000000,44.4666666667,0.1674724261,0.1646693504,0.1556515002,0.1374087430,0.0543247389,0.1674724261,0.00000000
160140.000000,44.4833333333,0.1674434400,0.1646411998,0.1556259676,0.1373881759,0.0543215437,0.1674434400,0.00000000
160200.000000,44.5000000000,0.1674144760,0.1646130706,0.1556004542,0.1373676238,0.0543183525,0.1674144760,0.00000000
160260.000000,44.5166666667,0.1673855342,0.1645849629,0.1555749599,0.1373470867,0.0543151650,0.1673855342,0.00000000
160320.000000,44.5333333333,0.1673566145,0.1645568765,0.1555494848,0.1373265646,0.0543119815,0.1673566145,0.00000000
160380.000000,44.5500000000,0.1673277168,0.1645288115,0.1555240288,0.1373060575,0.0543088017,0.1673277168,0.00000000
160440.000000,44.5666666667,0.1672988413,0.1645007678,0.1554985919,0.1372855653,0.0543056259,0.1672988413,0.00000000
160500.000000,44.5833333333,0.1672699877,0.1644727454,0.1554731740,0.1372650881,0.0543024539,0.1672699877,0.00000000
160560.000000,44.6000000000,0.1672411562,0.1644447442,0.1554477752,0.1372446257,0.0542992857,0.1672411562,0.00000000
160620.000000,44.6166666667,0.1672123466,0.1644167644,0.1554223954,0.1372241783,0.0542961213,0.1672123466,0.00000000
160680.000000,44.6333333333,0.1671835589,0.1643888057,0.1553970346,0.1372037457,0.0542929608,0.1671835589,0.00000000
160740.000000,44.6500000000,0.1671547932,0.1643608683,0.1553716928,0.1371833280,0.0542898041,0.1671547932,0.00000000
160800.000000,44.6666666667,0.1671260494,0.1643329520,0.1553463699,0.1371629252,0.0542866512,0.1671260494,0.00000000
160860.000000,44.6833333333,0.1670973274,0.1643050569,0.1553210659,0.1371425371,0.0542835021,0.1670973274,0.00000000
160920.000000,44.7000000000,0.1670686273,0.1642771829,0.1552957809,0.1371221639,0.0542803568,0.1670686273,0.00000000
160980.000000,44.7166666667,0.1670399490,0.1642493300,0.1552705147,0.1371018055,0.0542772153,0.1670399490,0.00000000
161040.000000,44.7333333333,0.1670112924,0.1642214981,0.1552452674,0.1370814618,0.0542740775,0.1670112924,0.00000000
161100.000000,44.7500000000,0.1669826576,0.1641936873,0.1552200389,0.1370611329,0.0542709436,0.1669826576,0.00000000
161160.000000,44.7666666667,0.1669540446,0.1641658975,0.1551948292,0.1370408187,0.0542678134,0.1669540446,0.00000000
161220.000000,44.7833333333,0.1669254532,0.1641381287,0.1551696383,0.1370205192,0.0542646870,0.1669254532,0.00000000
161280.000000,44.8000000000,0.1668968835,0.1641103809,0.1551444662,0.1370002345,0.0542615644,0.1668968835,0.00000000
161340.000000,44.8166666667,0.1668683355,0.1640826540,0.1551193128,0.1369799644,0.0542584455,0.1668683355,0.00000000
161400.000000,44.8333333333,0.1668398091,0.1640549480,0.1550941781,0.1369597090,0.0542553303,0.1668398091,0.00000000
161460.000000,44.8500000000,0.1668113043,0.1640272629,0.1550690621,0.1369394682,0.0542522189,0.1668113043,0.00000000
161520.000000,44.8666666667,0.1667828210,0.1639995987,0.1550439649,0.1369192421,0.0542491112,0.1667828210,0.00000000
161580.000000,44.8833333333,0.1667543593,0.1639719553,0.1550188862,0.1368990305,0.0542460073,0.1667543593,0.00000000
161640.000000,44.9000000000,0.1667259191,0.1639443327,0.1549938262,0.1368788336,0.0542429071,0.1667259191,0.00000000
161700.000000,44.9166666667,0.1666975004,0.1639167309,0.1549687848,0.1368586513,0.0542398106,0.1666975004,0.00000000
161760.000000,44.9333333333,0.1666691031,0.1638891499,0.1549437619,0.1368384835,0.0542367178,0.1666691031,0.00000000
161820.000000,44.9500000000,0.1666407273,0.1638615896,0.1549187577,0.1368183302,0.0542336287,0.1666407273,0.00000000
161880.000000,44.9666666667,0.1666123729,0.1638340500,0.1548937719,0.1367981915,0.0542305433,0.1666123729,0.00000000
161940.000000,44.9833333333,0.1665840399,0.1638065311,0.1548688047,0.1367780673,0.0542274616,0.1665840399,0.00000000
162000.000000,45.0000000000,0.1665557282,0.1637790328,0.1548438560,0.1367579576,0.0542243836,0.1665557282,0.00000000
162060.000000,45.0166666667,0.1665274379,0.1637515552,0.1548189257,0.1367378623,0.0542213093,0.1665274379,0.00000000
162120.000000,45.0333333333,0.1664991689,0.1637240982,0.1547940139,0.1367177815,0.0542182387,0.1664991689,0.00000000
162180.000000,45.0500000000,0.1664709211,0.1636966617,0.1547691205,0.1366977152,0.0542151717,0.1664709211,0.00000000
162240.000000,45.0666666667,0.1664426946,0.1636692459,0.1547442455,0.1366776633,0.0542121084,0.1664426946,0.00000000
162300.000000,45.0833333333,0.1664144893,0.1636418505,0.1547193889,0.1366576258,0.0542090487,0.1664144893,0.00000000
162360.000000,45.1000000000,0.1663863053,0.1636144757,0.1546945507,0.1366376026,0.0542059927,0.1663863053,0.00000000
162420.000000,45.1166666667,0.1663581424,0.1635871213,0.1546697308,0.1366175939,0.0542029403,0.1663581424,0.00000000
162480.000000,45.1333333333,0.1663300006,0.1635597874,0.1546449292,0.1365975995,0.0541998916,0.1663300006,0.00000000
162540.000000,45.1500000000,0.1663018800,0.1635324739,0.1546201459,0.1365776194,0.0541968465,0.1663018800,0.00000000
162600.000000,45.1666666667,0.1662737804,0.1635051809,0.1545953809,0.1365576537,0.0541938050,0.1662737804,0.00000000
162660.000000,45.1833333333,0.1662457020,0.1634779082,0.1545706341,0.1365377022,0.0541907672,0.1662457020,0.00000000
162720.000000,45.2000000000,0.1662176446,0.1634506559,0.1545459055,0.1365177651,0.0541877329,0.1662176446,0.00000000
162780.000000,45.2166666667,0.1661896082,0.1634234239,0.1545211952,0.1364978422,0.0541847023,0.1661896082,0.00000000
162840.000000,45.2333333333,0.1661615928,0.1633962122,0.1544965030,0.1364779336,0.0541816753,0.1661615928,0.00000000
162900.000000,45.2500000000,0.1661335983,0.1633690208,0.1544718290,0.1364580392,0.0541786518,0.1661335983,0.00000000
162960.000000,45.2666666667,0.1661056248,0.1633418497,0.1544471731,0.1364381590,0.0541756320,0.1661056248,0.00000000
163020.000000,45.2833333333,0.1660776723,0.1633146988,0.1544225354,0.1364182931,0.0541726157,0.1660776723,0.00000000
163080.000000,45.3000000000,0.1660497406,0.1632875681,0.1543979157,0.1363984413,0.0541696031,0.1660497406,0.00000000
163140.000000,45.3166666667,0.1660218297,0.1632604576,0.1543733142,0.1363786037,0.0541665940,0.1660218297,0.00000000
163200.000000,45.3333333333,0.1659939398,0.1632333672,0.1543487306,0.1363587802,0.0541635884,0.1659939398,0.00000000
163260.000000,45.3500000000,0.1659660706,0.1632062970,0.1543241651,0.1363389709,0.0541605865,0.1659660706,0.00000000
163320.000000,45.3666666667,0.1659382222,0.1631792469,0.1542996176,0.1363191757,0.0541575880,0.1659382222,0.00000000
163380.000000,45.3833333333,0.1659103946,0.1631522169,0.1542750881,0.1362993946,0.0541545932,0.1659103946,0.00000000
163440.000000,45.4000000000,0.1658825878,0.1631252069,0.1542505766,0.1362796276,0.0541516019,0.1658825878,0.00000000
163500.000000,45.4166666667,0.1658548016,0.1630982170,0.1542260830,0.1362598747,0.0541486141,0.1658548016,0.00000000
163560.000000,45.4333333333,0.1658270361,0.1630712471,0.1542016073,0.1362401358,0.0541456298,0.1658270361,0.00000000
163620.000000,45.4500000000,0.1657992913,0.1630442972,0.1541771496,0.1362204109,0.0541426491,0.1657992913,0.00000000
163680.000000,45.4666666667,0.1657715672,0.1630173673,0.1541527097,0.1362007001,0.0541396719,0.1657715672,0.00000000
163740.000000,45.4833333333,0.1657438636,0.1629904573,0.1541282876,0.1361810033,0.0541366982,0.1657438636,0.00000000
163800.000000,45.5000000000,0.1657161807,0.1629635672,0.1541038834,0.1361613205,0.0541337280,0.1657161807,0.00000000
163860.000000,45.5166666667,0.1656885183,0.1629366970,0.1540794970,0.1361416516,0.0541307614,0.1656885183,0.00000000
163920.000000,45.5333333333,0.1656608764,0.1629098467,0.1540551285,0.1361219967,0.0541277982,0.1656608764,0.00000000
163980.000000,45.5500000000,0.1656332551,0.1628830162,0.1540307776,0.1361023557,0.0541248385,0.1656332551,0.00000000
164040.000000,45.5666666667,0.1656056543,0.1628562056,0.1540064446,0.1360827287,0.0541218823,0.1656056543,0.00000000
164100.000000,45.5833333333,0.1655780739,0.1628294147,0.1539821292,0.1360631155,0.0541189296,0.1655780739,0.00000000
164160.000000,45.6000000000,0.1655505139,0.1628026437,0.1539578316,0.1360435163,0.0541159804,0.1655505139,0.00000000
164220.000000,45.6166666667,0.1655229744,0.1627758923,0.1539335517,0.1360239309,0.0541130346,0.1655229744,0.00000000
164280.000000,45.6333333333,0.1654954553,0.1627491607,0.1539092894,0.1360043594,0.0541100923,0.1654954553,0.00000000
164340.000000,45.6500000000,0.1654679565,0.1627224488,0.1538850448,0.1359848017,0.0541071535,0.1654679565,0.00000000
164400.000000,45.6666666667,0.1654404781,0.1626957566,0.1538608178,0.1359652579,0.0541042181,0.1654404781,0.00000000
164460.000000,45.6833333333,0.1654130200,0.1626690841,0.1538366084,0.1359457278,0.0541012861,0.1654130200,0.00000000
164520.000000,45.7000000000,0.1653855822,0.1626424311,0.1538124166,0.1359262116,0.0540983576,0.1653855822,0.00000000
164580.000000,45.7166666667,0.1653581646,0.1626157978,0.1537882423,0.1359067091,0.0540954326,0.1653581646,0.00000000
164640.000000,45.7333333333,0.1653307673,0.1625891841,0.1537640856,0.1358872204,0.0540925109,0.1653307673,0.00000000
164700.000000,45.7500000000,0.1653033902,0.1625625899,0.1537399464,0.1358677454,0.0540895927,0.1653033902,0.00000000
164760.000000,45.7666666667,0.1652760334,0.1625360153,0.1537158248,0.1358482842,0.0540866780,0.1652760334,0.00000000
164820.000000,45.7833333333,0.1652486966,0.1625094602,0.1536917206,0.1358288367,0.0540837666,0.1652486966,0.00000000
164880.000000,45.8000000000,0.1652213801,0.1624829246,0.1536676338,0.1358094029,0.0540808586,0.1652213801,0.00000000
164940.000000,45.8166666667,0.1651940836,0.1624564084,0.1536435645,0.1357899827,0.0540779541,0.1651940836,0.00000000
165000.000000,45.8333333333,0.1651668073,0.1624299117,0.1536195126,0.1357705762,0.0540750529,0.1651668073,0.00000000
165060.000000,45.8500000000,0.1651395510,0.1624034344,0.1535954781,0.1357511834,0.0540721551,0.1651395510,0.00000000
165120.000000,45.8666666667,0.1651123148,0.1623769765,0.1535714610,0.1357318042,0.0540692608,0.1651123148,0.00000000
165180.000000,45.8833333333,0.1650850986,0.1623505380,0.1535474612,0.1357124387,0.0540663698,0.1650850986,0.00000000
165240.000000,45.9000000000,0.1650579024,0.1623241188,0.1535234788,0.1356930867,0.0540634821,0.1650579024,0.00000000
165300.000000,45.9166666667,0.1650307262,0.1622977190,0.1534995137,0.1356737483,0.0540605979,0.1650307262,0.00000000
165360.000000,45.9333333333,0.1650035699,0.1622713385,0.1534755658,0.1356544235,0.0540577170,0.1650035699,0.00000000
165420.000000,45.9500000000,0.1649764336,0.1622449772,0.1534516353,0.1356351122,0.0540548395,0.1649764336,0.00000000
165480.000000,45.9666666667,0.1649493172,0.1622186352,0.1534277220,0.1356158145,0.0540519653,0.1649493172,0.00000000
165540.000000,45.9833333333,0.1649222207,0.1621923125,0.1534038259,0.1355965303,0.0540490945,0.1649222207,0.00000000
165600.000000,46.0000000000,0.1648951440,0.1621660089,0.1533799471,0.1355772596,0.0540462270,0.1648951440,0.00000000
165660.000000,46.0166666667,0.1648680872,0.1621397246,0.1533560854,0.1355580024,0.0540433629,0.1648680872,0.00000000
165720.000000,46.0333333333,0.1648410501,0.1621134594,0.1533322409,0.1355387587,0.0540405021,0.1648410501,0.00000000
165780.000000,46.0500000000,0.1648140329,0.1620872134,0.1533084136,0.1355195284,0.0540376446,0.1648140329,0.00000000
165840.000000,46.0666666667,0.1647870354,0.1620609865,0.1532846034,0.1355003116,0.0540347904,0.1647870354,0.00000000
165900.000000,46.0833333333,0.1647600577,0.1620347787,0.1532608103,0.1354811082,0.0540319396,0.1647600577,0.00000000
165960.000000,46.1000000000,0.1647330997,0.1620085900,0.1532370343,0.1354619183,0.0540290921,0.1647330997,0.00000000
166020.000000,46.1166666667,0.1647061614,0.1619824203,0.1532132754,0.1354427417,0.0540262479,0.1647061614,0.00000000
166080.000000,46.1333333333,0.1646792427,0.1619562696,0.1531895335,0.1354235785,0.0540234069,0.1646792427,0.00000000
166140.000000,46.1500000000,0.1646523437,0.1619301380,0.1531658086,0.1354044287,0.0540205693,0.1646523437,0.00000000
166200.000000,46.1666666667,0.1646254643,0.1619040254,0.1531421008,0.1353852922,0.0540177350,0.1646254643,0.00000000
166260.000000,46.1833333333,0.1645986046,0.1618779317,0.1531184100,0.1353661691,0.0540149039,0.1645986046,0.00000000
166320.000000,46.2000000000,0.1645717644,0.1618518570,0.1530947361,0.1353470593,0.0540120762,0.1645717644,0.00000000
166380.000000,46.2166666667,0.1645449437,0.1618258011,0.1530710792,0.1353279628,0.0540092517,0.1645449437,0.00000000
166440.000000,46.2333333333,0.1645181426,0.1617997642,0.1530474392,0.1353088796,0.0540064305,0.1645181426,0.00000000
166500.000000,46.2500000000,0.1644913610,0.1617737462,0.1530238161,0.1352898097,0.0540036125,0.1644913610,0.00000000
166560.000000,46.2666666667,0.1644645989,0.1617477470,0.1530002099,0.1352707530,0.0540007978,0.1644645989,0.00000000
166620.000000,46.2833333333,0.1644378562,0.1617217666,0.1529766206,0.1352517096,0.0539979864,0.1644378562,0.00000000
166680.000000,46.3000000000,0.1644111330,0.1616958051,0.1529530481,0.1352326794,0.0539951782,0.1644111330,0.00000000
166740.000000,46.3166666667,0.1643844292,0.1616698623,0.1529294925,0.1352136624,0.0539923732,0.1643844292,0.00000000
166800.000000,46.3333333333,0.1643577448,0.1616439383,0.1529059536,0.1351946586,0.0539895715,0.1643577448,0.00000000
166860.000000,46.3500000000,0.1643310797,0.1616180330,0.1528824316,0.1351756681,0.0539867730,0.1643310797,0.00000000
166920.000000,46.3666666667,0.1643044341,0.1615921465,0.1528589263,0.1351566906,0.0539839778,0.1643044341,0.00000000
166980.000000,46.3833333333,0.1642778077,0.1615662786,0.1528354378,0.1351377264,0.0539811858,0.1642778077,0.00000000
167040.000000,46.4000000000,0.1642512006,0.1615404295,0.1528119661,0.1351187753,0.0539783970,0.1642512006,0.00000000
167100.000000,46.4166666667,0.1642246128,0.1615145989,0.1527885110,0.1350998373,0.0539756114,0.1642246128,0.00000000
167160.000000,46.4333333333,0.1641980443,0.1614887871,0.1527650727,0.1350809124,0.0539728290,0.1641980443,0.00000000
167220.000000,46.4500000000,0.1641714950,0.1614629938,0.1527416510,0.1350620006,0.0539700498,0.1641714950,0.00000000
167280.000000,46.4666666667,0.1641449649,0.1614372191,0.1527182460,0.1350431019,0.0539672738,0.1641449649,0.00000000
167340.000000,46.4833333333,0.1641184540,0.1614114630,0.1526948576,0.1350242162,0.0539645010,0.1641184540,0.00000000
167400.000000,46.5000000000,0.1640919622,0.1613857254,0.1526714858,0.1350053436,0.0539617314,0.1640919622,0.00000000
167460.000000,46.5166666667,0.1640654896,0.1613600063,0.1526481306,0.1349864841,0.0539589650,0.1640654896,0.00000000
167520.000000,46.5333333333,0.1640390362,0.1613343058,0.1526247920,0.1349676375,0.0539562018,0.1640390362,0.00000000
167580.000000,46.5500000000,0.1640126018,0.1613086237,0.1526014700,0.1349488040,0.0539534417,0.1640126018,0.00000000
167640.000000,46.5666666667,0.1639861865,0.1612829601,0.1525781645,0.1349299834,0.0539506848,0.1639861865,0.00000000
167700.000000,46.5833333333,0.1639597902,0.1612573149,0.1525548755,0.1349111759,0.0539479311,0.1639597902,0.00000000
167760.000000,46.6000000000,0.1639334130,0.1612316881,0.1525316030,0.1348923813,0.0539451805,0.1639334130,0.00000000
167820.000000,46.6166666667,0.1639070548,0.1612060797,0.1525083471,0.1348735996,0.0539424330,0.1639070548,0.00000000
167880.000000,46.6333333333,0.1638807155,0.1611804897,0.1524851075,0.1348548309,0.0539396888,0.1638807155,0.00000000
167940.000000,46.6500000000,0.1638543953,0.1611549181,0.1524618845,0.1348360751,0.0539369476,0.1638543953,0.00000000
168000.000000,46.6666666667,0.1638280939,0.1611293647,0.1524386778,0.1348173322,0.0539342096,0.1638280939,0.00000000
168060.000000,46.6833333333,0.1638018115,0.1611038297,0.1524154876,0.1347986022,0.0539314748,0.1638018115,0.00000000
168120.000000,46.7000000000,0.1637755480,0.1610783130,0.1523923137,0.1347798850,0.0539287430,0.1637755480,0.00000000
168180.000000,46.7166666667,0.1637493034,0.1610528145,0.1523691562,0.1347611807,0.0539260144,0.1637493034,0.00000000
168240.000000,46.7333333333,0.1637230776,0.1610273342,0.1523460151,0.1347424893,0.0539232889,0.1637230776,0.00000000
168300.000000,46.7500000000,0.1636968706,0.1610018722,0.1523228902,0.1347238107,0.0539205665,0.1636968706,0.00000000
168360.000000,46.7666666667,0.1636706825,0.1609764284,0.1522997817,0.1347051449,0.0539178472,0.1636706825,0.00000000
168420.000000,46.7833333333,0.1636445131,0.1609510028,0.1522766895,0.1346864919,0.0539151311,0.1636445131,0.00000000
168480.000000,46.8000000000,0.1636183625,0.1609255953,0.1522536136,0.1346678517,0.0539124180,0.1636183625,0.00000000
168540.000000,46.8166666667,0.1635922307,0.1609002059,0.1522305539,0.1346492242,0.0539097080,0.1635922307,0.00000000
168600.000000,46.8333333333,0.1635661175,0.1608748347,0.1522075105,0.1346306095,0.0539070011,0.1635661175,0.00000000
168660.000000,46.8500000000,0.1635400231,0.1608494816,0.1521844833,0.1346120076,0.0539042973,0.1635400231,0.00000000
168720.000000,46.8666666667,0.1635139473,0.1608241465,0.1521614722,0.1345934184,0.0539015966,0.1635139473,0.00000000
168780.000000,46.8833333333,0.1634878902,0.1607988295,0.1521384774,0.1345748419,0.0538988989,0.1634878902,0.00000000
168840.000000,46.9000000000,0.1634618517,0.1607735305,0.1521154987,0.1345562781,0.0538962043,0.1634618517,0.00000000
168900.000000,46.9166666667,0.1634358318,0.1607482495,0.1520925362,0.1345377270,0.0538935128,0.1634358318,0.00000000
168960.000000,46.9333333333,0.1634098306,0.1607229866,0.1520695898,0.1345191885,0.0538908243,0.1634098306,0.00000000
169020.000000,46.9500000000,0.1633838479,0.1606977415,0.1520466595,0.1345006628,0.0538881389,0.1633838479,0.00000000
169080.000000,46.9666666667,0.1633578837,0.1606725145,0.1520237452,0.1344821496,0.0538854566,0.1633578837,0.00000000
169140.000000,46.9833333333,0.1633319381,0.1606473053,0.1520008471,0.1344636491,0.0538827772,0.1633319381,0.00000000
169200.000000,47.0000000000,0.1633060109,0.1606221141,0.1519779650,0.1344451612,0.0538801010,0.1633060109,0.00000000
169260.000000,47.0166666667,0.1632801023,0.1605969407,0.1519550989,0.1344266859,0.0538774277,0.1632801023,0.00000000
169320.000000,47.0333333333,0.1632542121,0.1605717852,0.1519322489,0.1344082232,0.0538747575,0.1632542121,0.00000000
169380.000000,47.0500000000,0.1632283403,0.1605466476,0.1519094148,0.1343897730,0.0538720904,0.1632283403,0.00000000
169440.000000,47.0666666667,0.1632024870,0.1605215278,0.1518865967,0.1343713354,0.0538694262,0.1632024870,0.00000000
169500.000000,47.0833333333,0.1631766520,0.1604964257,0.1518637946,0.1343529104,0.0538667651,0.1631766520,0.00000000
169560.000000,47.1000000000,0.1631508354,0.1604713415,0.1518410084,0.1343344979,0.0538641069,0.1631508354,0.00000000
169620.000000,47.1166666667,0.1631250372,0.1604462750,0.1518182382,0.1343160979,0.0538614518,0.1631250372,0.00000000
169680.000000,47.1333333333,0.1630992573,0.1604212263,0.1517954838,0.1342977104,0.0538587997,0.1630992573,0.00000000
169740.000000,47.1500000000,0.1630734958,0.1603961952,0.1517727453,0.1342793354,0.0538561506,0.1630734958,0.00000000
169800.000000,47.1666666667,0.1630477525,0.1603711819,0.1517500227,0.1342609728,0.0538535045,0.1630477525,0.00000000
169860.000000,47.1833333333,0.1630220275,0.1603461863,0.1517273160,0.1342426228,0.0538508613,0.1630220275,0.00000000
169920.000000,47.2000000000,0.1629963207,0.1603212083,0.1517046251,0.1342242851,0.0538482212,0.1629963207,0.00000000
169980.000000,47.2166666667,0.1629706321,0.1602962479,0.1516819500,0.1342059599,0.0538455840,0.1629706321,0.00000000
170040.000000,47.2333333333,0.1629449618,0.1602713052,0.1516592906,0.1341876471,0.0538429498,0.1629449618,0.00000000
170100.000000,47.2500000000,0.1629193096,0.1602463801,0.1516366471,0.1341693467,0.0538403186,0.1629193096,0.00000000
170160.000000,47.2666666667,0.1628936756,0.1602214725,0.1516140193,0.1341510588,0.0538376903,0.1628936756,0.00000000
170220.000000,47.2833333333,0.1628680598,0.1601965825,0.1515914073,0.1341327831,0.0538350650,0.1628680598,0.00000000
170280.000000,47.3000000000,0.1628424620,0.1601717100,0.1515688110,0.1341145199,0.0538324427,0.1628424620,0.00000000
170340.000000,47.3166666667,0.1628168824,0.1601468551,0.1515462304,0.1340962690,0.0538298233,0.1628168824,0.00000000
170400.000000,47.3333333333,0.1627913208,0.1601220176,0.1515236655,0.1340780304,0.0538272068,0.1627913208,0.00000000
170460.000000,47.3500000000,0.1627657774,0.1600971977,0.1515011162,0.1340598041,0.0538245933,0.1627657774,0.00000000
170520.000000,47.3666666667,0.1627402519,0.1600723951,0.1514785826,0.1340415902,0.0538219828,0.1627402519,0.00000000
170580.000000,47.3833333333,0.1627147444,0.1600476101,0.1514560646,0.1340233885,0.0538193752,0.1627147444,0.00000000
170640.000000,47.4000000000,0.1626892550,0.1600228424,0.1514335623,0.1340051992,0.0538167705,0.1626892550,0.00000000
170700.000000,47.4166666667,0.1626637835,0.1599980921,0.1514110755,0.1339870220,0.0538141687,0.1626637835,0.00000000
170760.000000,47.4333333333,0.1626383300,0.1599733592,0.1513886044,0.1339688572,0.0538115698,0.1626383300,0.00000000
170820.000000,47.4500000000,0.1626128944,0.1599486437,0.1513661488,0.1339507046,0.0538089739,0.1626128944,0.00000000
170880.000000,47.4666666667,0.1625874767,0.1599239455,0.1513437087,0.1339325642,0.0538063809,0.1625874767,0.00000000
170940.000000,47.4833333333,0.1625620770,0.1598992646,0.1513212842,0.1339144360,0.0538037907,0.1625620770,0.00000000
171000.000000,47.5000000000,0.1625366950,0.1598746010,0.1512988752,0.1338963200,0.0538012035,0.1625366950,0.00000000
171060.000000,47.5166666667,0.1625113310,0.1598499547,0.1512764816,0.1338782162,0.0537986192,0.1625113310,0.00000000
171120.000000,47.5333333333,0.1624859848,0.1598253256,0.1512541036,0.1338601245,0.0537960378,0.1624859848,0.00000000
171180.000000,47.5500000000,0.1624606563,0.1598007138,0.1512317410,0.1338420451,0.0537934592,0.1624606563,0.00000000
171240.000000,47.5666666667,0.1624353457,0.1597761192,0.1512093938,0.1338239777,0.0537908836,0.1624353457,0.00000000
171300.000000,47.5833333333,0.1624100529,0.1597515418,0.1511870621,0.1338059225,0.0537883108,0.1624100529,0.00000000
171360.000000,47.6000000000,0.1623847777,0.1597269815,0.1511647457,0.1337878794,0.0537857409,0.1623847777,0.00000000
171420.000000,47.6166666667,0.1623595204,0.1597024385,0.1511424448,0.1337698484,0.0537831739,0.1623595204,0.00000000
171480.000000,47.6333333333,0.1623342807,0.1596779125,0.1511201592,0.1337518295,0.0537806097,0.1623342807,0.00000000
171540.000000,47.6500000000,0.1623090587,0.1596534037,0.1510978890,0.1337338227,0.0537780484,0.1623090587,0.00000000
171600.000000,47.6666666667,0.1622838544,0.1596289120,0.1510756341,0.1337158280,0.0537754900,0.1622838544,0.00000000
171660.000000,47.6833333333,0.1622586677,0.1596044374,0.1510533945,0.1336978453,0.0537729344,0.1622586677,0.00000000
171720.000000,47.7000000000,0.1622334987,0.1595799798,0.1510311703,0.1336798746,0.0537703817,0.1622334987,0.00000000
171780.000000,47.7166666667,0.1622083472,0.1595555393,0.1510089613,0.1336619159,0.0537678318,0.1622083472,0.00000000
171840.000000,47.7333333333,0.1621832134,0.1595311158,0.1509867676,0.1336439693,0.0537652847,0.1621832134,0.00000000
171900.000000,47.7500000000,0.1621580971,0.1595067093,0.1509645891,0.1336260346,0.0537627405,0.1621580971,0.00000000
171960.000000,47.7666666667,0.1621329984,0.1594823197,0.1509424259,0.1336081120,0.0537601991,0.1621329984,0.00000000
172020.000000,47.7833333333,0.1621079172,0.1594579472,0.1509202778,0.1335902013,0.0537576606,0.1621079172,0.00000000
172080.000000,47.8000000000,0.1620828535,0.1594335916,0.1508981450,0.1335723025,0.0537551248,0.1620828535,0.00000000
172140.000000,47.8166666667,0.1620578073,0.1594092529,0.1508760274,0.1335544158,0.0537525919,0.1620578073,0.00000000
172200.000000,47.8333333333,0.1620327785,0.1593849311,0.1508539249,0.1335365409,0.0537500618,0.1620327785,0.00000000
172260.000000,47.8500000000,0.1620077672,0.1593606262,0.1508318375,0.1335186779,0.0537475345,0.1620077672,0.00000000
172320.000000,47.8666666667,0.1619827734,0.1593363382,0.1508097653,0.1335008269,0.0537450100,0.1619827734,0.00000000
172380.000000,47.8833333333,0.1619577969,0.1593120670,0.1507877082,0.1334829877,0.0537424883,0.1619577969,0.00000000
172440.000000,47.9000000000,0.1619328378,0.1592878126,0.1507656662,0.1334651605,0.0537399694,0.1619328378,0.00000000
172500.000000,47.9166666667,0.1619078961,0.1592635751,0.1507436393,0.1334473451,0.0537374533,0.1619078961,0.00000000
172560.000000,47.9333333333,0.1618829718,0.1592393543,0.1507216275,0.1334295415,0.0537349400,0.1618829718,0.00000000
172620.000000,47.9500000000,0.1618580648,0.1592151503,0.1506996306,0.1334117498,0.0537324295,0.1618580648,0.00000000
172680.000000,47.9666666667,0.1618331750,0.1591909631,0.1506776489,0.1333939699,0.0537299218,0.1618331750,0.00000000
172740.000000,47.9833333333,0.1618083026,0.1591667926,0.1506556821,0.1333762018,0.0537274168,0.1618083026,0.00000000
172800.000000,48.0000000000,0.1617834474,0.1591426389,0.1506337303,0.1333584455,0.0537249146,0.1617834474,0.00000000
172860.000000,48.0166666667,0.1617586095,0.1591185018,0.1506117935,0.1333407010,0.0537224152,0.1617586095,0.00000000
172920.000000,48.0333333333,0.1617337889,0.1590943814,0.1505898717,0.1333229683,0.0537199185,0.1617337889,0.00000000
172980.000000,48.0500000000,0.1617089854,0.1590702776,0.1505679648,0.1333052473,0.0537174246,0.1617089854,0.00000000
173040.000000,48.0666666667,0.1616841991,0.1590461905,0.1505460728,0.1332875381,0.0537149334,0.1616841991,0.00000000
173100.000000,48.0833333333,0.1616594300,0.1590221201,0.1505241957,0.1332698406,0.0537124450,0.1616594300,0.00000000
173160.000000,48.1000000000,0.1616346781,0.1589980662,0.1505023335,0.1332521549,0.0537099594,0.1616346781,0.00000000
173220.000000,48.1166666667,0.1616099433,0.1589740289,0.1504804863,0.1332344808,0.0537074765,0.1616099433,0.00000000
173280.000000,48.1333333333,0.1615852256,0.1589500082,0.1504586538,0.1332168185,0.0537049963,0.1615852256,0.00000000
173340.000000,48.1500000000,0.1615605249,0.1589260040,0.1504368362,0.1331991678,0.0537025189,0.1615605249,0.00000000
173400.000000,48.1666666667,0.1615358414,0.1589020163,0.1504150335,0.1331815288,0.0537000441,0.1615358414,0.00000000
173460.000000,48.1833333333,0.1615111749,0.1588780452,0.1503932455,0.1331639014,0.0536975722,0.1615111749,0.00000000
173520.000000,48.2000000000,0.1614865255,0.1588540905,0.1503714724,0.1331462857,0.0536951029,0.1614865255,0.00000000
173580.000000,48.2166666667,0.1614618931,0.1588301523,0.1503497140,0.1331286817,0.0536926363,0.1614618931,0.00000000
173640.000000,48.2333333333,0.1614372777,0.1588062306,0.1503279704,0.1331110892,0.0536901725,0.1614372777,0.00000000
173700.000000,48.2500000000,0.1614126792,0.1587823253,0.1503062415,0.1330935084,0.0536877114,0.1614126792,0.00000000
173760.000000,48.2666666667,0.1613880977,0.1587584364,0.1502845274,0.1330759392,0.0536852530,0.1613880977,0.00000000
173820.000000,48.2833333333,0.1613635332,0.1587345640,0.1502628279,0.1330583815,0.0536827972,0.1613635332,0.00000000
173880.000000,48.3000000000,0.1613389856,0.1587107079,0.1502411432,0.1330408354,0.0536803442,0.1613389856,0.00000000
173940.000000,48.3166666667,0.1613144548,0.1586868681,0.1502194731,0.1330233009,0.0536778939,0.1613144548,0.00000000
174000.000000,48.3333333333,0.1612899410,0.1586630447,0.1501978177,0.1330057779,0.0536754462,0.1612899410,0.00000000
174060.000000,48.3500000000,0.1612654440,0.1586392376,0.1501761770,0.1329882664,0.0536730013,0.1612654440,0.00000000
174120.000000,48.3666666667,0.1612409639,0.1586154469,0.1501545509,0.1329707665,0.0536705590,0.1612409639,0.00000000
174180.000000,48.3833333333,0.1612165006,0.1585916724,0.1501329394,0.1329532780,0.0536681194,0.1612165006,0.00000000
174240.000000,48.4000000000,0.1611920541,0.1585679142,0.1501113425,0.1329358011,0.0536656825,0.1611920541,0.00000000
174300.000000,48.4166666667,0.1611676244,0.1585441722,0.1500897601,0.1329183356,0.0536632482,0.1611676244,0.00000000
174360.000000,48.4333333333,0.1611432115,0.1585204465,0.1500681924,0.1329008816,0.0536608166,0.1611432115,0.00000000
174420.000000,48.4500000000,0.1611188153,0.1584967370,0.1500466392,0.1328834391,0.0536583877,0.1611188153,0.00000000
174480.000000,48.4666666667,0.1610944359,0.1584730437,0.1500251005,0.1328660080,0.0536559614,0.1610944359,0.00000000
174540.000000,48.4833333333,0.1610700732,0.1584493666,0.1500035763,0.1328485884,0.0536535378,0.1610700732,0.00000000
174600.000000,48.5000000000,0.1610457271,0.1584257056,0.1499820667,0.1328311801,0.0536511168,0.1610457271,0.00000000
174660.000000,48.5166666667,0.1610213978,0.1584020608,0.1499605715,0.1328137833,0.0536486985,0.1610213978,0.00000000
174720.000000,48.5333333333,0.1609970851,0.1583784321,0.1499390908,0.1327963979,0.0536462828,0.1609970851,0.00000000
174780.000000,48.5500000000,0.1609727890,0.1583548195,0.1499176246,0.1327790238,0.0536438697,0.1609727890,0.00000000
174840.000000,48.5666666667,0.1609485096,0.1583312230,0.1498961728,0.1327616611,0.0536414593,0.1609485096,0.00000000
174900.000000,48.5833333333,0.1609242467,0.1583076426,0.1498747354,0.1327443098,0.0536390515,0.1609242467,0.00000000
174960.000000,48.6000000000,0.1609000005,0.1582840782,0.1498533124,0.1327269698,0.0536366463,0.1609000005,0.00000000
175020.000000,48.6166666667,0.1608757708,0.1582605298,0.1498319038,0.1327096411,0.0536342438,0.1608757708,0.00000000
175080.000000,48.6333333333,0.1608515576,0.1582369975,0.1498105096,0.1326923238,0.0536318438,0.1608515576,0.00000000
175140.000000,48.6500000000,0.1608273610,0.1582134812,0.1497891297,0.1326750178,0.0536294465,0.1608273610,0.00000000
175200.000000,48.6666666667,0.1608031809,0.1581899808,0.1497677642,0.1326577231,0.0536270518,0.1608031809,0.00000000
175260.000000,48.6833333333,0.1607790173,0.1581664964,0.1497464130,0.1326404396,0.0536246597,0.1607790173,0.00000000
175320.000000,48.7000000000,0.1607548702,0.1581430280,0.1497250761,0.1326231674,0.0536222702,0.1607548702,0.00000000
175380.000000,48.7166666667,0.1607307395,0.1581195755,0.1497037535,0.1326059065,0.0536198833,0.1607307395,0.00000000
175440.000000,48.7333333333,0.1607066252,0.1580961389,0.1496824452,0.1325886569,0.0536174990,0.1607066252,0.00000000
175500.000000,48.7500000000,0.1606825274,0.1580727182,0.1496611512,0.1325714184,0.0536151172,0.1606825274,0.00000000
175560.000000,48.7666666667,0.1606584460,0.1580493134,0.1496398714,0.1325541912,0.0536127381,0.1606584460,0.00000000
175620.000000,48.7833333333,0.1606343809,0.1580259244,0.1496186058,0.1325369752,0.0536103615,0.1606343809,0.00000000
175680.000000,48.8000000000,0.1606103322,0.1580025513,0.1495973545,0.1325197705,0.0536079875,0.1606103322,0.00000000
175740.000000,48.8166666667,0.1605862999,0.1579791940,0.1495761173,0.1325025768,0.0536056161,0.1605862999,0.00000000
175800.000000,48.8333333333,0.1605622839,0.1579558525,0.1495548944,0.1324853944,0.0536032473,0.1605622839,0.00000000
175860.000000,48.8500000000,0.1605382842,0.1579325268,0.1495336856,0.1324682231,0.0536008810,0.1605382842,0.00000000
175920.000000,48.8666666667,0.1605143008,0.1579092168,0.1495124909,0.1324510630,0.0535985173,0.1605143008,0.00000000
175980.000000,48.8833333333,0.1604903336,0.1578859226,0.1494913104,0.1324339140,0.0535961561,0.1604903336,0.00000000
176040.000000,48.9000000000,0.1604663827,0.1578626442,0.1494701440,0.1324167762,0.0535937975,0.1604663827,0.00000000
176100.000000,48.9166666667,0.1604424481,0.1578393814,0.1494489918,0.1323996495,0.0535914415,0.1604424481,0.00000000
176160.000000,48.9333333333,0.1604185296,0.1578161344,0.1494278536,0.1323825338,0.0535890880,0.1604185296,0.00000000
176220.000000,48.9500000000,0.1603946274,0.1577929030,0.1494067295,0.1323654293,0.0535867370,0.1603946274,0.00000000
176280.000000,48.9666666667,0.1603707414,0.1577696874,0.1493856194,0.1323483358,0.0535843886,0.1603707414,0.00000000
176340.000000,48.9833333333,0.1603468715,0.1577464873,0.1493645234,0.1323312534,0.0535820427,0.1603468715,0.00000000
176400.000000,49.0000000000,0.1603230177,0.1577233029,0.1493434415,0.1323141821,0.0535796994,0.1603230177,0.00000000
176460.000000,49.0166666667,0.1602991801,0.1577001341,0.1493223735,0.1322971218,0.0535773586,0.1602991801,0.00000000
176520.000000,49.0333333333,0.1602753586,0.1576769809,0.1493013196,0.1322800725,0.0535750203,0.1602753586,0.00000000
176580.000000,49.0500000000,0.1602515532,0.1576538433,0.1492802796,0.1322630343,0.0535726845,0.1602515532,0.00000000
176640.000000,49.0666666667,0.1602277639,0.1576307213,0.1492592536,0.1322460070,0.0535703512,0.1602277639,0.00000000
176700.000000,49.0833333333,0.1602039906,0.1576076148,0.1492382416,0.1322289908,0.0535680205,0.1602039906,0.00000000
176760.000000,49.1000000000,0.1601802334,0.1575845238,0.1492172435,0.1322119855,0.0535656922,0.1601802334,0.00000000
176820.000000,49.1166666667,0.1601564922,0.1575614483,0.1491962593,0.1321949913,0.0535633665,0.1601564922,0.00000000
176880.000000,49.1333333333,0.1601327670,0.1575383884,0.1491752890,0.1321780079,0.0535610433,0.1601327670,0.00000000
176940.000000,49.1500000000,0.1601090577,0.1575153439,0.1491543327,0.1321610356,0.0535587225,0.1601090577,0.00000000
177000.000000,49.1666666667,0.1600853645,0.1574923148,0.1491333902,0.1321440741,0.0535564043,0.1600853645,0.00000000
177060.000000,49.1833333333,0.1600616872,0.1574693012,0.1491124615,0.1321271236,0.0535540885,0.1600616872,0.00000000
177120.000000,49.2000000000,0.1600380258,0.1574463031,0.1490915467,0.1321101840,0.0535517753,0.1600380258,0.00000000
177180.000000,49.2166666667,0.1600143804,0.1574233203,0.1490706458,0.1320932554,0.0535494645,0.1600143804,0.00000000
177240.000000,49.2333333333,0.1599907508,0.1574003530,0.1490497587,0.1320763376,0.0535471562,0.1599907508,0.00000000
177300.000000,49.2500000000,0.1599671372,0.1573774010,0.1490288853,0.1320594306,0.0535448504,0.1599671372,0.00000000
177360.000000,49.2666666667,0.1599435394,0.1573544643,0.1490080258,0.1320425346,0.0535425470,0.1599435394,0.00000000
177420.000000,49.2833333333,0.1599199574,0.1573315431,0.1489871800,0.1320256494,0.0535402462,0.1599199574,0.00000000
177480.000000,49.3000000000,0.1598963913,0.1573086371,0.1489663480,0.1320087750,0.0535379477,0.1598963913,0.00000000
177540.000000,49.3166666667,0.1598728410,0.1572857464,0.1489455297,0.1319919115,0.0535356518,0.1598728410,0.00000000
177600.000000,49.3333333333,0.1598493065,0.1572628711,0.1489247252,0.1319750588,0.0535333583,0.1598493065,0.00000000
177660.000000,49.3500000000,0.1598257877,0.1572400110,0.1489039344,0.1319582170,0.0535310672,0.1598257877,0.00000000
177720.000000,49.3666666667,0.1598022847,0.1572171662,0.1488831572,0.1319413859,0.0535287787,0.1598022847,0.00000000
177780.000000,49.3833333333,0.1597787975,0.1571943366,0.1488623938,0.1319245656,0.0535264925,0.1597787975,0.00000000
177840.000000,49.4000000000,0.1597553260,0.1571715222,0.1488416440,0.1319077561,0.0535242088,0.1597553260,0.00000000
177900.000000,49.4166666667,0.1597318702,0.1571487231,0.1488209079,0.1318909573,0.0535219275,0.1597318702,0.00000000
177960.000000,49.4333333333,0.1597084301,0.1571259391,0.1488001854,0.1318741693,0.0535196487,0.1597084301,0.00000000
178020.000000,49.4500000000,0.1596850056,0.1571031703,0.1487794766,0.1318573921,0.0535173723,0.1596850056,0.00000000
178080.000000,49.4666666667,0.1596615969,0.1570804167,0.1487587813,0.1318406255,0.0535150984,0.1596615969,0.00000000
178140.000000,49.4833333333,0.1596382037,0.1570576782,0.1487380997,0.1318238697,0.0535128268,0.1596382037,0.00000000
178200.000000,49.5000000000,0.1596148262,0.1570349549,0.1487174316,0.1318071246,0.0535105577,0.1596148262,0.00000000
178260.000000,49.5166666667,0.1595914643,0.1570122466,0.1486967771,0.1317903902,0.0535082910,0.1595914643,0.00000000
178320.000000,49.5333333333,0.1595681180,0.1569895535,0.1486761361,0.1317736665,0.0535060267,0.1595681180,0.00000000
178380.000000,49.5500000000,0.1595447872,0.1569668754,0.1486555087,0.1317569535,0.0535037649,0.1595447872,0.00000000
178440.000000,49.5666666667,0.1595214720,0.1569442124,0.1486348948,0.1317402511,0.0535015054,0.1595214720,0.00000000
178500.000000,49.5833333333,0.1594981723,0.1569215644,0.1486142944,0.1317235594,0.0534992483,0.1594981723,0.00000000
178560.000000,49.6000000000,0.1594748882,0.1568989314,0.1485937076,0.1317068783,0.0534969937,0.1594748882,0.00000000
178620.000000,49.6166666667,0.1594516196,0.1568763135,0.1485731341,0.1316902078,0.0534947414,0.1594516196,0.00000000
178680.000000,49.6333333333,0.1594283664,0.1568537105,0.1485525742,0.1316735480,0.0534924915,0.1594283664,0.00000000
178740.000000,49.6500000000,0.1594051287,0.1568311226,0.1485320277,0.1316568987,0.0534902441,0.1594051287,0.00000000
178800.000000,49.6666666667,0.1593819065,0.1568085496,0.1485114946,0.1316402601,0.0534879990,0.1593819065,0.00000000
178860.000000,49.6833333333,0.1593586997,0.1567859915,0.1484909750,0.1316236320,0.0534857563,0.1593586997,0.00000000
178920.000000,49.7000000000,0.1593355083,0.1567634484,0.1484704687,0.1316070145,0.0534835159,0.1593355083,0.00000000
178980.000000,49.7166666667,0.1593123324,0.1567409202,0.1484499759,0.1315904076,0.0534812780,0.1593123324,0.00000000
179040.000000,49.7333333333,0.1592891718,0.1567184068,0.1484294964,0.1315738112,0.0534790424,0.1592891718,0.00000000
179100.000000,49.7500000000,0.1592660266,0.1566959084,0.1484090303,0.1315572254,0.0534768092,0.1592660266,0.00000000
179160.000000,49.7666666667,0.1592428967,0.1566734248,0.1483885776,0.1315406501,0.0534745783,0.1592428967,0.00000000
179220.000000,49.7833333333,0.1592197822,0.1566509561,0.1483681381,0.1315240853,0.0534723499,0.1592197822,0.00000000
179280.000000,49.8000000000,0.1591966830,0.1566285022,0.1483477120,0.1315075310,0.0534701237,0.1591966830,0.00000000
179340.000000,49.8166666667,0.1591735991,0.1566060631,0.1483272992,0.1314909873,0.0534679000,0.1591735991,0.00000000
179400.000000,49.8333333333,0.1591505305,0.1565836389,0.1483068997,0.1314744540,0.0534656786,0.1591505305,0.00000000
179460.000000,49.8500000000,0.1591274771,0.1565612294,0.1482865135,0.1314579311,0.0534634595,0.1591274771,0.00000000
179520.000000,49.8666666667,0.1591044390,0.1565388346,0.1482661405,0.1314414188,0.0534612428,0.1591044390,0.00000000
179580.000000,49.8833333333,0.1590814162,0.1565164547,0.1482457808,0.1314249169,0.0534590284,0.1590814162,0.00000000
179640.000000,49.9000000000,0.1590584085,0.1564940894,0.1482254344,0.1314084254,0.0534568163,0.1590584085,0.00000000
179700.000000,49.9166666667,0.1590354161,0.1564717389,0.1482051011,0.1313919444,0.0534546066,0.1590354161,0.00000000
179760.000000,49.9333333333,0.1590124389,0.1564494031,0.1481847810,0.1313754737,0.0534523992,0.1590124389,0.00000000
179820.000000,49.9500000000,0.1589894768,0.1564270820,0.1481644742,0.1313590135,0.0534501942,0.1589894768,0.00000000
179880.000000,49.9666666667,0.1589665299,0.1564047756,0.1481441805,0.1313425637,0.0534479915,0.1589665299,0.00000000
179940.000000,49.9833333333,0.1589435981,0.1563824838,0.1481239000,0.1313261243,0.0534457911,0.1589435981,0.00000000
180000.000000,50.0000000000,0.1589206814,0.1563602066,0.1481036326,0.1313096952,0.0534435930,0.1589206814,0.00000000
180060.000000,50.0166666667,0.1588977798,0.1563379441,0.1480833784,0.1312932765,0.0534413972,0.1588977798,0.00000000
180120.000000,50.0333333333,0.1588748934,0.1563156962,0.1480631373,0.1312768682,0.0534392038,0.1588748934,0.00000000
180180.000000,50.0500000000,0.1588520220,0.1562934629,0.1480429093,0.1312604702,0.0534370126,0.1588520220,0.00000000
180240.000000,50.0666666667,0.1588291656,0.1562712442,0.1480226944,0.1312440825,0.0534348238,0.1588291656,0.00000000
180300.000000,50.0833333333,0.1588063243,0.1562490400,0.1480024925,0.1312277052,0.0534326372,0.1588063243,0.00000000
180360.000000,50.1000000000,0.1587834981,0.1562268504,0.1479823038,0.1312113381,0.0534304530,0.1587834981,0.00000000
180420.000000,50.1166666667,0.1587606868,0.1562046753,0.1479621281,0.1311949814,0.0534282710,0.1587606868,0.00000000
180480.000000,50.1333333333,0.1587378905,0.1561825147,0.1479419654,0.1311786349,0.0534260913,0.1587378905,0.00000000
180540.000000,50.1500000000,0.1587151092,0.1561603686,0.1479218158,0.1311622988,0.0534239140,0.1587151092,0.00000000
180600.000000,50.1666666667,0.1586923429,0.1561382370,0.1479016791,0.1311459729,0.0534217389,0.1586923429,0.00000000
180660.000000,50.1833333333,0.1586695915,0.1561161199,0.1478815555,0.1311296572,0.0534195661,0.1586695915,0.00000000
180720.000000,50.2000000000,0.1586468550,0.1560940173,0.1478614449,0.1311133518,0.0534173955,0.1586468550,0.00000000
180780.000000,50.2166666667,0.1586241335,0.1560719290,0.1478413472,0.1310970567,0.0534152273,0.1586241335,0.00000000
180840.000000,50.2333333333,0.1586014268,0.1560498552,0.1478212625,0.1310807717,0.0534130613,0.1586014268,0.00000000
180900.000000,50.2500000000,0.1585787350,0.1560277958,0.1478011907,0.1310644970,0.0534108976,0.1585787350,0.00000000
180960.000000,50.2666666667,0.1585560581,0.1560057508,0.1477811318,0.1310482325,0.0534087361,0.1585560581,0.00000000
181020.000000,50.2833333333,0.1585333960,0.1559837202,0.1477610859,0.1310319782,0.0534065769,0.1585333960,0.00000000
181080.000000,50.3000000000,0.1585107488,0.1559617040,0.1477410528,0.1310157340,0.0534044200,0.1585107488,0.00000000
181140.000000,50.3166666667,0.1584881163,0.1559397020,0.1477210327,0.1309995000,0.0534022653,0.1584881163,0.00000000
181200.000000,50.3333333333,0.1584654987,0.1559177145,0.1477010254,0.1309832762,0.0534001129,0.1584654987,0.00000000
181260.000000,50.3500000000,0.1584428959,0.1558957412,0.1476810310,0.1309670626,0.0533979627,0.1584428959,0.00000000
181320.000000,50.3666666667,0.1584203078,0.1558737822,0.1476610494,0.1309508590,0.0533958148,0.1584203078,0.00000000
181380.000000,50.3833333333,0.1583977345,0.1558518375,0.1476410807,0.1309346657,0.0533936691,0.1583977345,0.00000000
181440.000000,50.4000000000,0.1583751759,0.1558299071,0.1476211248,0.1309184824,0.0533915256,0.1583751759,0.00000000
181500.000000,50.4166666667,0.1583526320,0.1558079910,0.1476011817,0.1309023092,0.0533893844,0.1583526320,0.00000000
181560.000000,50.4333333333,0.1583301029,0.1557860890,0.1475812513,0.1308861461,0.0533872454,0.1583301029,0.00000000
181620.000000,50.4500000000,0.1583075884,0.1557642013,0.1475613338,0.1308699932,0.0533851087,0.1583075884,0.00000000
181680.000000,50.4666666667,0.1582850886,0.1557423279,0.1475414290,0.1308538503,0.0533829741,0.1582850886,0.00000000
181740.000000,50.4833333333,0.1582626035,0.1557204686,0.1475215370,0.1308377174,0.0533808418,0.1582626035,0.00000000
181800.000000,50.5000000000,0.1582401330,0.1556986234,0.1475016577,0.1308215947,0.0533787117,0.1582401330,0.00000000
181860.000000,50.5166666667,0.1582176771,0.1556767925,0.1474817912,0.1308054819,0.0533765839,0.1582176771,0.00000000
181920.000000,50.5333333333,0.1581952358,0.1556549757,0.1474619373,0.1307893792,0.0533744582,0.1581952358,0.00000000
181980.000000,50.5500000000,0.1581728092,0.1556331730,0.1474420962,0.1307732866,0.0533723348,0.1581728092,0.00000000
182040.000000,50.5666666667,0.1581503971,0.1556113845,0.1474222677,0.1307572039,0.0533702135,0.1581503971,0.00000000
182100.000000,50.5833333333,0.1581279996,0.1555896100,0.1474024519,0.1307411312,0.0533680945,0.1581279996,0.00000000
182160.000000,50.6000000000,0.1581056166,0.1555678497,0.1473826488,0.1307250686,0.0533659776,0.1581056166,0.00000000
182220.000000,50.6166666667,0.1580832481,0.1555461034,0.1473628583,0.1307090159,0.0533638630,0.1580832481,0.00000000
182280.000000,50.6333333333,0.1580608942,0.1555243712,0.1473430804,0.1306929732,0.0533617506,0.1580608942,0.00000000
182340.000000,50.6500000000,0.1580385548,0.1555026530,0.1473233152,0.1306769405,0.0533596403,0.1580385548,0.00000000
182400.000000,50.6666666667,0.1580162299,0.1554809489,0.1473035626,0.1306609177,0.0533575322,0.1580162299,0.00000000
182460.000000,50.6833333333,0.1579939194,0.1554592587,0.1472838225,0.1306449048,0.0533554264,0.1579939194,0.00000000
182520.000000,50.7000000000,0.1579716234,0.1554375826,0.1472640951,0.1306289019,0.0533533227,0.1579716234,0.00000000
182580.000000,50.7166666667,0.1579493419,0.1554159204,0.1472443802,0.1306129090,0.0533512211,0.1579493419,0.00000000
182640.000000,50.7333333333,0.1579270747,0.1553942723,0.1472246778,0.1305969259,0.0533491218,0.1579270747,0.00000000
182700.000000,50.7500000000,0.1579048220,0.1553726380,0.1472049880,0.1305809527,0.0533470246,0.1579048220,0.00000000
182760.000000,50.7666666667,0.1578825837,0.1553510178,0.1471853107,0.1305649894,0.0533449296,0.1578825837,0.00000000
182820.000000,50.7833333333,0.1578603597,0.1553294114,0.1471656460,0.1305490360,0.0533428368,0.1578603597,0.00000000
182880.000000,50.8000000000,0.1578381501,0.1553078189,0.1471459937,0.1305330925,0.0533407461,0.1578381501,0.00000000
182940.000000,50.8166666667,0.1578159549,0.1552862404,0.1471263539,0.1305171588,0.0533386576,0.1578159549,0.00000000
183000.000000,50.8333333333,0.1577937740,0.1552646757,0.1471067266,0.1305012350,0.0533365712,0.1577937740,0.00000000
183060.000000,50.8500000000,0.1577716074,0.1552431249,0.1470871118,0.1304853211,0.0533344870,0.1577716074,0.00000000
183120.000000,50.8666666667,0.1577494551,0.1552215880,0.1470675094,0.1304694169,0.0533324049,0.1577494551,0.00000000
183180.000000,50.8833333333,0.1577273171,0.1552000649,0.1470479194,0.1304535226,0.0533303250,0.1577273171,0.00000000
183240.000000,50.9000000000,0.1577051934,0.1551785556,0.1470283419,0.1304376381,0.0533282473,0.1577051934,0.00000000
183300.000000,50.9166666667,0.1576830840,0.1551570601,0.1470087768,0.1304217634,0.0533261717,0.1576830840,0.00000000
183360.000000,50.9333333333,0.1576609888,0.1551355784,0.1469892240,0.1304058985,0.0533240982,0.1576609888,0.00000000
183420.000000,50.9500000000,0.1576389078,0.1551141105,0.1469696837,0.1303900433,0.0533220268,0.1576389078,0.00000000
183480.000000,50.9666666667,0.1576168410,0.1550926564,0.1469501557,0.1303741980,0.0533199576,0.1576168410,0.00000000
183540.000000,50.9833333333,0.1575947884,0.1550712160,0.1469306401,0.1303583624,0.0533178905,0.1575947884,0.00000000
183600.000000,51.0000000000,0.1575727500,0.1550497893,0.1469111368,0.1303425365,0.0533158256,0.1575727500,0.00000000
183660.000000,51.0166666667,0.1575507258,0.1550283764,0.1468916458,0.1303267204,0.0533137627,0.1575507258,0.00000000
183720.000000,51.0333333333,0.1575287158,0.1550069772,0.1468721672,0.1303109140,0.0533117020,0.1575287158,0.00000000
183780.000000,51.0500000000,0.1575067198,0.1549855916,0.1468527009,0.1302951174,0.0533096434,0.1575067198,0.00000000
183840.000000,51.0666666667,0.1574847380,0.1549642198,0.1468332469,0.1302793304,0.0533075869,0.1574847380,0.00000000
183900.000000,51.0833333333,0.1574627703,0.1549428616,0.1468138051,0.1302635532,0.0533055326,0.1574627703,0.00000000
183960.000000,51.1000000000,0.1574408167,0.1549215170,0.1467943756,0.1302477856,0.0533034803,0.1574408167,0.00000000
184020.000000,51.1166666667,0.1574188772,0.1549001861,0.1467749584,0.1302320277,0.0533014301,0.1574188772,0.00000000
184080.000000,51.1333333333,0.1573969518,0.1548788689,0.1467555534,0.1302162795,0.0532993821,0.1573969518,0.00000000
184140.000000,51.1500000000,0.1573750404,0.1548575652,0.1467361606,0.1302005410,0.0532973361,0.1573750404,0.00000000
184200.000000,51.1666666667,0.1573531430,0.1548362751,0.1467167801,0.1301848121,0.0532952923,0.1573531430,0.00000000
184260.000000,51.1833333333,0.1573312596,0.1548149986,0.1466974118,0.1301690929,0.0532932505,0.1573312596,0.00000000
184320.000000,51.2000000000,0.1573093903,0.1547937357,0.1466780556,0.1301533832,0.0532912108,0.1573093903,0.00000000
184380.000000,51.2166666667,0.1572875349,0.1547724863,0.1466587117,0.1301376833,0.0532891732,0.1572875349,0.00000000
184440.000000,51.2333333333,0.1572656936,0.1547512504,0.1466393799,0.1301219929,0.0532871377,0.1572656936,0.00000000
184500.000000,51.2500000000,0.1572438661,0.1547300281,0.1466200602,0.1301063121,0.0532851043,0.1572438661,0.00000000
184560.000000,51.2666666667,0.1572220527,0.1547088193,0.1466007527,0.1300906409,0.0532830729,0.1572220527,0.00000000
184620.000000,51.2833333333,0.1572002531,0.1546876239,0.1465814573,0.1300749793,0.0532810437,0.1572002531,0.00000000
184680.000000,51.3000000000,0.1571784675,0.1546664421,0.1465621741,0.1300593273,0.0532790165,0.1571784675,0.00000000
184740.000000,51.3166666667,0.1571566958,0.1546452737,0.1465429029,0.1300436848,0.0532769914,0.1571566958,0.00000000
184800.000000,51.3333333333,0.1571349380,0.1546241188,0.1465236438,0.1300280519,0.0532749683,0.1571349380,0.00000000
184860.000000,51.3500000000,0.1571131940,0.1546029773,0.1465043968,0.1300124286,0.0532729473,0.1571131940,0.00000000
184920.000000,51.3666666667,0.1570914639,0.1545818492,0.1464851619,0.1299968148,0.0532709284,0.1570914639,0.00000000
184980.000000,51.3833333333,0.1570697477,0.1545607345,0.1464659390,0.1299812105,0.0532689115,0.1570697477,0.00000000
185040.000000,51.4000000000,0.1570480453,0.1545396332,0.1464467282,0.1299656157,0.0532668967,0.1570480453,0.00000000
185100.000000,51.4166666667,0.1570263567,0.1545185454,0.1464275294,0.1299500304,0.0532648839,0.1570263567,0.00000000
185160.000000,51.4333333333,0.1570046819,0.1544974708,0.1464083426,0.1299344546,0.0532628732,0.1570046819,0.00000000
185220.000000,51.4500000000,0.1569830209,0.1544764097,0.1463891679,0.1299188883,0.0532608645,0.1569830209,0.00000000
185280.000000,51.4666666667,0.1569613736,0.1544553618,0.1463700051,0.1299033315,0.0532588579,0.1569613736,0.00000000
185340.000000,51.4833333333,0.1569397401,0.1544343273,0.1463508542,0.1298877842,0.0532568533,0.1569397401,0.00000000
185400.000000,51.5000000000,0.1569181204,0.1544133062,0.1463317154,0.1298722463,0.0532548507,0.1569181204,0.00000000
185460.000000,51.5166666667,0.1568965144,0.1543922983,0.1463125885,0.1298567178,0.0532528502,0.1568965144,0.00000000
185520.000000,51.5333333333,0.1568749221,0.1543713037,0.1462934736,0.1298411988,0.0532508517,0.1568749221,0.00000000
185580.000000,51.5500000000,0.1568533435,0.1543503223,0.1462743705,0.1298256893,0.0532488553,0.1568533435,0.00000000
185640.000000,51.5666666667,0.1568317786,0.1543293542,0.1462552794,0.1298101891,0.0532468609,0.1568317786,0.00000000
185700.000000,51.5833333333,0.1568102274,0.1543083994,0.1462362003,0.1297946984,0.0532448685,0.1568102274,0.00000000
185760.000000,51.6000000000,0.1567886898,0.1542874578,0.1462171329,0.1297792171,0.0532428781,0.1567886898,0.00000000
185820.000000,51.6166666667,0.1567671659,0.1542665294,0.1461980775,0.1297637451,0.0532408897,0.1567671659,0.00000000
185880.000000,51.6333333333,0.1567456556,0.1542456142,0.1461790340,0.1297482825,0.0532389034,0.1567456556,0.00000000
185940.000000,51.6500000000,0.1567241589,0.1542247122,0.1461600023,0.1297328294,0.0532369190,0.1567241589,0.00000000
186000.000000,51.6666666667,0.1567026759,0.1542038234,0.1461409824,0.1297173855,0.0532349367,0.1567026759,0.00000000
186060.000000,51.6833333333,0.1566812064,0.1541829477,0.1461219744,0.1297019511,0.0532329564,0.1566812064,0.00000000
186120.000000,51.7000000000,0.1566597505,0.1541620852,0.1461029782,0.1296865259,0.0532309781,0.1566597505,0.00000000
186180.000000,51.7166666667,0.1566383081,0.1541412358,0.1460839938,0.1296711101,0.0532290018,0.1566383081,0.00000000
186240.000000,51.7333333333,0.1566168793,0.1541203996,0.1460650212,0.1296557037,0.0532270275,0.1566168793,0.00000000
186300.000000,51.7500000000,0.1565954640,0.1540995764,0.1460460604,0.1296403065,0.0532250551,0.1565954640,0.00000000
186360.000000,51.7666666667,0.1565740623,0.1540787664,0.1460271114,0.1296249187,0.0532230848,0.1565740623,0.00000000
186420.000000,51.7833333333,0.1565526740,0.1540579694,0.1460081741,0.1296095401,0.0532211165,0.1565526740,0.00000000
186480.000000,51.8000000000,0.1565312993,0.1540371855,0.1459892486,0.1295941709,0.0532191501,0.1565312993,0.00000000
186540.000000,51.8166666667,0.1565099380,0.1540164146,0.1459703348,0.1295788109,0.0532171858,0.1565099380,0.00000000
186600.000000,51.8333333333,0.1564885902,0.1539956568,0.1459514327,0.1295634602,0.0532152234,0.1564885902,0.00000000
186660.000000,51.8500000000,0.1564672558,0.1539749120,0.1459325423,0.1295481187,0.0532132630,0.1564672558,0.00000000
186720.000000,51.8666666667,0.1564459349,0.1539541802,0.1459136637,0.1295327865,0.0532113046,0.1564459349,0.00000000
186780.000000,51.8833333333,0.1564246273,0.1539334614,0.1458947967,0.1295174636,0.0532093481,0.1564246273,0.00000000
186840.000000,51.9000000000,0.1564033332,0.1539127556,0.1458759414,0.1295021499,0.0532073936,0.1564033332,0.00000000
186900.000000,51.9166666667,0.1563820525,0.1538920628,0.1458570977,0.1294868454,0.0532054411,0.1563820525,0.00000000
186960.000000,51.9333333333,0.1563607852,0.1538713829,0.1458382658,0.1294715501,0.0532034906,0.1563607852,0.00000000
187020.000000,51.9500000000,0.1563395312,0.1538507160,0.1458194454,0.1294562640,0.0532015420,0.1563395312,0.00000000
187080.000000,51.9666666667,0.1563182905,0.1538300620,0.1458006367,0.1294409871,0.0531995954,0.1563182905,0.00000000
187140.000000,51.9833333333,0.1562970633,0.1538094209,0.1457818396,0.1294257194,0.0531976507,0.1562970633,0.00000000
187200.000000,52.0000000000,0.1562758493,0.1537887927,0.1457630541,0.1294104609,0.0531957080,0.1562758493,0.00000000
187260.000000,52.0166666667,0.1562546486,0.1537681775,0.1457442802,0.1293952116,0.0531937672,0.1562546486,0.00000000
187320.000000,52.0333333333,0.1562334613,0.1537475751,0.1457255179,0.1293799714,0.0531918284,0.1562334613,0.00000000
187380.000000,52.0500000000,0.1562122872,0.1537269855,0.1457067672,0.1293647404,0.0531898915,0.1562122872,0.00000000
187440.000000,52.0666666667,0.1561911264,0.1537064089,0.1456880280,0.1293495185,0.0531879566,0.1561911264,0.00000000
187500.000000,52.0833333333,0.1561699788,0.1536858450,0.1456693003,0.1293343057,0.0531860236,0.1561699788,0.00000000
187560.000000,52.1000000000,0.1561488445,0.1536652940,0.1456505842,0.1293191021,0.0531840926,0.1561488445,0.00000000
187620.000000,52.1166666667,0.1561277235,0.1536447558,0.1456318796,0.1293039075,0.0531821635,0.1561277235,0.00000000
187680.000000,52.1333333333,0.1561066156,0.1536242304,0.1456131865,0.1292887221,0.0531802363,0.1561066156,0.00000000
187740.000000,52.1500000000,0.1560855209,0.1536037178,0.1455945050,0.1292735458,0.0531783111,0.1560855209,0.00000000
187800.000000,52.1666666667,0.1560644394,0.1535832180,0.1455758349,0.1292583785,0.0531763877,0.1560644394,0.00000000
187860.000000,52.1833333333,0.1560433711,0.1535627309,0.1455571763,0.1292432204,0.0531744663,0.1560433711,0.00000000
187920.000000,52.2000000000,0.1560223160,0.1535422566,0.1455385291,0.1292280713,0.0531725469,0.1560223160,0.00000000
187980.000000,52.2166666667,0.1560012740,0.1535217950,0.1455198934,0.1292129312,0.0531706293,0.1560012740,0.00000000
188040.000000,52.2333333333,0.1559802451,0.1535013461,0.1455012691,0.1291978003,0.0531687137,0.1559802451,0.00000000
188100.000000,52.2500000000,0.1559592294,0.1534809099,0.1454826563,0.1291826783,0.0531668000,0.1559592294,0.00000000
188160.000000,52.2666666667,0.1559382268,0.1534604865,0.1454640549,0.1291675654,0.0531648882,0.1559382268,0.00000000
188220.000000,52.2833333333,0.1559172372,0.1534400757,0.1454454649,0.1291524615,0.0531629783,0.1559172372,0.00000000
188280.000000,52.3000000000,0.1558962607,0.1534196776,0.1454268863,0.1291373667,0.0531610703,0.1558962607,0.00000000
188340.000000,52.3166666667,0.1558752973,0.1533992921,0.1454083191,0.1291222808,0.0531591642,0.1558752973,0.00000000
188400.000000,52.3333333333,0.1558543470,0.1533789193,0.1453897632,0.1291072039,0.0531572600,0.1558543470,0.00000000
188460.000000,52.3500000000,0.1558334097,0.1533585591,0.1453712187,0.1290921360,0.0531553577,0.1558334097,0.00000000
188520.000000,52.3666666667,0.1558124854,0.1533382116,0.1453526856,0.1290770771,0.0531534573,0.1558124854,0.00000000
188580.000000,52.3833333333,0.1557915742,0.1533178766,0.1453341638,0.1290620272,0.0531515588,0.1557915742,0.00000000
188640.000000,52.4000000000,0.1557706759,0.1532975543,0.1453156533,0.1290469862,0.0531496622,0.1557706759,0.00000000
188700.000000,52.4166666667,0.1557497906,0.1532772445,0.1452971541,0.1290319542,0.0531477675,0.1557497906,0.00000000
188760.000000,52.4333333333,0.1557289183,0.1532569473,0.1452786663,0.1290169312,0.0531458746,0.1557289183,0.00000000
188820.000000,52.4500000000,0.1557080590,0.1532366626,0.1452601897,0.1290019170,0.0531439837,0.1557080590,0.00000000
188880.000000,52.4666666667,0.1556872126,0.1532163905,0.1452417244,0.1289869118,0.0531420946,0.1556872126,0.00000000
188940.000000,52.4833333333,0.1556663791,0.1531961309,0.1452232704,0.1289719155,0.0531402074,0.1556663791,0.00000000
189000.000000,52.5000000000,0.1556455586,0.1531758838,0.1452048276,0.1289569281,0.0531383221,0.1556455586,0.00000000
189060.000000,52.5166666667,0.1556247509,0.1531556493,0.1451863961,0.1289419496,0.0531364386,0.1556247509,0.00000000
189120.000000,52.5333333333,0.1556039562,0.1531354272,0.1451679758,0.1289269800,0.0531345571,0.1556039562,0.00000000
189180.000000,52.5500000000,0.1555831743,0.1531152176,0.1451495667,0.1289120193,0.0531326774,0.1555831743,0.00000000
189240.000000,52.5666666667,0.1555624053,0.1530950204,0.1451311689,0.1288970675,0.0531307995,0.1555624053,0.00000000
189300.000000,52.5833333333,0.1555416492,0.1530748358,0.1451127822,0.1288821245,0.0531289235,0.1555416492,0.00000000
189360.000000,52.6000000000,0.1555209059,0.1530546635,0.1450944068,0.1288671904,0.0531270494,0.1555209059,0.00000000
189420.000000,52.6166666667,0.1555001754,0.1530345037,0.1450760425,0.1288522651,0.0531251771,0.1555001754,0.00000000
189480.000000,52.6333333333,0.1554794578,0.1530143563,0.1450576894,0.1288373487,0.0531233067,0.1554794578,0.00000000
189540.000000,52.6500000000,0.1554587529,0.1529942213,0.1450393475,0.1288224411,0.0531214382,0.1554587529,0.00000000
189600.000000,52.6666666667,0.1554380609,0.1529740987,0.1450210166,0.1288075423,0.0531195715,0.1554380609,0.00000000
189660.000000,52.6833333333,0.1554173816,0.1529539885,0.1450026970,0.1287926523,0.0531177066,0.1554173816,0.00000000
189720.000000,52.7000000000,0.1553967151,0.1529338906,0.1449843884,0.1287777712,0.0531158436,0.1553967151,0.00000000
189780.000000,52.7166666667,0.1553760613,0.1529138051,0.1449660910,0.1287628988,0.0531139824,0.1553760613,0.00000000
189840.000000,52.7333333333,0.1553554203,0.1528937319,0.1449478046,0.1287480352,0.0531121231,0.1553554203,0.00000000
189900.000000,52.7500000000,0.1553347920,0.1528736711,0.1449295294,0.1287331804,0.0531102656,0.1553347920,0.00000000
189960.000000,52.7666666667,0.1553141764,0.1528536226,0.1449112652,0.1287183344,0.0531084099,0.1553141764,0.00000000
190020.000000,52.7833333333,0.1552935735,0.1528335864,0.1448930121,0.1287034971,0.0531065561,0.1552935735,0.00000000
190080.000000,52.8000000000,0.1552729833,0.1528135624,0.1448747701,0.1286886686,0.0531047041,0.1552729833,0.00000000
190140.000000,52.8166666667,0.1552524058,0.1527935508,0.1448565391,0.1286738488,0.0531028539,0.1552524058,0.00000000
190200.000000,52.8333333333,0.1552318409,0.1527735514,0.1448383191,0.1286590377,0.0531010055,0.1552318409,0.00000000
190260.000000,52.8500000000,0.1552112887,0.1527535642,0.1448201102,0.1286442354,0.0530991590,0.1552112887,0.00000000
190320.000000,52.8666666667,0.1551907491,0.1527335893,0.1448019122,0.1286294418,0.0530973143,0.1551907491,0.00000000
190380.000000,52.8833333333,0.1551702221,0.1527136267,0.1447837253,0.1286146569,0.0530954714,0.1551702221,0.00000000
190440.000000,52.9000000000,0.1551497078,0.1526936762,0.1447655494,0.1285998807,0.0530936303,0.1551497078,0.00000000
190500.000000,52.9166666667,0.1551292060,0.1526737380,0.1447473844,0.1285851132,0.0530917910,0.1551292060,0.00000000
190560.000000,52.9333333333,0.1551087169,0.1526538119,0.1447292304,0.1285703544,0.0530899536,0.1551087169,0.00000000
190620.000000,52.9500000000,0.1550882403,0.1526338980,0.1447110874,0.1285556043,0.0530881179,0.1550882403,0.00000000
190680.000000,52.9666666667,0.1550677762,0.1526139963,0.1446929553,0.1285408628,0.0530862841,0.1550677762,0.00000000
190740.000000,52.9833333333,0.1550473247,0.1525941068,0.1446748341,0.1285261300,0.0530844520,0.1550473247,0.00000000
190800.000000,53.0000000000,0.1550268858,0.1525742294,0.1446567239,0.1285114058,0.0530826218,0.1550268858,0.00000000
190860.000000,53.0166666667,0.1550064593,0.1525543641,0.1446386246,0.1284966903,0.0530807934,0.1550064593,0.00000000
190920.000000,53.0333333333,0.1549860454,0.1525345109,0.1446205362,0.1284819834,0.0530789667,0.1549860454,0.00000000
190980.000000,53.0500000000,0.1549656440,0.1525146699,0.1446024587,0.1284672851,0.0530771418,0.1549656440,0.00000000
191040.000000,53.0666666667,0.1549452550,0.1524948409,0.1445843920,0.1284525955,0.0530753188,0.1549452550,0.00000000
191100.000000,53.0833333333,0.1549248785,0.1524750240,0.1445663363,0.1284379144,0.0530734975,0.1549248785,0.00000000
191160.000000,53.1000000000,0.1549045145,0.1524552192,0.1445482914,0.1284232420,0.0530716780,0.1549045145,0.00000000
191220.000000,53.1166666667,0.1548841630,0.1524354265,0.1445302573,0.1284085782,0.0530698603,0.1548841630,0.00000000
191280.000000,53.1333333333,0.1548638238,0.1524156458,0.1445122341,0.1283939229,0.0530680444,0.1548638238,0.00000000
191340.000000,53.1500000000,0.1548434971,0.1523958771,0.1444942217,0.1283792762,0.0530662302,0.1548434971,0.00000000
191400.000000,53.1666666667,0.1548231828,0.1523761204,0.1444762201,0.1283646381,0.0530644178,0.1548231828,0.00000000
191460.000000,53.1833333333,0.1548028809,0.1523563758,0.1444582294,0.1283500085,0.0530626072,0.1548028809,0.00000000
191520.000000,53.2000000000,0.1547825913,0.1523366432,0.1444402494,0.1283353875,0.0530607984,0.1547825913,0.00000000
191580.000000,53.2166666667,0.1547623142,0.1523169225,0.1444222802,0.1283207750,0.0530589913,0.1547623142,0.00000000
191640.000000,53.2333333333,0.1547420494,0.1522972138,0.1444043218,0.1283061710,0.0530571860,0.1547420494,0.00000000
191700.000000,53.2500000000,0.1547217969,0.1522775171,0.1443863741,0.1282915756,0.0530553825,0.1547217969,0.00000000
191760.000000,53.2666666667,0.1547015568,0.1522578323,0.1443684372,0.1282769887,0.0530535807,0.1547015568,0.00000000
191820.000000,53.2833333333,0.1546813290,0.1522381595,0.1443505111,0.1282624103,0.0530517807,0.1546813290,0.00000000
191880.000000,53.3000000000,0.1546611135,0.1522184986,0.1443325957,0.1282478404,0.0530499824,0.1546611135,0.00000000
191940.000000,53.3166666667,0.1546409103,0.1521988496,0.1443146910,0.1282332790,0.0530481859,0.1546409103,0.00000000
192000.000000,53.3333333333,0.1546207194,0.1521792125,0.1442967970,0.1282187261,0.0530463912,0.1546207194,0.00000000
192060.000000,53.3500000000,0.1546005408,0.1521595873,0.1442789137,0.1282041816,0.0530445982,0.1546005408,0.00000000
192120.000000,53.3666666667,0.1545803744,0.1521399740,0.1442610411,0.1281896457,0.0530428069,0.1545803744,0.00000000
192180.000000,53.3833333333,0.1545602203,0.1521203725,0.1442431792,0.1281751181,0.0530410174,0.1545602203,0.00000000
192240.000000,53.4000000000,0.1545400784,0.1521007829,0.1442253279,0.1281605991,0.0530392296,0.1545400784,0.00000000
192300.000000,53.4166666667,0.1545199488,0.1520812052,0.1442074873,0.1281460884,0.0530374436,0.1545199488,0.00000000
192360.000000,53.4333333333,0.1544998313,0.1520616392,0.1441896574,0.1281315862,0.0530356593,0.1544998313,0.00000000
192420.000000,53.4500000000,0.1544797261,0.1520420851,0.1441718380,0.1281170925,0.0530338767,0.1544797261,0.00000000
192480.000000,53.4666666667,0.1544596330,0.1520225428,0.1441540294,0.1281026071,0.0530320959,0.1544596330,0.00000000
192540.000000,53.4833333333,0.1544395521,0.1520030123,0.1441362313,0.1280881302,0.0530303168,0.1544395521,0.00000000
192600.000000,53.5000000000,0.1544194834,0.1519834936,0.1441184438,0.1280736616,0.0530285394,0.1544194834,0.00000000
192660.000000,53.5166666667,0.1543994268,0.1519639867,0.1441006670,0.1280592015,0.0530267638,0.1543994268,0.00000000
192720.000000,53.5333333333,0.1543793824,0.1519444915,0.1440829007,0.1280447497,0.0530249899,0.1543793824,0.00000000
192780.000000,53.5500000000,0.1543593501,0.1519250081,0.1440651450,0.1280303064,0.0530232177,0.1543593501,0.00000000
192840.000000,53.5666666667,0.1543393299,0.1519055364,0.1440473998,0.1280158713,0.0530214472,0.1543393299,0.00000000
192900.000000,53.5833333333,0.1543193218,0.1518860764,0.1440296652,0.1280014447,0.0530196785,0.1543193218,0.00000000
192960.000000,53.6000000000,0.1542993258,0.1518666281,0.1440119412,0.1279870264,0.0530179114,0.1542993258,0.00000000
193020.000000,53.6166666667,0.1542793419,0.1518471916,0.1439942276,0.1279726164,0.0530161461,0.1542793419,0.00000000
193080.000000,53.6333333333,0.1542593700,0.1518277667,0.1439765246,0.1279582148,0.0530143825,0.1542593700,0.00000000
193140.000000,53.6500000000,0.1542394102,0.1518083536,0.1439588322,0.1279438215,0.0530126205,0.1542394102,0.00000000
193200.000000,53.6666666667,0.1542194625,0.1517889520,0.1439411502,0.1279294366,0.0530108603,0.1542194625,0.00000000
193260.000000,53.6833333333,0.1541995267,0.1517695622,0.1439234787,0.1279150599,0.0530091018,0.1541995267,0.00000000
193320.000000,53.7000000000,0.1541796030,0.1517501840,0.1439058177,0.1279006916,0.0530073450,0.1541796030,0.00000000
193380.000000,53.7166666667,0.1541596913,0.1517308174,0.1438881671,0.1278863315,0.0530055899,0.1541596913,0.00000000
193440.000000,53.7333333333,0.1541397916,0.1517114624,0.1438705271,0.1278719798,0.0530038365,0.1541397916,0.00000000
193500.000000,53.7500000000,0.1541199039,0.1516921191,0.1438528974,0.1278576363,0.0530020848,0.1541199039,0.00000000
193560.000000,53.7666666667,0.1541000282,0.1516727874,0.1438352782,0.1278433011,0.0530003348,0.1541000282,0.00000000
193620.000000,53.7833333333,0.1540801644,0.1516534672,0.1438176695,0.1278289741,0.0529985864,0.1540801644,0.00000000
193680.000000,53.8000000000,0.1540603125,0.1516341586,0.1438000711,0.1278146554,0.0529968398,0.1540603125,0.00000000
193740.000000,53.8166666667,0.1540404726,0.1516148616,0.1437824832,0.1278003450,0.0529950948,0.1540404726,0.00000000
193800.000000,53.8333333333,0.1540206446,0.1515955762,0.1437649057,0.1277860428,0.0529933515,0.1540206446,0.00000000
193860.000000,53.8500000000,0.1540008286,0.1515763022,0.1437473386,0.1277717489,0.0529916099,0.1540008286,0.00000000
193920.000000,53.8666666667,0.1539810244,0.1515570399,0.1437297818,0.1277574631,0.0529898700,0.1539810244,0.00000000
193980.000000,53.8833333333,0.1539612321,0.1515377890,0.1437122354,0.1277431856,0.0529881318,0.1539612321,0.00000000
194040.000000,53.9000000000,0.1539414517,0.1515185496,0.1436946994,0.1277289163,0.0529863952,0.1539414517,0.00000000
194100.000000,53.9166666667,0.1539216832,0.1514993218,0.1436771737,0.1277146552,0.0529846603,0.1539216832,0.00000000
194160.000000,53.9333333333,0.1539019265,0.1514801054,0.1436596583,0.1277004023,0.0529829270,0.1539019265,0.00000000
194220.000000,53.9500000000,0.1538821817,0.1514609005,0.1436421533,0.1276861576,0.0529811955,0.1538821817,0.00000000
194280.000000,53.9666666667,0.1538624486,0.1514417070,0.1436246586,0.1276719210,0.0529794656,0.1538624486,0.00000000
194340.000000,53.9833333333,0.1538427275,0.1514225251,0.1436071742,0.1276576927,0.0529777373,0.1538427275,0.00000000
194400.000000,54.0000000000,0.1538230181,0.1514033545,0.1435897002,0.1276434725,0.0529760108,0.1538230181,0.00000000
194460.000000,54.0166666667,0.1538033205,0.1513841954,0.1435722364,0.1276292604,0.0529742858,0.1538033205,0.00000000
194520.000000,54.0333333333,0.1537836347,0.1513650477,0.1435547828,0.1276150565,0.0529725626,0.1537836347,0.00000000
194580.000000,54.0500000000,0.1537639606,0.1513459114,0.1435373396,0.1276008607,0.0529708410,0.1537639606,0.00000000
194640.000000,54.0666666667,0.1537442984,0.1513267865,0.1435199066,0.1275866731,0.0529691210,0.1537442984,0.00000000
194700.000000,54.0833333333,0.1537246478,0.1513076730,0.1435024838,0.1275724936,0.0529674027,0.1537246478,0.00000000
194760.000000,54.1000000000,0.1537050091,0.1512885709,0.1434850713,0.1275583222,0.0529656860,0.1537050091,0.00000000
194820.000000,54.1166666667,0.1536853820,0.1512694801,0.1434676691,0.1275441589,0.0529639710,0.1536853820,0.00000000
194880.000000,54.1333333333,0.1536657667,0.1512504007,0.1434502770,0.1275300037,0.0529622577,0.1536657667,0.00000000
194940.000000,54.1500000000,0.1536461630,0.1512313326,0.1434328951,0.1275158567,0.0529605459,0.1536461630,0.00000000
195000.000000,54.1666666667,0.1536265711,0.1512122758,0.1434155235,0.1275017177,0.0529588358,0.1536265711,0.00000000
195060.000000,54.1833333333,0.1536069908,0.1511932304,0.1433981620,0.1274875867,0.0529571274,0.1536069908,0.00000000
195120.000000,54.2000000000,0.1535874222,0.1511741963,0.1433808108,0.1274734639,0.0529554205,0.1535874222,0.00000000
195180.000000,54.2166666667,0.1535678653,0.1511551734,0.1433634696,0.1274593491,0.0529537154,0.1535678653,0.00000000
195240.000000,54.2333333333,0.1535483200,0.1511361619,0.1433461387,0.1274452424,0.0529520118,0.1535483200,0.00000000
195300.000000,54.2500000000,0.1535287863,0.1511171616,0.1433288179,0.1274311437,0.0529503099,0.1535287863,0.00000000
195360.000000,54.2666666667,0.1535092643,0.1510981726,0.1433115072,0.1274170530,0.0529486095,0.1535092643,0.00000000
195420.000000,54.2833333333,0.1534897538,0.1510791948,0.1432942067,0.1274029704,0.0529469109,0.1534897538,0.00000000
195480.000000,54.3000000000,0.1534702550,0.1510602283,0.1432769163,0.1273888958,0.0529452138,0.1534702550,0.00000000
195540.000000,54.3166666667,0.1534507678,0.1510412730,0.1432596360,0.1273748292,0.0529435184,0.1534507678,0.00000000
195600.000000,54.3333333333,0.1534312921,0.1510223289,0.1432423658,0.1273607707,0.0529418245,0.1534312921,0.00000000
195660.000000,54.3500000000,0.1534118280,0.1510033961,0.1432251057,0.1273467201,0.0529401323,0.1534118280,0.00000000
195720.000000,54.3666666667,0.1533923755,0.1509844744,0.1432078556,0.1273326776,0.0529384417,0.1533923755,0.00000000
195780.000000,54.3833333333,0.1533729345,0.1509655639,0.1431906157,0.1273186430,0.0529367527,0.1533729345,0.00000000
195840.000000,54.4000000000,0.1533535050,0.1509466646,0.1431733858,0.1273046164,0.0529350653,0.1533535050,0.00000000
195900.000000,54.4166666667,0.1533340871,0.1509277765,0.1431561659,0.1272905977,0.0529333796,0.1533340871,0.00000000
195960.000000,54.4333333333,0.1533146806,0.1509088995,0.1431389561,0.1272765871,0.0529316954,0.1533146806,0.00000000
196020.000000,54.4500000000,0.1532952857,0.1508900337,0.1431217564,0.1272625844,0.0529300128,0.1532952857,0.00000000
196080.000000,54.4666666667,0.1532759023,0.1508711790,0.1431045666,0.1272485896,0.0529283319,0.1532759023,0.00000000
196140.000000,54.4833333333,0.1532565303,0.1508523354,0.1430873869,0.1272346028,0.0529266525,0.1532565303,0.00000000
196200.000000,54.5000000000,0.1532371698,0.1508335029,0.1430702172,0.1272206239,0.0529249747,0.1532371698,0.00000000
196260.000000,54.5166666667,0.1532178208,0.1508146815,0.1430530574,0.1272066529,0.0529232985,0.1532178208,0.00000000
196320.000000,54.5333333333,0.1531984832,0.1507958712,0.1430359077,0.1271926899,0.0529216240,0.1531984832,0.00000000
196380.000000,54.5500000000,0.1531791570,0.1507770720,0.1430187679,0.1271787348,0.0529199510,0.1531791570,0.00000000
196440.000000,54.5666666667,0.1531598422,0.1507582839,0.1430016381,0.1271647876,0.0529182795,0.1531598422,0.00000000
196500.000000,54.5833333333,0.1531405389,0.1507395068,0.1429845183,0.1271508482,0.0529166097,0.1531405389,0.00000000
196560.000000,54.6000000000,0.1531212469,0.1507207407,0.1429674084,0.1271369168,0.0529149415,0.1531212469,0.00000000
196620.000000,54.6166666667,0.1531019664,0.1507019857,0.1429503084,0.1271229932,0.0529132748,0.1531019664,0.00000000
196680.000000,54.6333333333,0.1530826972,0.1506832417,0.1429332184,0.1271090776,0.0529116097,0.1530826972,0.00000000
196740.000000,54.6500000000,0.1530634394,0.1506645088,0.1429161382,0.1270951697,0.0529099462,0.1530634394,0.00000000
196800.000000,54.6666666667,0.1530441929,0.1506457868,0.1428990680,0.1270812698,0.0529082843,0.1530441929,0.00000000
196860.000000,54.6833333333,0.1530249578,0.1506270758,0.1428820077,0.1270673777,0.0529066239,0.1530249578,0.00000000
196920.000000,54.7000000000,0.1530057340,0.1506083758,0.1428649573,0.1270534934,0.0529049651,0.1530057340,0.00000000
196980.000000,54.7166666667,0.1529865216,0.1505896868,0.1428479168,0.1270396170,0.0529033079,0.1529865216,0.00000000
197040.000000,54.7333333333,0.1529673204,0.1505710088,0.1428308861,0.1270257484,0.0529016523,0.1529673204,0.00000000
197100.000000,54.7500000000,0.1529481306,0.1505523416,0.1428138653,0.1270118876,0.0528999982,0.1529481306,0.00000000
197160.000000,54.7666666667,0.1529289520,0.1505336855,0.1427968543,0.1269980347,0.0528983457,0.1529289520,0.00000000
197220.000000,54.7833333333,0.1529097847,0.1505150402,0.1427798532,0.1269841895,0.0528966947,0.1529097847,0.00000000
197280.000000,54.8000000000,0.1528906287,0.1504964059,0.1427628619,0.1269703522,0.0528950453,0.1528906287,0.00000000
197340.000000,54.8166666667,0.1528714840,0.1504777825,0.1427458804,0.1269565227,0.0528933975,0.1528714840,0.00000000
197400.000000,54.8333333333,0.1528523504,0.1504591700,0.1427289088,0.1269427009,0.0528917512,0.1528523504,0.00000000
197460.000000,54.8500000000,0.1528332282,0.1504405683,0.1427119470,0.1269288869,0.0528901064,0.1528332282,0.00000000
197520.000000,54.8666666667,0.1528141171,0.1504219776,0.1426949949,0.1269150807,0.0528884632,0.1528141171,0.00000000
197580.000000,54.8833333333,0.1527950173,0.1504033977,0.1426780526,0.1269012822,0.0528868216,0.1527950173,0.00000000
197640.000000,54.9000000000,0.1527759286,0.1503848287,0.1426611202,0.1268874916,0.0528851815,0.1527759286,0.00000000
197700.000000,54.9166666667,0.1527568512,0.1503662705,0.1426441974,0.1268737086,0.0528835430,0.1527568512,0.00000000
197760.000000,54.9333333333,0.1527377849,0.1503477231,0.1426272845,0.1268599334,0.0528819059,0.1527377849,0.00000000
197820.000000,54.9500000000,0.1527187298,0.1503291866,0.1426103813,0.1268461660,0.0528802705,0.1527187298,0.00000000
197880.000000,54.9666666667,0.1526996858,0.1503106609,0.1425934878,0.1268324062,0.0528786365,0.1526996858,0.00000000
197940.000000,54.9833333333,0.1526806530,0.1502921460,0.1425766041,0.1268186542,0.0528770042,0.1526806530,0.00000000
198000.000000,55.0000000000,0.1526616314,0.1502736419,0.1425597300,0.1268049099,0.0528753733,0.1526616314,0.00000000
198060.000000,55.0166666667,0.1526426208,0.1502551485,0.1425428657,0.1267911733,0.0528737440,0.1526426208,0.00000000
198120.000000,55.0333333333,0.1526236214,0.1502366660,0.1425260111,0.1267774444,0.0528721162,0.1526236214,0.00000000
198180.000000,55.0500000000,0.1526046331,0.1502181942,0.1425091662,0.1267637232,0.0528704899,0.1526046331,0.00000000
198240.000000,55.0666666667,0.1525856559,0.1501997331,0.1424923310,0.1267500097,0.0528688652,0.1525856559,0.00000000
198300.000000,55.0833333333,0.1525666898,0.1501812828,0.1424755054,0.1267363038,0.0528672420,0.1525666898,0.00000000
198360.000000,55.1000000000,0.1525477347,0.1501628432,0.1424586895,0.1267226057,0.0528656203,0.1525477347,0.00000000
198420.000000,55.1166666667,0.1525287907,0.1501444144,0.1424418833,0.1267089152,0.0528640001,0.1525287907,0.00000000
198480.000000,55.1333333333,0.1525098578,0.1501259962,0.1424250867,0.1266952323,0.0528623814,0.1525098578,0.00000000
198540.000000,55.1500000000,0.1524909358,0.1501075888,0.1424082998,0.1266815571,0.0528607643,0.1524909358,0.00000000
198600.000000,55.1666666667,0.1524720250,0.1500891920,0.1423915225,0.1266678896,0.0528591487,0.1524720250,0.00000000
198660.000000,55.1833333333,0.1524531251,0.1500708060,0.1423747548,0.1266542296,0.0528575346,0.1524531251,0.00000000
198720.000000,55.2000000000,0.1524342363,0.1500524306,0.1423579967,0.1266405773,0.0528559220,0.1524342363,0.00000000
198780.000000,55.2166666667,0.1524153584,0.1500340658,0.1423412482,0.1266269327,0.0528543109,0.1524153584,0.00000000
198840.000000,55.2333333333,0.1523964916,0.1500157117,0.1423245093,0.1266132956,0.0528527013,0.1523964916,0.00000000
198900.000000,55.2500000000,0.1523776357,0.1499973683,0.1423077800,0.1265996661,0.0528510932,0.1523776357,0.00000000
198960.000000,55.2666666667,0.1523587908,0.1499790354,0.1422910602,0.1265860443,0.0528494866,0.1523587908,0.00000000
199020.000000,55.2833333333,0.1523399568,0.1499607132,0.1422743501,0.1265724300,0.0528478816,0.1523399568,0.00000000
199080.000000,55.3000000000,0.1523211338,0.1499424016,0.1422576495,0.1265588234,0.0528462780,0.1523211338,0.00000000
199140.000000,55.3166666667,0.1523023217,0.1499241006,0.1422409584,0.1265452243,0.0528446759,0.1523023217,0.00000000
199200.000000,55.3333333333,0.1522835206,0.1499058102,0.1422242769,0.1265316327,0.0528430753,0.1522835206,0.00000000
199260.000000,55.3500000000,0.1522647303,0.1498875304,0.1422076049,0.1265180488,0.0528414762,0.1522647303,0.00000000
199320.000000,55.3666666667,0.1522459510,0.1498692611,0.1421909424,0.1265044724,0.0528398786,0.1522459510,0.00000000
199380.000000,55.3833333333,0.1522271826,0.1498510024,0.1421742894,0.1264909035,0.0528382825,0.1522271826,0.00000000
199440.000000,55.4000000000,0.1522084250,0.1498327542,0.1421576459,0.1264773422,0.0528366879,0.1522084250,0.00000000
199500.000000,55.4166666667,0.1521896783,0.1498145166,0.1421410120,0.1264637884,0.0528350948,0.1521896783,0.00000000
199560.000000,55.4333333333,0.1521709425,0.1497962895,0.1421243875,0.1264502422,0.0528335031,0.1521709425,0.00000000
199620.000000,55.4500000000,0.1521522176,0.1497780730,0.1421077725,0.1264367034,0.0528319129,0.1521522176,0.00000000
199680.000000,55.4666666667,0.1521335034,0.1497598669,0.1420911669,0.1264231722,0.0528303242,0.1521335034,0.00000000
199740.000000,55.4833333333,0.1521148001,0.1497416713,0.1420745708,0.1264096485,0.0528287370,0.1521148001,0.00000000
199800.000000,55.5000000000,0.1520961077,0.1497234862,0.1420579842,0.1263961323,0.0528271513,0.1520961077,0.00000000
199860.000000,55.5166666667,0.1520774260,0.1497053116,0.1420414070,0.1263826236,0.0528255670,0.1520774260,0.00000000
199920.000000,55.5333333333,0.1520587552,0.1496871475,0.1420248392,0.1263691224,0.0528239842,0.1520587552,0.00000000
199980.000000,55.5500000000,0.1520400951,0.1496689938,0.1420082809,0.1263556287,0.0528224029,0.1520400951,0.00000000
200040.000000,55.5666666667,0.1520214458,0.1496508506,0.1419917320,0.1263421424,0.0528208231,0.1520214458,0.00000000
200100.000000,55.5833333333,0.1520028073,0.1496327178,0.1419751924,0.1263286636,0.0528192447,0.1520028073,0.00000000
200160.000000,55.6000000000,0.1519841795,0.1496145955,0.1419586623,0.1263151923,0.0528176678,0.1519841795,0.00000000
200220.000000,55.6166666667,0.1519655625,0.1495964835,0.1419421415,0.1263017284,0.0528160923,0.1519655625,0.00000000
200280.000000,55.6333333333,0.1519469563,0.1495783820,0.1419256302,0.1262882720,0.0528145183,0.1519469563,0.00000000
200340.000000,55.6500000000,0.1519283607,0.1495602908,0.1419091282,0.1262748230,0.0528129458,0.1519283607,0.00000000
200400.000000,55.6666666667,0.1519097759,0.1495422101,0.1418926355,0.1262613814,0.0528113747,0.1519097759,0.00000000
200460.000000,55.6833333333,0.1518912018,0.1495241397,0.1418761523,0.1262479473,0.0528098051,0.1518912018,0.00000000
200520.000000,55.7000000000,0.1518726384,0.1495060797,0.1418596783,0.1262345206,0.0528082369,0.1518726384,0.00000000
200580.000000,55.7166666667,0.1518540857,0.1494880301,0.1418432137,0.1262211013,0.0528066702,0.1518540857,0.00000000
200640.000000,55.7333333333,0.1518355436,0.1494699908,0.1418267584,0.1262076894,0.0528051049,0.1518355436,0.00000000
200700.000000,55.7500000000,0.1518170123,0.1494519619,0.1418103124,0.1261942849,0.0528035411,0.1518170123,0.00000000
200760.000000,55.7666666667,0.1517984916,0.1494339433,0.1417938758,0.1261808878,0.0528019787,0.1517984916,0.00000000
200820.000000,55.7833333333,0.1517799815,0.1494159350,0.1417774484,0.1261674980,0.0528004178,0.1517799815,0.00000000
200880.000000,55.8000000000,0.1517614821,0.1493979370,0.1417610303,0.1261541157,0.0527988583,0.1517614821,0.00000000
200940.000000,55.8166666667,0.1517429933,0.1493799493,0.1417446216,0.1261407407,0.0527973002,0.1517429933,0.00000000
201000.000000,55.8333333333,0.1517245151,0.1493619719,0.1417282220,0.1261273731,0.0527957436,0.1517245151,0.00000000
201060.000000,55.8500000000,0.1517060475,0.1493440048,0.1417118318,0.1261140129,0.0527941884,0.1517060475,0.00000000
201120.000000,55.8666666667,0.1516875905,0.1493260480,0.1416954508,0.1261006600,0.0527926347,0.1516875905,0.00000000
201180.000000,55.8833333333,0.1516691441,0.1493081014,0.1416790790,0.1260873144,0.0527910824,0.1516691441,0.00000000
201240.000000,55.9000000000,0.1516507083,0.1492901651,0.1416627165,0.1260739762,0.0527895315,0.1516507083,0.00000000
201300.000000,55.9166666667,0.1516322831,0.1492722390,0.1416463633,0.1260606453,0.0527879821,0.1516322831,0.00000000
201360.000000,55.9333333333,0.1516138684,0.1492543231,0.1416300192,0.1260473217,0.0527864340,0.1516138684,0.00000000
201420.000000,55.9500000000,0.1515954643,0.1492364175,0.1416136843,0.1260340055,0.0527848875,0.1515954643,0.00000000
201480.000000,55.9666666667,0.1515770707,0.1492185221,0.1415973587,0.1260206966,0.0527833423,0.1515770707,0.00000000
201540.000000,55.9833333333,0.1515586876,0.1492006369,0.1415810423,0.1260073949,0.0527817985,0.1515586876,0.00000000
201600.000000,56.0000000000,0.1515403151,0.1491827619,0.1415647350,0.1259941006,0.0527802562,0.1515403151,0.00000000
201660.000000,56.0166666667,0.1515219530,0.1491648971,0.1415484369,0.1259808136,0.0527787153,0.1515219530,0.00000000
201720.000000,56.0333333333,0.1515036015,0.1491470424,0.1415321480,0.1259675338,0.0527771758,0.1515036015,0.00000000
201780.000000,56.0500000000,0.1514852604,0.1491291980,0.1415158682,0.1259542613,0.0527756377,0.1514852604,0.00000000
201840.000000,56.0666666667,0.1514669298,0.1491113636,0.1414995976,0.1259409961,0.0527741011,0.1514669298,0.00000000
201900.000000,56.0833333333,0.1514486097,0.1490935395,0.1414833362,0.1259277382,0.0527725658,0.1514486097,0.00000000
201960.000000,56.1000000000,0.1514303001,0.1490757254,0.1414670839,0.1259144875,0.0527710320,0.1514303001,0.00000000
202020.000000,56.1166666667,0.1514120009,0.1490579215,0.1414508407,0.1259012441,0.0527694995,0.1514120009,0.00000000
202080.000000,56.1333333333,0.1513937121,0.1490401277,0.1414346066,0.1258880079,0.0527679685,0.1513937121,0.00000000
202140.000000,56.1500000000,0.1513754338,0.1490223440,0.1414183816,0.1258747789,0.0527664389,0.1513754338,0.00000000
202200.000000,56.1666666667,0.1513571659,0.1490045705,0.1414021658,0.1258615572,0.0527649107,0.1513571659,0.00000000
202260.000000,56.1833333333,0.1513389084,0.1489868070,0.1413859590,0.1258483427,0.0527633838,0.1513389084,0.00000000
202320.000000,56.2000000000,0.1513206613,0.1489690536,0.1413697613,0.1258351354,0.0527618584,0.1513206613,0.00000000
202380.000000,56.2166666667,0.1513024246,0.1489513102,0.1413535727,0.1258219354,0.0527603344,0.1513024246,0.00000000
202440.000000,56.2333333333,0.1512841982,0.1489335769,0.1413373932,0.1258087425,0.0527588118,0.1512841982,0.00000000
202500.000000,56.2500000000,0.1512659823,0.1489158537,0.1413212227,0.1257955568,0.0527572905,0.1512659823,0.00000000
202560.000000,56.2666666667,0.1512477767,0.1488981405,0.1413050613,0.1257823784,0.0527557707,0.1512477767,0.00000000
202620.000000,56.2833333333,0.1512295814,0.1488804374,0.1412889089,0.1257692071,0.0527542522,0.1512295814,0.00000000
202680.000000,56.3000000000,0.1512113965,0.1488627443,0.1412727656,0.1257560430,0.0527527352,0.1512113965,0.00000000
202740.000000,56.3166666667,0.1511932220,0.1488450611,0.1412566312,0.1257428860,0.0527512195,0.1511932220,0.00000000
202800.000000,56.3333333333,0.1511750577,0.1488273880,0.1412405059,0.1257297363,0.0527497052,0.1511750577,0.00000000
202860.000000,56.3500000000,0.1511569038,0.1488097249,0.1412243896,0.1257165937,0.0527481923,0.1511569038,0.00000000
202920.000000,56.3666666667,0.1511387601,0.1487920718,0.1412082824,0.1257034582,0.0527466808,0.1511387601,0.00000000
202980.000000,56.3833333333,0.1511206268,0.1487744287,0.1411921841,0.1256903299,0.0527451706,0.1511206268,0.00000000
203040.000000,56.4000000000,0.1511025038,0.1487567955,0.1411760947,0.1256772087,0.0527436618,0.1511025038,0.00000000
203100.000000,56.4166666667,0.1510843910,0.1487391723,0.1411600144,0.1256640947,0.0527421544,0.1510843910,0.00000000
203160.000000,56.4333333333,0.1510662885,0.1487215590,0.1411439430,0.1256509878,0.0527406484,0.1510662885,0.00000000
203220.000000,56.4500000000,0.1510481962,0.1487039557,0.1411278806,0.1256378880,0.0527391438,0.1510481962,0.00000000
203280.000000,56.4666666667,0.1510301142,0.1486863623,0.1411118272,0.1256247953,0.0527376405,0.1510301142,0.00000000
203340.000000,56.4833333333,0.1510120424,0.1486687789,0.1410957826,0.1256117098,0.0527361386,0.1510120424,0.00000000
203400.000000,56.5000000000,0.1509939808,0.1486512053,0.1410797471,0.1255986313,0.0527346380,0.1509939808,0.00000000
203460.000000,56.5166666667,0.1509759295,0.1486336416,0.1410637204,0.1255855599,0.0527331388,0.1509759295,0.00000000
203520.000000,56.5333333333,0.1509578884,0.1486160879,0.1410477027,0.1255724956,0.0527316410,0.1509578884,0.00000000
203580.000000,56.5500000000,0.1509398575,0.1485985440,0.1410316938,0.1255594384,0.0527301446,0.1509398575,0.00000000
203640.000000,56.5666666667,0.1509218367,0.1485810100,0.1410156939,0.1255463883,0.0527286495,0.1509218367,0.00000000
203700.000000,56.5833333333,0.1509038262,0.1485634859,0.1409997029,0.1255333453,0.0527271558,0.1509038262,0.00000000
203760.000000,56.6000000000,0.1508858258,0.1485459716,0.1409837207,0.1255203093,0.0527256634,0.1508858258,0.00000000
203820.000000,56.6166666667,0.1508678355,0.1485284672,0.1409677475,0.1255072803,0.0527241724,0.1508678355,0.00000000
203880.000000,56.6333333333,0.1508498554,0.1485109726,0.1409517831,0.1254942584,0.0527226827,0.1508498554,0.00000000
203940.000000,56.6500000000,0.1508318855,0.1484934879,0.1409358275,0.1254812436,0.0527211944,0.1508318855,0.00000000
204000.000000,56.6666666667,0.1508139257,0.1484760129,0.1409198809,0.1254682358,0.0527197074,0.1508139257,0.00000000
204060.000000,56.6833333333,0.1507959760,0.1484585478,0.1409039430,0.1254552350,0.0527182218,0.1507959760,0.00000000
204120.000000,56.7000000000,0.1507780364,0.1484410925,0.1408880140,0.1254422413,0.0527167375,0.1507780364,0.00000000
204180.000000,56.7166666667,0.1507601070,0.1484236470,0.1408720939,0.1254292545,0.0527152546,0.1507601070,0.00000000
204240.000000,56.7333333333,0.1507421876,0.1484062112,0.1408561825,0.1254162748,0.0527137730,0.1507421876,0.00000000
204300.000000,56.7500000000,0.1507242783,0.1483887853,0.1408402800,0.1254033021,0.0527122928,0.1507242783,0.00000000
204360.000000,56.7666666667,0.1507063791,0.1483713691,0.1408243862,0.1253903364,0.0527108139,0.1507063791,0.00000000
204420.000000,56.7833333333,0.1506884899,0.1483539627,0.1408085013,0.1253773777,0.0527093363,0.1506884899,0.00000000
204480.000000,56.8000000000,0.1506706108,0.1483365660,0.1407926252,0.1253644259,0.0527078601,0.1506706108,0.00000000
204540.000000,56.8166666667,0.1506527418,0.1483191790,0.1407767578,0.1253514812,0.0527063852,0.1506527418,0.00000000
204600.000000,56.8333333333,0.1506348828,0.1483018018,0.1407608992,0.1253385434,0.0527049117,0.1506348828,0.00000000
204660.000000,56.8500000000,0.1506170338,0.1482844343,0.1407450494,0.1253256126,0.0527034395,0.1506170338,0.00000000
204720.000000,56.8666666667,0.1505991949,0.1482670765,0.1407292083,0.1253126887,0.0527019686,0.1505991949,0.00000000
204780.000000,56.8833333333,0.1505813659,0.1482497285,0.1407133760,0.1252997718,0.0527004990,0.1505813659,0.00000000
204840.000000,56.9000000000,0.1505635470,0.1482323901,0.1406975524,0.1252868619,0.0526990308,0.1505635470,0.00000000
204900.000000,56.9166666667,0.1505457380,0.1482150614,0.1406817375,0.1252739589,0.0526975639,0.1505457380,0.00000000
204960.000000,56.9333333333,0.1505279390,0.1481977424,0.1406659314,0.1252610628,0.0526960983,0.1505279390,0.00000000
205020.000000,56.9500000000,0.1505101500,0.1481804330,0.1406501340,0.1252481737,0.0526946340,0.1505101500,0.00000000
205080.000000,56.9666666667,0.1504923710,0.1481631333,0.1406343453,0.1252352915,0.0526931711,0.1504923710,0.00000000
205140.000000,56.9833333333,0.1504746019,0.1481458433,0.1406185653,0.1252224162,0.0526917094,0.1504746019,0.00000000
205200.000000,57.0000000000,0.1504568428,0.1481285629,0.1406027940,0.1252095478,0.0526902491,0.1504568428,0.00000000
205260.000000,57.0166666667,0.1504390936,0.1481112921,0.1405870313,0.1251966863,0.0526887901,0.1504390936,0.00000000
205320.000000,57.0333333333,0.1504213543,0.1480940310,0.1405712774,0.1251838318,0.0526873324,0.1504213543,0.00000000
205380.000000,57.0500000000,0.1504036250,0.1480767795,0.1405555321,0.1251709841,0.0526858761,0.1504036250,0.00000000
205440.000000,57.0666666667,0.1503859055,0.1480595376,0.1405397955,0.1251581433,0.0526844210,0.1503859055,0.00000000
205500.000000,57.0833333333,0.1503681960,0.1480423052,0.1405240675,0.1251453094,0.0526829673,0.1503681960,0.00000000
205560.000000,57.1000000000,0.1503504963,0.1480250825,0.1405083482,0.1251324823,0.0526815148,0.1503504963,0.00000000
205620.000000,57.1166666667,0.1503328066,0.1480078693,0.1404926375,0.1251196622,0.0526800637,0.1503328066,0.00000000
205680.000000,57.1333333333,0.1503151267,0.1479906658,0.1404769355,0.1251068489,0.0526786138,0.1503151267,0.00000000
205740.000000,57.1500000000,0.1502974566,0.1479734717,0.1404612420,0.1250940424,0.0526771653,0.1502974566,0.00000000
205800.000000,57.1666666667,0.1502797965,0.1479562873,0.1404455572,0.1250812428,0.0526757181,0.1502797965,0.00000000
205860.000000,57.1833333333,0.1502621461,0.1479391124,0.1404298810,0.1250684501,0.0526742722,0.1502621461,0.00000000
205920.000000,57.2000000000,0.1502445056,0.1479219470,0.1404142134,0.1250556641,0.0526728275,0.1502445056,0.00000000
205980.000000,57.2166666667,0.1502268750,0.1479047911,0.1403985544,0.1250428851,0.0526713842,0.1502268750,0.00000000
206040.000000,57.2333333333,0.1502092541,0.1478876448,0.1403829039,0.1250301128,0.0526699421,0.1502092541,0.00000000
206100.000000,57.2500000000,0.1501916431,0.1478705079,0.1403672620,0.1250173474,0.0526685014,0.1501916431,0.00000000
206160.000000,57.2666666667,0.1501740418,0.1478533806,0.1403516287,0.1250045887,0.0526670619,0.1501740418,0.00000000
206220.000000,57.2833333333,0.1501564504,0.1478362628,0.1403360040,0.1249918369,0.0526656237,0.1501564504,0.00000000
206280.000000,57.3000000000,0.1501388687,0.1478191544,0.1403203878,0.1249790919,0.0526641869,0.1501388687,0.00000000
206340.000000,57.3166666667,0.1501212968,0.1478020555,0.1403047802,0.1249663537,0.0526627513,0.1501212968,0.00000000
206400.000000,57.3333333333,0.1501037347,0.1477849661,0.1402891811,0.1249536223,0.0526613169,0.1501037347,0.00000000
206460.000000,57.3500000000,0.1500861823,0.1477678862,0.1402735905,0.1249408976,0.0526598839,0.1500861823,0.00000000
206520.000000,57.3666666667,0.1500686397,0.1477508157,0.1402580084,0.1249281798,0.0526584522,0.1500686397,0.00000000
206580.000000,57.3833333333,0.1500511068,0.1477337546,0.1402424349,0.1249154687,0.0526570217,0.1500511068,0.00000000
206640.000000,57.4000000000,0.1500335837,0.1477167030,0.1402268698,0.1249027643,0.0526555925,0.1500335837,0.00000000
206700.000000,57.4166666667,0.1500160702,0.1476996608,0.1402113133,0.1248900668,0.0526541646,0.1500160702,0.00000000
206756.000000,57.4322222222,0.1499997331,0.1476837632,0.1401968015,0.1248782218,0.0526528330,0.1499997331,0.00000000
